datetime,legacy_account,fixed_account,delta_account,legacy_cash,fixed_cash,delta_cash,legacy_value,fixed_value,delta_value,legacy_return,fixed_return,delta_return,legacy_cost,fixed_cost,delta_cost,legacy_total_cost,fixed_total_cost,delta_total_cost,legacy_total_turnover,fixed_total_turnover,delta_total_turnover,legacy_net_return,fixed_net_return,delta_net_return
2025-01-02,98452287.85195285,98452287.85195285,0.0,4968606.4602016285,4968606.4602016285,0.0,93483681.39175121,93483681.39175123,1.4901161193847656e-08,-0.015002201972526472,-0.015002201972526472,0.0,0.00047491950794501946,0.00047491950794501946,0.0,47491.95079450194,47491.95079450194,0.0,94983901.58900388,94983901.58900388,0.0,-0.015477121480471492,-0.015477121480471492,0.0
2025-01-03,96633793.73214592,96633793.73214594,1.4901161193847656e-08,697726.9911954971,697726.9911954971,0.0,95936066.74095042,95936066.74095044,1.4901161193847656e-08,-0.01826493719408604,-0.01826493719408589,1.491862189340054e-16,0.000205879071164007,0.000205879071164007,0.0,67761.21637143345,67761.21637143345,0.0,117378472.26764998,117378472.26764998,0.0,-0.01847081626525005,-0.0184708162652499,1.491862189340054e-16
2025-01-06,96408429.00864427,96408429.00864427,0.0,492729.50121799577,492729.50121799577,0.0,95915699.50742628,95915699.50742628,0.0,-0.0021399476751267116,-0.002139947675126865,-1.5352302762394743e-16,0.00019220461650667928,0.00019220461650667925,-2.710505431213761e-20,86334.6776373061,86334.6776373061,0.0,136045145.54787844,136045145.54787844,0.0,-0.0023321522916333907,-0.0023321522916335442,-1.5352302762394743e-16
2025-01-07,96393127.98243667,96393127.98243669,1.4901161193847656e-08,479495.6984384749,479495.6984384749,0.0,95913632.28399819,95913632.2839982,1.4901161193847656e-08,3.15456706245482e-05,3.154567062470276e-05,1.545597959513867e-16,0.00019025613157629888,0.00019025613157629888,0.0,104676.972391839,104676.972391839,0.0,154384886.0564238,154384886.0564238,0.0,-0.00015871046095175068,-0.00015871046095159612,1.5455301968780866e-16
2025-01-08,95862901.37877347,95862901.37877348,1.4901161193847656e-08,463302.16205743235,463302.16205743235,0.0,95399599.21671604,95399599.21671605,1.4901161193847656e-08,-0.005317250559439427,-0.005317250559439426,8.673617379884035e-19,0.00018341753548759034,0.00018341753548759031,-2.710505431213761e-20,122357.16236431741,122357.16236431741,0.0,172064332.70210648,172064332.70210648,0.0,-0.005500668094927017,-0.005500668094927016,8.673617379884035e-19
2025-01-09,95723420.61384657,95723420.61384656,-1.4901161193847656e-08,473503.6858129436,473503.6858129436,0.0,95249916.92803362,95249916.9280336,-1.4901161193847656e-08,-0.001265616586154311,-0.0012656165861546218,-3.1073234263434557e-16,0.00018938595310515847,0.00018938595310515844,-2.710505431213761e-20,140512.24930936223,140512.24930936223,0.0,190205241.34180105,190205241.34180105,0.0,-0.0014550025392594695,-0.0014550025392597802,-3.1073234263434557e-16
2025-01-10,93082860.47390386,93082860.47390388,1.4901161193847656e-08,484667.7168907579,484667.7168907579,0.0,92598192.75701311,92598192.75701313,1.4901161193847656e-08,-0.027391046807286188,-0.027391046807285883,3.0531133177191805e-16,0.00019426223212713824,0.00019426223212713826,2.710505431213761e-20,159107.69466465298,159107.69466465298,0.0,208785806.95887524,208785806.95887524,0.0,-0.027585309039413326,-0.02758530903941302,3.0531133177191805e-16
2025-01-13,94293985.21242918,94293985.2124292,1.4901161193847656e-08,450364.023465774,450364.023465774,0.0,93843621.18896341,93843621.18896343,1.4901161193847656e-08,0.013196082456202352,0.013196082456202348,-3.469446951953614e-18,0.00018482847927005092,0.0001848284792700509,-2.710505431213761e-20,176312.05821215097,176312.05821215097,0.0,225998720.17131194,225998720.17131194,0.0,0.013011253976932301,0.013011253976932298,-3.469446951953614e-18
2025-01-14,99520434.98982452,99520434.98982452,0.0,573557.2638377948,573557.2638377948,0.0,98946877.72598672,98946877.72598672,0.0,0.055662415593875456,0.05566241559387529,-1.6653345369377348e-16,0.00023523468068160908,0.00023523468068160902,-5.421010862427522e-20,198493.2737137931,198493.2737137931,0.0,248107248.44501722,248107248.44501722,0.0,0.055427180913193846,0.05542718091319368,-1.6653345369377348e-16
2025-01-15,98570347.54226208,98570347.54226209,1.4901161193847656e-08,522099.76610825025,522099.76610825025,0.0,98048247.77615383,98048247.77615385,1.4901161193847656e-08,-0.009346590938551594,-0.009346590938551445,1.491862189340054e-16,0.0002000659632151949,0.0002000659632151949,0.0,218403.92539962754,218403.92539962754,0.0,268033673.55387348,268033673.55387348,0.0,-0.009546656901766789,-0.00954665690176664,1.491862189340054e-16
2025-01-16,98875602.25402185,98875602.25402185,0.0,538997.0598919615,538997.0598919615,0.0,98336605.1941299,98336605.19412988,-1.4901161193847656e-08,0.0033058311133751447,0.003305831113374993,-1.5178830414797062e-16,0.00020901021976007644,0.0002090102197600764,-2.710505431213761e-20,239006.13540126284,239006.13540126284,0.0,288617133.8036161,288617133.8036161,0.0,0.0030968208936150684,0.0030968208936149166,-1.5178830414797062e-16
2025-01-17,98012950.79025745,98012950.7902575,4.470348358154297e-08,561569.71265986,561569.71265986,0.0,97451381.07759759,97451381.07759763,4.470348358154297e-08,-0.008506588618833842,-0.008506588618833391,4.510281037539698e-16,0.00021802538198060183,0.00021802538198060183,0.0,260563.526351258,260563.526351258,0.0,310152459.73175234,310152459.73175234,0.0,-0.008724614000814444,-0.008724614000813993,4.510281037539698e-16
2025-01-20,98433984.87049139,98433984.87049137,-1.4901161193847656e-08,482292.80236882064,482292.80236882064,0.0,97951692.06812257,97951692.06812255,-1.4901161193847656e-08,0.004482887022790371,0.004482887022789761,-6.097553018058477e-16,0.00018718857846006722,0.00018718857846006712,-1.0842021724855044e-19,278910.4312803628,278910.4312803628,0.0,328529829.6635382,328529829.6635382,0.0,0.004295698444330303,0.004295698444329694,-6.088879400678593e-16
2025-01-21,97489817.84669773,97489817.84669773,0.0,605219.9860249003,605219.9860249003,0.0,96884597.86067283,96884597.86067283,0.0,-0.009354279740502146,-0.009354279740501995,1.5092094240998222e-16,0.00023760079786967612,0.00023760079786967615,2.710505431213761e-20,302298.4246230832,302298.4246230832,0.0,351844665.4177592,351844665.4177592,0.0,-0.009591880538371822,-0.00959188053837167,1.5092094240998222e-16
2025-01-22,96262508.02630085,96262508.02630085,0.0,529976.2732313359,529976.2732313359,0.0,95732531.7530695,95732531.7530695,0.0,-0.01238329514364271,-0.01238329514364271,0.0,0.0002058125960683646,0.0002058125960683646,0.0,322363.05712434405,322363.05712434405,0.0,371936887.45916617,371936887.45916617,0.0,-0.012589107739711074,-0.012589107739711074,0.0
2025-01-23,95320654.19645864,95320654.19645865,1.4901161193847656e-08,507628.9611151973,507628.9611151973,0.0,94813025.23534344,94813025.23534346,1.4901161193847656e-08,-0.009583075415645598,-0.009583075415645442,1.5612511283791264e-16,0.00020114742617851632,0.00020114742617851632,0.0,341726.01285132323,341726.01285132323,0.0,391301335.36433995,391301335.36433995,0.0,-0.009784222841824114,-0.009784222841823958,1.5612511283791264e-16
2025-01-24,96119421.1815001,96119421.18150009,-1.4901161193847656e-08,490843.52043249365,490843.52043249365,0.0,95628577.66106762,95628577.6610676,-1.4901161193847656e-08,0.00857657147365321,0.008576571473652896,-3.139849491518021e-16,0.00019678231069606884,0.0001967823106960688,-2.710505431213761e-20,360483.4314411633,360483.4314411633,0.0,410057767.9652265,410057767.9652265,0.0,0.008379789162957141,0.008379789162956827,-3.139849491518021e-16
2025-01-27,95183325.49444544,95183325.49444544,0.0,505128.45394828264,505128.45394828264,0.0,94678197.04049715,94678197.04049715,0.0,-0.009537161880422654,-0.009537161880422501,1.5265566588595902e-16,0.0002017199766273979,0.00020171997662739793,2.710505431213761e-20,379872.6388353345,379872.6388353345,0.0,429430138.28894275,429430138.28894275,0.0,-0.009738881857050052,-0.0097388818570499,1.5265566588595902e-16
2025-02-05,95408467.0730784,95408467.0730784,0.0,423924.7287316681,423924.7287316681,0.0,94984542.34434673,94984542.34434673,0.0,0.002534611127759453,0.002534611127759453,0.0,0.00016926428298999583,0.00016926428298999583,0.0,395983.7761777552,395983.7761777552,0.0,445573821.92530054,445573821.92530054,0.0,0.0023653468447694575,0.0023653468447694575,0.0
2025-02-06,97454056.7719837,97454056.7719837,0.0,504709.0072731683,504709.0072731683,0.0,96949347.76471053,96949347.76471053,0.0,0.02164439597488951,0.02164439597488951,0.0,0.00020405884696480985,0.00020405884696480985,0.0,415452.7179593676,415452.7179593676,0.0,464992637.09675133,464992637.09675133,0.0,0.0214403371279247,0.0214403371279247,0.0
2025-02-07,99217520.25918764,99217520.25918761,-2.9802322387695312e-08,550946.3980518412,550946.3980518412,0.0,98666573.8611358,98666573.86113577,-2.9802322387695312e-08,0.01831170455316115,0.01831170455316084,-3.0878077872387166e-16,0.00021637280796791132,0.00021637280796791132,0.0,436539.12587098597,436539.12587098597,0.0,486045383.1090245,486045383.1090245,0.0,0.01809533174519324,0.01809533174519293,-3.0878077872387166e-16
2025-02-10,100660001.46435565,100660001.46435563,-1.4901161193847656e-08,533893.4358123811,533893.4358123811,0.0,100126108.02854326,100126108.02854325,-1.4901161193847656e-08,0.014744477399522683,0.014744477399522837,1.5439038936193583e-16,0.00020590395604425053,0.00020590395604425059,5.421010862427522e-20,456968.4058012533,456968.4058012533,0.0,506472974.88044643,506472974.88044643,0.0,0.014538573443478432,0.014538573443478586,1.5439038936193583e-16
2025-02-11,100148179.04369758,100148179.0436976,1.4901161193847656e-08,512561.71976425406,512561.71976425406,0.0,99635617.32393333,99635617.32393335,1.4901161193847656e-08,-0.00489157481813318,-0.004891574818132885,2.949029909160572e-16,0.00019309052274014035,0.00019309052274014038,2.710505431213761e-20,476404.898103029,476404.898103029,0.0,525910414.7940954,525910414.7940954,0.0,-0.00508466534087332,-0.0050846653408730255,2.949029909160572e-16
2025-02-12,101162302.889628,101162302.88962802,2.9802322387695312e-08,565454.8990841182,565454.8990841182,0.0,100596847.99054387,100596847.9905439,2.9802322387695312e-08,0.010343544525043522,0.01034354452504367,1.474514954580286e-16,0.00021731102170722476,0.00021731102170722473,-2.710505431213761e-20,498168.201213133,498168.201213133,0.0,547636389.6629844,547636389.6629844,0.0,0.010126233503336298,0.010126233503336446,1.474514954580286e-16
2025-02-13,100510452.81915219,100510452.81915219,0.0,537679.5408117594,537679.5408117594,0.0,99972773.27834043,99972773.27834043,0.0,-0.006240906889214347,-0.00624090688921464,-2.931682674400804e-16,0.0002026995912252654,0.00020269959122526534,-5.421010862427522e-20,518673.7586562671,518673.7586562671,0.0,568145582.006533,568145582.006533,0.0,-0.006443606480439613,-0.006443606480439906,-2.931682674400804e-16
2025-02-14,101012411.69485176,101012411.69485177,1.4901161193847656e-08,549212.735022259,549212.735022259,0.0,100463198.9598295,100463198.95982951,1.4901161193847656e-08,0.005202980076342258,0.005202980076342407,1.48318857196017e-16,0.00020888382445553969,0.00020888382445553969,0.0,539668.7664388897,539668.7664388897,0.0,589124325.688159,589124325.688159,0.0,0.004994096251886719,0.004994096251886867,1.48318857196017e-16
2025-02-17,101340647.50757852,101340647.50757852,0.0,579558.7399894986,579558.7399894986,0.0,100761088.76758902,100761088.76758902,0.0,0.0034695217233684937,0.003469521723368346,-1.478851763270228e-16,0.00022006151130729738,0.00022006151130729733,-5.421010862427522e-20,561897.7104172537,561897.7104172537,0.0,611326982.1920501,611326982.1920501,0.0,0.0032494602120611963,0.0032494602120610484,-1.478851763270228e-16
2025-02-18,99808197.3429623,99808197.34296228,-1.4901161193847656e-08,499325.9722492844,499325.9722492844,0.0,99308871.37071301,99308871.370713,-1.4901161193847656e-08,-0.01493408076705552,-0.014934080767055668,-1.474514954580286e-16,0.0001876912198624279,0.0001876912198624279,0.0,580918.4601695994,580918.4601695994,0.0,630378337.9533899,630378337.9533899,0.0,-0.015121771986917948,-0.015121771986918095,-1.474514954580286e-16
2025-02-19,101018334.14503676,101018334.14503676,0.0,521013.8222535532,521013.8222535532,0.0,100497320.3227832,100497320.3227832,0.0,0.01232403298881145,0.0123240329888116,1.5092094240998222e-16,0.0001994096182863449,0.00019940961828634492,2.710505431213761e-20,600821.1747036077,600821.1747036077,0.0,650260257.2051291,650260257.2051291,0.0,0.012124623370525105,0.012124623370525256,1.5092094240998222e-16
2025-02-20,101073873.90785168,101073873.90785167,-1.4901161193847656e-08,548237.3187441844,548237.3187441844,0.0,100525636.5891075,100525636.58910748,-1.4901161193847656e-08,0.0007573885094231756,0.0007573885094230281,-1.4755991567527715e-16,0.00020758967057890127,0.00020758967057890127,0.0,621791.5374112052,621791.5374112052,0.0,671206522.9831277,671206522.9831277,0.0,0.0005497988388442744,0.0005497988388441268,-1.476683358925257e-16
2025-02-21,103418388.34087469,103418388.34087469,0.0,6042974.967647711,6042974.967647711,0.0,97375413.37322697,97375413.37322697,0.0,0.02338607329638996,0.02338607329639011,1.491862189340054e-16,0.00019002527353014032,0.00019002527353014035,2.710505431213761e-20,640998.1279472957,640998.1279472957,0.0,687656141.3994983,687656141.3994983,0.0,0.023196048022859822,0.02319604802285997,1.491862189340054e-16
2025-02-24,103426488.99910913,103426488.99910913,0.0,832137.3587157829,832137.3587157829,0.0,102594351.64039335,102594351.64039335,0.0,0.00031086325280037735,0.00031086325280037735,0.0,0.000232534259626099,0.000232534259626099,0.0,665046.4463118654,665046.4463118654,0.0,714297854.4093517,714297854.4093517,0.0,7.832899317427835e-05,7.832899317427835e-05,0.0
2025-02-25,103050074.1105591,103050074.11055912,1.4901161193847656e-08,548920.262053987,548920.262053987,0.0,102501153.84850512,102501153.84850514,1.4901161193847656e-08,-0.0034404433961431717,-0.0034404433961430277,1.43982048506075e-16,0.00019900034977447676,0.00019900034977447676,0.0,685628.3537986341,685628.3537986341,0.0,735011079.4907079,735011079.4907079,0.0,-0.0036394437459176484,-0.0036394437459175044,1.43982048506075e-16
2025-02-26,105312611.95419964,105312611.95419966,1.4901161193847656e-08,590321.9785138136,590321.9785138136,0.0,104722289.97568583,104722289.97568585,1.4901161193847656e-08,0.022176194777886377,0.022176194777886373,-3.469446951953614e-18,0.0002204818570675896,0.00022048185706758958,-2.710505431213761e-20,708349.025509483,708349.025509483,0.0,757699690.0074712,757699690.0074712,0.0,0.021955712920818788,0.021955712920818785,-3.469446951953614e-18
2025-02-27,105012037.46385515,105012037.46385513,-1.4901161193847656e-08,591188.4660817087,591188.4660817087,0.0,104420848.99777344,104420848.99777342,-1.4901161193847656e-08,-0.002638920884235848,-0.002638920884236131,-2.8275992658421956e-16,0.00021519587126931538,0.00021519587126931535,-2.710505431213761e-20,731011.8647946143,731011.8647946143,0.0,780350764.629176,780350764.629176,0.0,-0.0028541167555051635,-0.0028541167555054463,-2.8275992658421956e-16
2025-02-28,103389519.83987515,103389519.83987516,1.4901161193847656e-08,527567.4145219168,527567.4145219168,0.0,102861952.42535323,102861952.42535324,1.4901161193847656e-08,-0.0152593384382998,-0.015259338438299517,2.8275992658421956e-16,0.00019143904555262727,0.0001914390455526273,2.710505431213761e-20,751115.2690182314,751115.2690182314,0.0,800475927.6764612,800475927.6764612,0.0,-0.015450777483852427,-0.015450777483852145,2.8275992658421956e-16
2025-03-03,104158651.86210819,104158651.86210819,0.0,543708.3304903042,543708.3304903042,0.0,103614943.53161788,103614943.53161788,0.0,0.007641194034414992,0.007641194034414847,-1.448494102440634e-16,0.00020202589218708692,0.0002020258921870869,-2.710505431213761e-20,772002.6290066767,772002.6290066767,0.0,821344773.5269282,821344773.5269282,0.0,0.007439168142227905,0.00743916814222776,-1.448494102440634e-16
2025-03-04,104999782.20321988,104999782.20321989,1.4901161193847656e-08,536730.5364375319,536730.5364375319,0.0,104463051.66678235,104463051.66678236,1.4901161193847656e-08,0.008272059748191573,0.008272059748191717,1.43982048506075e-16,0.0001965871295056925,0.0001965871295056925,0.0,792478.8793894313,792478.8793894313,0.0,841814274.6815178,841814274.6815178,0.0,0.00807547261868588,0.008075472618686024,1.43982048506075e-16
2025-03-05,104886620.18542844,104886620.18542843,-1.4901161193847656e-08,526356.3931372734,526356.3931372734,0.0,104360263.79229116,104360263.79229115,-1.4901161193847656e-08,-0.000886331335805161,-0.0008863313358054447,-2.837357085394565e-16,0.000191404402469208,0.00019140440246920797,-2.710505431213761e-20,812576.2999614356,812576.2999614356,0.0,861906833.614886,861906833.614886,0.0,-0.001077735738274369,-0.0010777357382746526,-2.8362728832220796e-16
2025-03-06,107274866.66781211,107274866.66781211,0.0,531686.2979955599,531686.2979955599,0.0,106743180.36981654,106743180.36981654,0.0,0.022964252746409695,0.02296425274640984,1.457167719820518e-16,0.0001944611546747209,0.00019446115467472091,2.710505431213761e-20,832972.6732326229,832972.6732326229,0.0,882290343.7470087,882290343.7470087,0.0,0.022769791591734975,0.02276979159173512,1.457167719820518e-16
2025-03-07,107120598.24095069,107120598.24095072,2.9802322387695312e-08,635874.9606787264,635874.9606787264,0.0,106484723.28027196,106484723.28027199,2.9802322387695312e-08,-0.001209400608287291,-0.001209400608287013,2.7798943702528334e-16,0.00022866621624793466,0.00022866621624793466,0.0,857502.8110920532,857502.8110920532,0.0,906756122.2061676,906756122.2061676,0.0,-0.0014380668245352257,-0.0014380668245349477,2.7798943702528334e-16
2025-03-10,107545672.03278498,107545672.03278498,0.0,556801.8359669009,556801.8359669009,0.0,106988870.19681808,106988870.19681808,0.0,0.00416617816241148,0.0041661781624112,-2.7929047963226594e-16,0.00019799838359658566,0.0001979983835965856,-5.421010862427522e-20,878712.5163936607,878712.5163936607,0.0,927994759.2174803,927994759.2174803,0.0,0.003968179778814894,0.003968179778814615,-2.7929047963226594e-16
2025-03-11,108171056.83111262,108171056.83111265,2.9802322387695312e-08,517770.0865416061,517770.0865416061,0.0,107653286.74457102,107653286.74457105,2.9802322387695312e-08,0.005998756876373134,0.0059987568763734105,2.7668839441830073e-16,0.0001836944335349599,0.0001836944335349599,0.0,898468.0576968597,898468.0576968597,0.0,947759938.6247404,947759938.6247404,0.0,0.005815062442838174,0.005815062442838451,2.7668839441830073e-16
2025-03-12,107784646.4231338,107784646.42313382,1.4901161193847656e-08,609663.7458781041,609663.7458781041,0.0,107174982.6772557,107174982.67725572,1.4901161193847656e-08,-0.0033549123920868676,-0.0033549123920870046,-1.3704315460216776e-16,0.00021730386703797423,0.00021730386703797418,-5.421010862427522e-20,921974.046647845,921974.046647845,0.0,971208227.7515819,971208227.7515819,0.0,-0.003572216259124842,-0.003572216259124979,-1.3704315460216776e-16
2025-03-13,107021480.85081054,107021480.85081056,1.4901161193847656e-08,516102.6913555898,516102.6913555898,0.0,106505378.15945496,106505378.15945497,1.4901161193847656e-08,-0.006898132532623725,-0.006898132532623724,8.673617379884035e-19,0.0001823339127295209,0.00018233391272952086,-2.710505431213761e-20,941626.8429623429,941626.8429623429,0.0,990897978.1951839,990897978.1951839,0.0,-0.007080466445353246,-0.007080466445353245,8.673617379884035e-19
2025-03-14,108277952.24547721,108277952.24547723,1.4901161193847656e-08,540644.0039679846,540644.0039679846,0.0,107737308.24150923,107737308.24150924,1.4901161193847656e-08,0.0119341723562876,0.011934172356287598,-1.734723475976807e-18,0.00019380598611738414,0.00019380598611738414,0.0,962368.246594377,962368.246594377,0.0,1011616740.4690956,1011616740.4690956,0.0,0.011740366370170216,0.011740366370170214,-1.734723475976807e-18
2025-03-17,108481095.19240607,108481095.19240609,1.4901161193847656e-08,554549.564004844,554549.564004844,0.0,107926545.62840123,107926545.62840125,1.4901161193847656e-08,0.00207065238486209,0.0020706523848620898,-4.336808689942018e-19,0.0001945276270876461,0.00019452762708764608,-2.710505431213761e-20,983431.2997105991,983431.2997105991,0.0,1032662309.2787411,1032662309.2787411,0.0,0.0018761247577744442,0.0018761247577744437,-4.336808689942018e-19
2025-03-18,109513233.39480078,109513233.39480081,2.9802322387695312e-08,591647.9190961672,591647.9190961672,0.0,108921585.47570461,108921585.47570464,2.9802322387695312e-08,0.009723417372189364,0.0097234173721895,1.3530843112619095e-16,0.00020896510228859863,0.0002089651022885986,-2.710505431213761e-20,1006100.0628638595,1006100.0628638595,0.0,1055301188.8728793,1055301188.8728793,0.0,0.009514452269900766,0.009514452269900902,1.3530843112619095e-16
2025-03-19,108931994.896368,108931994.89636803,2.9802322387695312e-08,618576.0558407726,618576.0558407726,0.0,108313418.84052722,108313418.84052725,2.9802322387695312e-08,-0.005090603999444124,-0.005090603999444122,1.734723475976807e-18,0.00021686871791589546,0.0002168687179158954,-5.421010862427522e-20,1029850.0573850141,1029850.0573850141,0.0,1079025844.3284009,1079025844.3284009,0.0,-0.005307472717360019,-0.0053074727173600175,1.734723475976807e-18
2025-03-20,109987571.23506372,109987571.2350637,-1.4901161193847656e-08,587048.2765646912,587048.2765646912,0.0,109400522.95849903,109400522.95849901,-1.4901161193847656e-08,0.009896265477258309,0.009896265477257896,-4.128641872824801e-16,0.00020603314744613505,0.000206033147446135,-5.421010862427522e-20,1052293.6591510992,1052293.6591510992,0.0,1101473988.1832411,1101473988.1832411,0.0,0.009690232329812174,0.009690232329811761,-4.128641872824801e-16
2025-03-21,108783965.80430284,108783965.80430286,1.4901161193847656e-08,622270.4551731078,622270.4551731078,0.0,108161695.34912974,108161695.34912975,1.4901161193847656e-08,-0.010725589252299026,-0.010725589252298755,2.706168622523819e-16,0.00021751474795704545,0.00021751474795704548,2.710505431213761e-20,1076217.5779867016,1076217.5779867016,0.0,1125368333.9701214,1125368333.9701214,0.0,-0.010943104000256072,-0.010943104000255801,2.706168622523819e-16
2025-03-24,108598012.99969426,108598012.99969427,1.4901161193847656e-08,587684.9320338722,587684.9320338722,0.0,108010328.06766039,108010328.0676604,1.4901161193847656e-08,-0.0015026083753962418,-0.0015026083753962415,2.168404344971009e-19,0.0002067685831814927,0.00020676858318149268,-2.710505431213761e-20,1098710.6844689213,1098710.6844689213,0.0,1147867486.6606698,1147867486.6606698,0.0,-0.0017093769585777344,-0.0017093769585777342,2.168404344971009e-19
2025-03-25,109563313.22206266,109563313.22206266,0.0,547767.7949949149,547767.7949949149,0.0,109015545.42706774,109015545.42706774,0.0,0.009081830392081136,0.009081830392080997,-1.3877787807814457e-16,0.00019308375938609807,0.00019308375938609804,-2.710505431213761e-20,1119679.1970807626,1119679.1970807626,0.0,1168845473.5847242,1168845473.5847242,0.0,0.008888746632695038,0.0088887466326949,-1.3877787807814457e-16
2025-03-26,109746731.75961237,109746731.75961235,-1.4901161193847656e-08,544612.3421809608,544612.3421809608,0.0,109202119.4174314,109202119.41743138,-1.4901161193847656e-08,0.0018648351159981135,0.0018648351159979775,-1.3595895242968226e-16,0.0001907479406865011,0.0001907479406865011,0.0,1140578.1734526611,1140578.1734526611,0.0,1189735578.1948442,1189735578.1948442,0.0,0.0016740871753116123,0.0016740871753114764,-1.3595895242968226e-16
2025-03-27,109431764.10023856,109431764.10023855,-1.4901161193847656e-08,627087.6112070149,627087.6112070149,0.0,108804676.48903155,108804676.48903154,-1.4901161193847656e-08,-0.0026497677341962367,-0.002649767734196237,-4.336808689942018e-19,0.0002201825078183087,0.00022018250781830873,2.710505431213761e-20,1164742.4840763558,1164742.4840763558,0.0,1213846569.028714,1213846569.028714,0.0,-0.0028699502420145456,-0.002869950242014546,-4.336808689942018e-19
2025-03-28,108756297.74146545,108756297.74146548,2.9802322387695312e-08,595029.1660479261,595029.1660479261,0.0,108161268.57541752,108161268.57541755,2.9802322387695312e-08,-0.00596447175247797,-0.005964471752477563,4.0766001685454967e-16,0.00020801723485472802,0.00020801723485472804,2.710505431213761e-20,1187506.1770497623,1187506.1770497623,0.0,1236614909.3782132,1236614909.3782132,0.0,-0.0061724889873326985,-0.006172488987332291,4.0766001685454967e-16
2025-03-31,108418807.30525799,108418807.30525799,0.0,583641.0006697141,583641.0006697141,0.0,107835166.30458827,107835166.30458827,0.0,-0.002897808689022116,-0.002897808689022389,-2.732189474663471e-16,0.00020537193790339593,0.00020537193790339585,-8.131516293641283e-20,1209841.6686761258,1209841.6686761258,0.0,1258944927.3414524,1258944927.3414524,0.0,-0.0031031806269255116,-0.003103180626925785,-2.732189474663471e-16
2025-04-01,108389429.76059061,108389429.7605906,-1.4901161193847656e-08,578899.1460418012,578899.1460418012,0.0,107810530.61454882,107810530.6145488,-1.4901161193847656e-08,-6.619545874625957e-05,-6.6195458746397e-05,-1.3743617788969376e-16,0.00020476808897719288,0.00020476808897719288,0.0,1232042.38065721,1232042.38065721,0.0,1281136909.89386,1281136909.89386,0.0,-0.00027096354772345246,-0.0002709635477235899,-1.3742262536253769e-16
2025-04-02,108300590.45361835,108300590.45361835,0.0,551736.8031117003,551736.8031117003,0.0,107748853.65050665,107748853.65050665,0.0,-0.000624977110715517,-0.0006249771107153797,1.373684152539134e-16,0.00019465361497879224,0.00019465361497879226,2.710505431213761e-20,1253140.7749855989,1253140.7749855989,0.0,1302238336.19655,1302238336.19655,0.0,-0.0008196307256943092,-0.0008196307256941719,1.373684152539134e-16
2025-04-03,108779277.1616487,108779277.1616487,0.0,516817.5059533529,516817.5059533529,0.0,108262459.65569535,108262459.65569535,0.0,0.004601501577908104,0.004601501577908104,0.0,0.0001815191380583042,0.0001815191380583042,0.0,1272799.404815945,1272799.404815945,0.0,1321904596.3605602,1321904596.3605602,0.0,0.0044199824398498,0.0044199824398498,0.0
2025-04-07,99842152.53792457,99842152.53792457,0.0,506752.77845509443,506752.77845509443,0.0,99335399.75946948,99335399.75946948,0.0,-0.08197978628955131,-0.08197978628955131,0.0,0.00017855174061728573,0.00017855174061728573,0.0,1292222.1340962476,1292222.1340962476,0.0,1341322646.639972,1341322646.639972,0.0,-0.0821583380301686,-0.0821583380301686,0.0
2025-04-08,101904704.54491018,101904704.54491019,1.4901161193847656e-08,483639.3592151934,483639.3592151934,0.0,101421065.18569498,101421065.18569499,1.4901161193847656e-08,0.020841695694479617,0.020841695694479766,1.491862189340054e-16,0.0001835672932299126,0.0001835672932299126,0.0,1310549.8877878825,1310549.8877878825,0.0,1359652793.1643813,1359652793.1643813,0.0,0.020658128401249705,0.020658128401249854,1.491862189340054e-16
2025-04-09,102755669.094802,102755669.09480204,2.9802322387695312e-08,520813.4785651807,520813.4785651807,0.0,102234855.61623682,102234855.61623685,2.9802322387695312e-08,0.008547104008315123,0.008547104008315267,1.43982048506075e-16,0.0001965126034128791,0.00019651260341287908,-2.710505431213761e-20,1330575.446578023,1330575.446578023,0.0,1379649752.115452,1379649752.115452,0.0,0.008350591404902243,0.008350591404902387,1.43982048506075e-16
2025-04-10,105124695.93644123,105124695.93644129,5.960464477539063e-08,556008.4204009976,556008.4204009976,0.0,104568687.51604024,104568687.5160403,5.960464477539063e-08,0.02326236126984709,0.023262361269847372,2.8102520310824275e-16,0.00020741099305443019,0.00020741099305443013,-5.421010862427522e-20,1351888.1019469483,1351888.1019469483,0.0,1400934153.685775,1400934153.685775,0.0,0.023054950276792663,0.023054950276792944,2.8102520310824275e-16
2025-04-11,105875594.68164618,105875594.6816462,1.4901161193847656e-08,502805.8084457312,502805.8084457312,0.0,105372788.87320045,105372788.87320046,1.4901161193847656e-08,0.00732402607227267,0.00732402607227224,-4.2934406030425976e-16,0.0001810922590899763,0.0001810922590899762,-1.0842021724855044e-19,1370925.3706202253,1370925.3706202253,0.0,1419988505.0306935,1419988505.0306935,0.0,0.007142933813182694,0.007142933813182264,-4.2934406030425976e-16
2025-04-14,107276587.17804347,107276587.1780435,2.9802322387695312e-08,547166.692237691,547166.692237691,0.0,106729420.48580578,106729420.48580581,2.9802322387695312e-08,0.013430996394024652,0.01343099639402479,1.3877787807814457e-16,0.00019855599442279286,0.00019855599442279283,-2.710505431213761e-20,1391947.6046073441,1391947.6046073441,0.0,1440978047.4589229,1440978047.4589229,0.0,0.013232440399601858,0.013232440399601997,1.3877787807814457e-16
2025-04-15,107107717.95780511,107107717.95780514,2.9802322387695312e-08,582130.9559252998,582130.9559252998,0.0,106525587.00187981,106525587.00187984,2.9802322387695312e-08,-0.00136551913457053,-0.0013655191345705296,4.336808689942018e-19,0.00020862881961532617,0.0002086288196153261,-5.421010862427522e-20,1414328.59236266,1414328.59236266,0.0,1463330362.5885172,1463330362.5885172,0.0,-0.0015741479541858561,-0.0015741479541858557,4.336808689942018e-19
2025-04-16,105588655.42541729,105588655.4254173,1.4901161193847656e-08,563002.6504959706,563002.6504959706,0.0,105025652.77492131,105025652.77492133,1.4901161193847656e-08,-0.01398211445637926,-0.013982114456379393,-1.3357370765021415e-16,0.00020045390892056743,0.00020045390892056738,-5.421010862427522e-20,1435798.7531028637,1435798.7531028637,0.0,1484799352.4010658,1484799352.4010658,0.0,-0.014182568365299826,-0.01418256836529996,-1.3357370765021415e-16
2025-04-17,105266905.55333056,105266905.55333059,2.9802322387695312e-08,575557.7606785335,575557.7606785335,0.0,104691347.79265203,104691347.79265206,2.9802322387695312e-08,-0.002838286668041808,-0.002838286668041666,1.4181364416110398e-16,0.00020891448051341846,0.00020891448051341843,-2.710505431213761e-20,1457857.752199175,1457857.752199175,0.0,1506841044.4427378,1506841044.4427378,0.0,-0.003047201148555226,-0.0030472011485550843,1.4181364416110398e-16
2025-04-18,105440163.44952644,105440163.44952644,0.0,563945.0460651377,563945.0460651377,0.0,104876218.4034613,104876218.4034613,0.0,0.00185052897874592,0.0018505289787456363,-2.8362728832220796e-16,0.0002046375631565045,0.00020463756315650445,-5.421010862427522e-20,1479399.3152326345,1479399.3152326345,0.0,1528377643.0519867,1528377643.0519867,0.0,0.0016458914155894155,0.001645891415589132,-2.8362728832220796e-16
2025-04-21,108078930.77736272,108078930.77736269,-2.9802322387695312e-08,564710.1882167542,564710.1882167542,0.0,107514220.58914596,107514220.58914593,-2.9802322387695312e-08,0.02523054413466947,0.025230544134669186,-2.8449465006019636e-16,0.00020433740748209707,0.00020433740748209707,0.0,1500944.6848763993,1500944.6848763993,0.0,1549911857.439854,1549911857.439854,0.0,0.025026206727187375,0.02502620672718709,-2.8449465006019636e-16
2025-04-22,107281271.75924647,107281271.75924645,-1.4901161193847656e-08,564351.1930400571,564351.1930400571,0.0,106716920.56620641,106716920.5662064,-1.4901161193847656e-08,-0.007180536632797455,-0.007180536632797318,1.3617579286417936e-16,0.00019980116642993596,0.00019980116642993602,5.421010862427522e-20,1522538.9813122167,1522538.9813122167,0.0,1571495536.2250416,1571495536.2250416,0.0,-0.007380337799227391,-0.0073803377992272545,1.3617579286417936e-16
2025-04-23,109666531.7239225,109666531.72392252,1.4901161193847656e-08,576027.1785175689,576027.1785175689,0.0,109090504.54540494,109090504.54540496,1.4901161193847656e-08,0.022439714782662958,0.02243971478266324,2.8102520310824275e-16,0.00020601149446107888,0.0002060114944610789,2.710505431213761e-20,1544640.1564350242,1544640.1564350242,0.0,1593579822.767549,1593579822.767549,0.0,0.02223370328820188,0.02223370328820216,2.8102520310824275e-16
2025-04-24,106876904.54676566,106876904.54676566,0.0,599429.2512164824,599429.2512164824,0.0,106277475.29554917,106277475.29554917,0.0,-0.02523044636745752,-0.02523044636745765,-1.3183898417423734e-16,0.00020691481562004494,0.0002069148156200449,-2.710505431213761e-20,1567331.7866263695,1567331.7866263695,0.0,1616248406.107449,1616248406.107449,0.0,-0.025437361183077566,-0.025437361183077697,-1.3183898417423734e-16
2025-04-25,108195701.62383933,108195701.62383932,-1.4901161193847656e-08,538471.6675690552,538471.6675690552,0.0,107657229.95627028,107657229.95627026,-1.4901161193847656e-08,0.01253132814177082,0.012531328141770682,-1.3877787807814457e-16,0.00019192626007973797,0.00019192626007973797,0.0,1587844.2712049293,1587844.2712049293,0.0,1636781113.2355433,1636781113.2355433,0.0,0.012339401881691083,0.012339401881690944,-1.3877787807814457e-16
2025-04-28,107865610.86663397,107865610.86663398,1.4901161193847656e-08,303646.1986793759,303646.1986793759,0.0,107561964.6679546,107561964.66795461,1.4901161193847656e-08,-0.0029464865405916313,-0.0029464865405913563,2.749536709423239e-16,0.00010438102855620302,0.00010438102855620303,1.3552527156068805e-20,1599137.8498257857,1599137.8498257857,0.0,1648186457.8015342,1648186457.8015342,0.0,-0.0030508675691478344,-0.0030508675691475595,2.749536709423239e-16
2025-04-29,107149596.80824223,107149596.80824225,1.4901161193847656e-08,273390.7725834418,273390.7725834418,0.0,106876206.03565879,106876206.0356588,1.4901161193847656e-08,-0.006541079246496202,-0.006541079246496201,8.673617379884035e-19,9.694053236567615e-05,9.694053236567614e-05,-1.3552527156068805e-20,1609594.399567146,1609594.399567146,0.0,1658652906.981072,1658652906.981072,0.0,-0.006638019778861878,-0.006638019778861877,8.673617379884035e-19
2025-04-30,109659896.34993276,109659896.34993279,2.9802322387695312e-08,261569.47866856214,261569.47866856214,0.0,109398326.8712642,109398326.87126423,2.9802322387695312e-08,0.02352064194354593,0.023520641943546066,1.3530843112619095e-16,9.265325794193938e-05,9.265325794193937e-05,-1.3552527156068805e-20,1619522.158798595,1619522.158798595,0.0,1668581612.9798625,1668581612.9798625,0.0,0.02342798868560399,0.023427988685604126,1.3530843112619095e-16
2025-05-06,112955909.71715534,112955909.71715534,0.0,12567182.812424727,12567182.812424727,0.0,100388726.90473062,100388726.90473062,0.0,0.030225265815227817,0.030225265815227536,-2.8102520310824275e-16,0.0001685771174311544,0.00016857711743115437,-2.710505431213761e-20,1638008.3080230658,1638008.3080230658,0.0,1680905712.4628432,1680905712.4628432,0.0,0.030056688697796662,0.03005668869779638,-2.8102520310824275e-16
2025-05-07,112151861.09080875,112151861.09080875,0.0,887792.3439668277,887792.3439668277,0.0,111264068.74684192,111264068.74684192,0.0,-0.006971749743021,-0.006971749743021,0.0,0.00014650222236928113,0.00014650222236928113,0.0,1654556.599826373,1654556.599826373,0.0,1703285425.3544774,1703285425.3544774,0.0,-0.007118251965390281,-0.007118251965390281,0.0
2025-05-08,115236878.05968603,115236878.05968605,1.4901161193847656e-08,587491.8230403634,587491.8230403634,0.0,114649386.23664567,114649386.23664568,1.4901161193847656e-08,0.027704495863557763,0.027704495863557894,1.3183898417423734e-16,0.00019699898502300488,0.00019699898502300488,0.0,1676650.4026297033,1676650.4026297033,0.0,1725518331.5168693,1725518331.5168693,0.0,0.027507496878534758,0.02750749687853489,1.3183898417423734e-16
2025-05-09,114695148.74071053,114695148.74071053,0.0,675758.9663914545,675758.9663914545,0.0,114019389.77431907,114019389.77431907,0.0,-0.004474962188016279,-0.004474962188016407,-1.2836953722228372e-16,0.0002260443655882347,0.00022604436558823469,-2.710505431213761e-20,1702699.0496230738,1702699.0496230738,0.0,1751509820.6150675,1751509820.6150675,0.0,-0.0047010065536045136,-0.004701006553604642,-1.2836953722228372e-16
2025-05-12,116702165.5808442,116702165.58084421,1.4901161193847656e-08,690095.954843374,690095.954843374,0.0,116012069.62600082,116012069.62600084,1.4901161193847656e-08,0.017729766132400203,0.017729766132400335,1.3183898417423734e-16,0.00023105880109975307,0.00023105880109975307,0.0,1729200.3731830602,1729200.3731830602,0.0,1777990725.019048,1777990725.019048,0.0,0.01749870733130045,0.017498707331300583,1.3183898417423734e-16
2025-05-13,117394064.85877568,117394064.85877565,-2.9802322387695312e-08,645933.3573291171,645933.3573291171,0.0,116748131.50144656,116748131.50144653,-2.9802322387695312e-08,0.006140701229372323,0.006140701229371939,-3.8424124992886277e-16,0.00021193997213433567,0.00021193997213433564,-2.710505431213761e-20,1753934.226904281,1753934.226904281,0.0,1802734293.1121652,1802734293.1121652,0.0,0.005928761257237987,0.005928761257237604,-3.8337388819087437e-16
2025-05-14,118104619.54701445,118104619.54701443,-1.4901161193847656e-08,647375.1666382588,647375.1666382588,0.0,117457244.38037619,117457244.38037618,-1.4901161193847656e-08,0.0062616668418987295,0.006261666841898859,1.2923689896027213e-16,0.00020893590449092643,0.00020893590449092648,5.421010862427522e-20,1778462.0620274157,1778462.0620274157,0.0,1827249143.4130838,1827249143.4130838,0.0,0.006052730937407803,0.006052730937407933,1.2923689896027213e-16
2025-05-15,117492601.4087167,117492601.40871671,1.4901161193847656e-08,604971.0929441601,604971.0929441601,0.0,116887630.31577253,116887630.31577255,1.4901161193847656e-08,-0.004986148518016187,-0.004986148518015936,2.5153490401663703e-16,0.00019585148033377252,0.00019585148033377255,2.710505431213761e-20,1801593.0265999555,1801593.0265999555,0.0,1850389744.5401843,1850389744.5401843,0.0,-0.00518199999834996,-0.005181999998349708,2.5153490401663703e-16
2025-05-16,117518205.89850691,117518205.8985069,-1.4901161193847656e-08,461345.3189759152,461345.3189759152,0.0,117056860.579531,117056860.57953098,-1.4901161193847656e-08,0.00036668444621804763,0.000366684446217794,-2.5364909825298376e-16,0.00014876017283212782,0.0001487601728321278,-2.710505431213761e-20,1819071.2462920125,1819071.2462920125,0.0,1867931038.0093796,1867931038.0093796,0.0,0.00021792427338591981,0.0002179242733856662,-2.5362199319867162e-16
2025-05-19,118727823.92046174,118727823.92046173,-1.4901161193847656e-08,602871.5764717208,602871.5764717208,0.0,118124952.34399003,118124952.34399001,-1.4901161193847656e-08,0.01049172970480177,0.01049172970480177,0.0,0.00019870308219058477,0.0001987030821905848,2.710505431213761e-20,1842422.4760175536,1842422.4760175536,0.0,1891199828.9913101,1891199828.9913101,0.0,0.010293026622611187,0.010293026622611185,-1.734723475976807e-18
2025-05-20,118910613.26291221,118910613.26291221,0.0,569856.0828754632,569856.0828754632,0.0,118340757.18003675,118340757.18003675,0.0,0.0017232740027354433,0.001723274002735569,1.2576745200831851e-16,0.0001837078217455168,0.0001837078217455168,0.0,1864233.7059305669,1864233.7059305669,0.0,1913016661.036165,1913016661.036165,0.0,0.0015395661809899264,0.0015395661809900522,1.2576745200831851e-16
2025-05-21,119573022.61357394,119573022.61357394,0.0,609946.2808722258,609946.2808722258,0.0,118963076.33270171,118963076.33270171,0.0,0.005767802712360131,0.005767802712360131,0.0,0.00019715319264793324,0.00019715319264793324,0.0,1887677.3129750737,1887677.3129750737,0.0,1936428501.178151,1936428501.178151,0.0,0.005570649519712197,0.005570649519712197,0.0
2025-05-22,120081482.59390596,120081482.5939059,-5.960464477539063e-08,596373.4811965721,596373.4811965721,0.0,119485109.11270939,119485109.11270933,-5.960464477539063e-08,0.0044433424134841856,0.004443342413483687,-4.98732999343332e-16,0.00019104562263349978,0.00019104562263349978,0.0,1910521.2155304535,1910521.2155304535,0.0,1959267768.1820908,1959267768.1820908,0.0,0.004252296790850686,0.0042522967908501874,-4.98732999343332e-16
2025-05-23,118719231.12311503,118719231.12311502,-1.4901161193847656e-08,679948.7206035126,679948.7206035126,0.0,118039282.40251152,118039282.4025115,-1.4901161193847656e-08,-0.011126281093961663,-0.011126281093961295,3.677613769070831e-16,0.0002181114082346408,0.00021811140823464092,1.0842021724855044e-19,1936712.3568019138,1936712.3568019138,0.0,1985404026.2632117,1985404026.2632117,0.0,-0.011344392502196304,-0.011344392502195936,3.677613769070831e-16
2025-05-26,118496519.83931668,118496519.83931668,0.0,591716.9940602621,591716.9940602621,0.0,117904802.84525642,117904802.84525642,0.0,-0.0016860073946835831,-0.001686007394683458,1.251169307048272e-16,0.00018994211822552834,0.00018994211822552837,2.710505431213761e-20,1959262.1390355444,1959262.1390355444,0.0,2007986649.4689972,2007986649.4689972,0.0,-0.0018759495129091115,-0.0018759495129089864,1.251169307048272e-16
2025-05-27,119114981.98267637,119114981.98267634,-2.9802322387695312e-08,582676.3838445786,582676.3838445786,0.0,118532305.59883179,118532305.59883176,-2.9802322387695312e-08,0.005407594910525809,0.005407594910525558,-2.5153490401663703e-16,0.00018835181209273959,0.00018835181209273959,0.0,1981581.173273963,1981581.173273963,0.0,2030299044.4954047,2030299044.4954047,0.0,0.00521924309843307,0.0052192430984328185,-2.5153490401663703e-16
2025-05-28,119650751.8831003,119650751.88310029,-1.4901161193847656e-08,610367.3358121263,610367.3358121263,0.0,119040384.54728818,119040384.54728816,-1.4901161193847656e-08,0.004694498808484126,0.004694498808484253,1.2663481374630692e-16,0.0001965767880463495,0.00019657678804634957,5.421010862427522e-20,2004996.4138403162,2004996.4138403162,0.0,2053688731.965491,2053688731.965491,0.0,0.004497922020437776,0.004497922020437903,1.2663481374630692e-16
2025-05-29,119770155.11830509,119770155.11830509,0.0,615151.6170337321,615151.6170337321,0.0,119155003.50127135,119155003.50127135,0.0,0.001195345974423329,0.0011953459744234536,1.24683249835833e-16,0.00019741463403823945,0.00019741463403823948,2.710505431213761e-20,2028617.2232357187,2028617.2232357187,0.0,2077295338.8155851,2077295338.8155851,0.0,0.0009979313403850896,0.000997931340385214,1.244664094013359e-16
2025-05-30,120651588.93486582,120651588.93486582,0.0,611227.2438681703,611227.2438681703,0.0,120040361.69099765,120040361.69099765,0.0,0.00755519307959175,0.00755519307959175,0.0,0.00019581531398663314,0.00019581531398663314,0.0,2052070.0537664373,2052070.0537664373,0.0,2100738405.1176212,2100738405.1176212,0.0,0.007359377765605117,0.007359377765605117,0.0
2025-06-03,121708456.4860825,121708456.48608246,-2.9802322387695312e-08,654185.302478699,654185.302478699,0.0,121054271.1836038,121054271.18360376,-2.9802322387695312e-08,0.008968368912867907,0.00896836891286766,-2.463307335887066e-16,0.00020870349489126954,0.00020870349489126954,0.0,2077250.4620413287,2077250.4620413287,0.0,2125884744.15907,2125884744.15907,0.0,0.008759665417976637,0.008759665417976391,-2.463307335887066e-16
2025-06-04,122538537.1777865,122538537.17778648,-1.4901161193847656e-08,610815.6603773478,610815.6603773478,0.0,121927721.51740915,121927721.51740913,-1.4901161193847656e-08,0.007012501765000514,0.007012501765000638,1.240327285323417e-16,0.00019226333893087013,0.00019226333893087018,5.421010862427522e-20,2100650.5362614654,2100650.5362614654,0.0,2149294803.1631474,2149294803.1631474,0.0,0.006820238426069644,0.006820238426069768,1.240327285323417e-16
2025-06-05,121322092.69001539,121322092.69001539,0.0,573707.0720188916,573707.0720188916,0.0,120748385.6179965,120748385.6179965,0.0,-0.009747867056787709,-0.009747867056787587,1.214306433183765e-16,0.00017916908863498243,0.00017916908863498246,2.710505431213761e-20,2122605.6542902733,2122605.6542902733,0.0,2171257497.9271207,2171257497.9271207,0.0,-0.009927036145422691,-0.00992703614542257,1.214306433183765e-16
2025-06-06,122002790.3147169,122002790.31471688,-2.9802322387695312e-08,512987.63936492894,512987.63936492894,0.0,121489802.67535198,121489802.67535195,-2.9802322387695312e-08,0.005772127914221969,0.005772127914221724,-2.454633718507182e-16,0.00016146286873240103,0.00016146286873240103,0.0,2142194.6674166215,2142194.6674166215,0.0,2190867076.263233,2190867076.263233,0.0,0.005610665045489568,0.005610665045489322,-2.454633718507182e-16
2025-06-09,121912467.4619417,121912467.4619417,0.0,552417.998720686,552417.998720686,0.0,121360049.46322101,121360049.46322101,0.0,-0.0005660831034412883,-0.0005660831034410441,2.441623292437356e-16,0.00017425121630832953,0.0001742512163083296,5.421010862427522e-20,2163453.802021971,2163453.802021971,0.0,2212095866.121602,2212095866.121602,0.0,-0.0007403343197496179,-0.0007403343197493737,2.441623292437356e-16
2025-06-10,121651491.78619109,121651491.7861911,1.4901161193847656e-08,581775.9682110744,581775.9682110744,0.0,121069715.81798002,121069715.81798004,1.4901161193847656e-08,-0.0019581043966800916,-0.0019581043966799693,1.222980050563649e-16,0.00018257638178158532,0.00018257638178158532,0.0,2185712.1392252375,2185712.1392252375,0.0,2234328395.1715217,2234328395.1715217,0.0,-0.002140680778461677,-0.0021406807784615546,1.222980050563649e-16
2025-06-11,121763458.91699837,121763458.9169984,2.9802322387695312e-08,594129.5973021267,594129.5973021267,0.0,121169329.31969625,121169329.31969628,2.9802322387695312e-08,0.001108069075048401,0.0011080690750485233,1.222980050563649e-16,0.00018767649158490617,0.00018767649158490617,0.0,2208543.26439974,2208543.26439974,0.0,2257141927.968891,2257141927.968891,0.0,0.0009203925834634949,0.0009203925834636172,1.222980050563649e-16
2025-06-12,122656306.29606621,122656306.29606621,0.0,582193.275421151,582193.275421151,0.0,122074113.02064505,122074113.02064505,0.0,0.007515550482922124,0.007515550482921877,-2.47198095326695e-16,0.00018291237450193624,0.0001829123745019362,-5.421010862427522e-20,2230815.307797817,2230815.307797817,0.0,2279408803.506209,2279408803.506209,0.0,0.0073326381084201885,0.007332638108419941,-2.47198095326695e-16
2025-06-13,121215304.00354715,121215304.00354718,2.9802322387695312e-08,724975.6036775224,724975.6036775224,0.0,120490328.39986962,120490328.39986965,2.9802322387695312e-08,-0.011519990446269697,-0.011519990446269454,2.42861286636753e-16,0.0002283031069438659,0.0002283031069438659,0.0,2258818.1236114674,2258818.1236114674,0.0,2307326226.747824,2307326226.747824,0.0,-0.011748293553213563,-0.01174829355321332,2.42861286636753e-16
2025-06-16,121289501.80992354,121289501.80992356,1.4901161193847656e-08,566138.9881451856,566138.9881451856,0.0,120723362.82177836,120723362.82177837,1.4901161193847656e-08,0.0007891847497270264,0.0007891847497269033,-1.2305694657710475e-16,0.00017706892007711403,0.00017706892007711398,-5.421010862427522e-20,2280281.5865881946,2280281.5865881946,0.0,2328858376.300829,2328858376.300829,0.0,0.0006121158296499123,0.0006121158296497894,-1.229485263598562e-16
2025-06-17,121981033.26903073,121981033.26903073,0.0,636383.242168339,636383.242168339,0.0,121344650.0268624,121344650.0268624,0.0,0.0059037242289402036,0.0059037242289400795,-1.240327285323417e-16,0.0002022294681577715,0.00020222946815777148,-2.710505431213761e-20,2304809.8980323365,2304809.8980323365,0.0,2353339301.462237,2353339301.462237,0.0,0.005701494760782432,0.005701494760782308,-1.240327285323417e-16
2025-06-18,121982216.37840071,121982216.37840071,0.0,575528.7774129324,575528.7774129324,0.0,121406687.60098778,121406687.60098778,0.0,0.00019012508665230913,0.00019012508665230913,0.0,0.0001804259609909537,0.0001804259609909537,0.0,2326818.443182571,2326818.443182571,0.0,2375367269.572274,2375367269.572274,0.0,9.69912566135543e-06,9.69912566135543e-06,0.0
2025-06-19,121094462.42543817,121094462.4254382,2.9802322387695312e-08,593541.2486260496,593541.2486260496,0.0,120500921.17681211,120500921.17681214,2.9802322387695312e-08,-0.007097238528779805,-0.0070972385287795614,2.437286483747414e-16,0.00018049407290246226,0.00018049407290246226,0.0,2348835.510238378,2348835.510238378,0.0,2397364321.8589463,2397364321.8589463,0.0,-0.007277732601682268,-0.007277732601682024,2.437286483747414e-16
2025-06-20,121424384.91641954,121424384.91641954,0.0,607399.8993668417,607399.8993668417,0.0,120816985.0170527,120816985.0170527,0.0,0.002917220345109585,0.002917220345109338,-2.467644144577008e-16,0.00019271515822282442,0.00019271515822282437,-5.421010862427522e-20,2372172.248724604,2372172.248724604,0.0,2420682462.650559,2420682462.650559,0.0,0.0027245051868867603,0.0027245051868865135,-2.467644144577008e-16
2025-06-23,121297764.87364307,121297764.87364306,-1.4901161193847656e-08,612757.8522537118,612757.8522537118,0.0,120685007.02138937,120685007.02138935,-1.4901161193847656e-08,-0.0008491437319494783,-0.000849143731949601,-1.227316859253591e-16,0.00019364551391429306,0.00019364551391429306,0.0,2395685.536143471,2395685.536143471,0.0,2444181314.4492736,2444181314.4492736,0.0,-0.0010427892458637713,-0.001042789245863894,-1.227316859253591e-16
2025-06-24,121580945.70784564,121580945.70784566,1.4901161193847656e-08,643063.3813993894,643063.3813993894,0.0,120937882.32644625,120937882.32644626,1.4901161193847656e-08,0.0025379013470927217,0.0025379013470929676,2.458970527197124e-16,0.00020330899497836386,0.00020330899497836389,2.710505431213761e-20,2420346.4628130533,2420346.4628130533,0.0,2468814757.890948,2468814757.890948,0.0,0.002334592352114358,0.002334592352114604,2.458970527197124e-16
2025-06-25,121726305.18511541,121726305.1851154,-1.4901161193847656e-08,765267.2654781537,765267.2654781537,0.0,120961037.91963726,120961037.91963725,-1.4901161193847656e-08,0.0014384098437571322,0.001438409843756887,-2.452465314162211e-16,0.0002428320628517099,0.00024283206285170988,-2.710505431213761e-20,2449870.214662751,2449870.214662751,0.0,2498262645.922681,2498262645.922681,0.0,0.0011955777809054223,0.001195577780905177,-2.452465314162211e-16
2025-06-26,121807345.36499174,121807345.36499175,1.4901161193847656e-08,640494.1770275533,640494.1770275533,0.0,121166851.18796419,121166851.1879642,1.4901161193847656e-08,0.0008661575771979035,0.0008661575771981484,2.4492127076447545e-16,0.00020040024764546554,0.00020040024764546557,2.710505431213761e-20,2474264.196366816,2474264.196366816,0.0,2522706817.180119,2522706817.180119,0.0,0.000665757329552438,0.0006657573295526829,2.4492127076447545e-16
2025-06-27,120704312.71417537,120704312.71417537,0.0,579982.9062843267,579982.9062843267,0.0,120124329.80789104,120124329.80789104,0.0,-0.008873745304750292,-0.008873745304750413,-1.214306433183765e-16,0.0001818058815198353,0.00018180588151983526,-2.710505431213761e-20,2496409.488166489,2496409.488166489,0.0,2544871291.969264,2544871291.969264,0.0,-0.009055551186270126,-0.009055551186270248,-1.214306433183765e-16
2025-06-30,120663703.72246629,120906281.16639885,242577.44393256307,578891.3653698871,578891.3653698871,0.0,120084812.3570964,120327389.80102897,242577.44393256307,-0.00015252280172776075,0.0018571605184281648,0.0020096833201559256,0.0001839108417431593,0.0001839108417431593,0.0,2518608.3199197827,2518608.3199197827,0.0,2567059570.0771384,2567059570.0771384,0.0,-0.00033643364347092,0.0016732496766850055,0.0020096833201559256
2025-07-01,121592962.34843977,121739030.76722974,146068.4187899679,30949.518376887485,617244.7661354486,586295.247758561,121562012.83006288,121121786.00109428,-440226.82896859944,0.007703496837109787,0.007083614838880887,-0.0006198819982288998,2.269398319840074e-06,0.00019605206879783158,0.0001937826704779915,2518882.153926276,2542312.2464731075,23430.09254683135,2567607238.090125,2590732467.966803,23125229.87667799,0.007701227438789947,0.006887562770083055,-0.0008136646687068915
2025-07-02,121683012.36880252,121747558.2334541,64545.864651575685,30949.518376887485,623271.8818372656,592322.363460378,121652062.85042563,121124286.35161683,-527776.4988088012,0.0007405857923314686,0.00026604493181549494,-0.0004745408605159737,0.0,0.00019599783048229668,0.00019599783048229668,2518882.153926276,2566172.832388502,47290.678462225944,2567607238.090125,2614578110.0313897,46970871.94126463,0.0007405857923314686,7.004710133319826e-05,-0.0006705386909982704
2025-07-03,122048316.25856878,122487618.64412874,439302.3855599612,30949.518376887485,578183.080585232,547233.5622083445,122017366.74019189,121909435.56354351,-107931.17664837837,0.003002094398017375,0.006260403115812853,0.0032583087177954777,0.0,0.00018175627136804266,0.00018175627136804266,2518882.153926276,2588301.2146211783,69419.0606949022,2567607238.090125,2636717972.4735756,69110734.38345051,0.003002094398017375,0.00607864684444481,0.003076552446427435
2025-07-04,122148272.28751528,122762348.33289517,614076.045379892,30949.518376887485,698491.161376087,667541.6429991995,122117322.7691384,122063857.17151909,-53465.59761931002,0.000818987365091866,0.002461586685551514,0.001642599320459648,0.0,0.00021866865181436638,0.00021866865181436638,2518882.153926276,2615085.417054042,96203.26312776608,2567607238.090125,2663428628.764828,95821390.67470312,0.000818987365091866,0.0022429180337371476,0.0014239306686452816
2025-07-07,122670300.13664347,123291525.87672497,621225.740081504,30949.518376887485,647192.5832734704,616243.0648965829,122639350.61826658,122644333.2934515,4982.67518492043,0.004273722741648168,0.004512399615953535,0.00023867687430536699,0.0,0.00020181456266972405,0.00020181456266972405,2518882.153926276,2639860.646695154,120978.49276887765,2567607238.090125,2688217120.0801706,120609881.99004555,0.004273722741648168,0.004310585053283811,3.686231163564299e-05
2025-07-08,123152944.30372126,123524032.83308145,371088.52936019003,30949.518376887485,631027.4753092211,600077.9569323335,123121994.78534438,122893005.35777223,-228989.42757214606,0.00393448264608608,0.002081812967423469,-0.0018526696786626108,0.0,0.0001959821716479626,0.0001959821716479626,2518882.153926276,2664023.5876822653,145141.4337559892,2567607238.090125,2712376062.150771,144768824.06064606,0.00393448264608608,0.0018858307957755065,-0.0020486518503105735
2025-07-09,123441840.98045608,124090161.33332117,648320.352865085,30949.518376887485,630544.1658208976,599594.64744401,123410891.4620792,123459617.16750027,48725.705421075225,0.002345836539825955,0.0047787733667296285,0.0024329368269036737,0.0,0.00019562879756933573,0.00019562879756933573,2518882.153926276,2688188.445696316,169306.29177004006,2567607238.090125,2736529079.390559,168921841.3004341,0.002345836539825955,0.004583144569160293,0.002237308029334338
2025-07-10,124102253.83568323,125022647.3760249,920393.5403416753,30949.518376887485,638033.0934552085,607083.5750783209,124071304.31730634,124384614.28256969,313309.9652633518,0.005349991947476726,0.007712126636238085,0.0023621346887613597,0.0,0.00019754181593986198,0.00019754181593986198,2518882.153926276,2712701.441506371,193819.28758009477,2567607238.090125,2761026074.238892,193418836.148767,0.005349991947476726,0.007514584820298223,0.0021645928728214973
2025-07-11,123736351.1050288,124660672.68282326,924321.5777944624,30949.518376887485,619530.0180340363,588580.4996571487,123705401.5866519,124041142.66478921,335741.07813730836,-0.002948397143043868,-0.0027051875000150467,0.00024320964302882147,0.0,0.00019008548291061036,0.00019008548291061036,2518882.153926276,2736466.4318076055,217584.2778813294,2567607238.090125,2784788433.582687,217181195.49256182,-0.002948397143043868,-0.002895272982925657,5.3124160118211104e-05
2025-07-14,124195966.3101602,124884819.50846171,688853.198301509,30949.518376887485,632712.9647071846,601763.446330297,124165016.79178332,124252106.54375453,87089.75197121501,0.003714471948031545,0.0019930387576198136,-0.0017214331904117316,0.0,0.00019498311733974263,0.00019498311733974263,2518882.153926276,2760773.1583769717,241891.0044506956,2567607238.090125,2809076415.315432,241469177.225307,0.003714471948031545,0.001798055640280071,-0.0019164163077514743
2025-07-15,123627121.00234807,123369021.58948605,-258099.41286201775,30949.518376887485,640853.0278764814,609903.5094995939,123596171.48397118,122728168.56160957,-868002.9223616123,-0.004580223695764291,-0.011940612771578839,-0.0073603890758145475,0.0,0.00019695466809673717,0.00019695466809673717,2518882.153926276,2785369.8065535817,266487.6526273056,2567607238.090125,2833656695.1363688,266049457.04624367,-0.004580223695764291,-0.012137567439675576,-0.007557343743911284
2025-07-16,123633342.82726721,123261245.58205648,-372097.245210737,30949.518376887485,616043.8246261505,585094.306249263,123602393.30889033,122645201.75743033,-957191.5514599979,5.03273462061056e-05,-0.0006821159374541016,-0.0007324432836602072,0.0,0.00019149079169868127,0.00019149079169868127,2518882.153926276,2808993.838168844,290111.684242568,2567607238.090125,2857281319.337449,289674081.247324,5.03273462061056e-05,-0.0008736067291527829,-0.0009239340753588886
2025-07-17,123855106.98201329,123150801.35776907,-704305.6242442131,30949.518376887485,625783.4092555456,594833.890878658,123824157.4636364,122525017.94851352,-1299139.5151228756,0.0017937244894842448,-0.0007016945944454343,-0.002495419083929679,0.0,0.00019432283395124354,0.00019432283395124354,2518882.153926276,2832946.3127267095,314064.1588004334,2567607238.090125,2881216947.865721,313609709.77559614,0.0017937244894842448,-0.0008960174283966778,-0.0026897419178809226
2025-07-18,124089416.29514919,123716104.9959841,-373311.29916508496,30949.518376887485,601790.7579175644,570841.2395406768,124058466.7767723,123114314.23806654,-944152.5387057662,0.0018918017903769954,0.004777553018694749,0.002885751228317754,0.0,0.0001872163584179337,0.0001872163584179337,2518882.153926276,2856002.1572931614,337120.00336688524,2567607238.090125,2904273260.835558,336666022.74543285,0.0018918017903769954,0.004590336660276815,0.00269853486989982
2025-07-21,125288140.7125882,125753309.5454204,465168.8328321874,30949.518376887485,631732.4021003507,600782.8837234632,125257191.19421132,125121577.14332004,-135614.05089128017,0.009660166460835172,0.016662969077051722,0.007002802616216551,0.0,0.00019619985971809604,0.00019619985971809604,2518882.153926276,2880275.2397382427,361393.08581196656,2567607238.090125,2928519235.9173255,360911997.8272004,0.009660166460835172,0.016466769217333626,0.006806602756498454
2025-07-22,126284843.16783217,127273922.7824692,989079.6146370322,30949.518376887485,6805897.68694656,6774948.168569672,126253893.64945528,120468025.09552264,-5785868.553932637,0.007955281717608068,0.012263896387942518,0.00430861467033445,0.0,0.00017186284587832363,0.00017186284587832363,2518882.153926276,2901887.5613953364,383005.4074690603,2567607238.090125,2947033668.7711673,379426430.6810422,0.007955281717608068,0.012092033542064194,0.004136751824456126
2025-07-23,125850028.29493663,127731232.61706606,1881204.3221294284,30949.518376887485,996317.1083798911,965367.5900030036,125819078.77655974,126734915.50868617,915836.7321264297,-0.00344312794780662,0.003824770378003823,0.007267898325810443,0.0,0.0002316554287736449,0.0002316554287736449,2518882.153926276,2931371.256549213,412489.10262293695,2567607238.090125,2979407412.36675,411800174.2766247,-0.00344312794780662,0.003593114949230178,0.007036242897036798
2025-07-24,126776068.30951244,128796480.1455594,2020411.836046964,30949.518376887485,695622.640816668,664673.1224397805,126745118.79113555,128100857.50474273,1355738.7136071771,0.007358282132488539,0.008545365597196927,0.0011870834647083875,0.0,0.0002056079148537115,0.0002056079148537115,2518882.153926276,2957633.8089493024,438751.6550230263,2567607238.090125,3005807180.72442,438199942.634295,0.007358282132488539,0.008339757682343215,0.0009814755498546756
2025-07-25,126519992.11541748,128414637.8064875,1894645.6910700202,30949.518376887485,669936.9413676634,638987.4229907759,126489042.5970406,127744700.86511984,1255658.268079251,-0.0020199095737041535,-0.0027655391898513803,-0.0007456296161472268,0.0,0.00019915626331908166,0.00019915626331908166,2518882.153926276,2983284.4346637423,464402.2807374662,2567607238.090125,3031457823.9757276,463850585.8856025,-0.0020199095737041535,-0.002964695453170462,-0.0009447858794663084
2025-07-28,126524830.23316208,128392652.55810131,1867822.324939236,30949.518376887485,658222.3491652943,627272.8307884068,126493880.71478519,127734430.20893602,1240549.4941508323,3.8239946617932557e-05,2.5504998353452122e-05,-1.2734948264480434e-05,0.0,0.00019671015659498904,0.00019671015659498904,2518882.153926276,3008544.8981757453,489662.74424946913,2567607238.090125,3056711514.5520754,489104276.4619503,3.8239946617932557e-05,-0.0001712051582415369,-0.00020944510485946947
2025-07-29,125997140.94959888,128650604.90530035,2653463.9557014704,30949.518376887485,664096.4982192563,633146.9798423687,125966191.43122199,127986508.4070811,2020316.9758591056,-0.004170638147395748,0.002207428507783719,0.006378066655179468,0.0,0.00019833887485237273,0.00019833887485237273,2518882.153926276,3034010.1524234307,515127.99849715456,2567607238.090125,3082161099.09811,514553861.0079851,-0.004170638147395748,0.0020090896329313466,0.006179727780327095
2025-07-30,125960413.0327031,129033826.97681075,3073413.9441076517,30949.518376887485,664522.1627085442,633572.6443316566,125929463.51432621,128369304.8141022,2439841.299775988,-0.00029149801828018315,0.0031763266661554886,0.0034678246844356718,0.0,0.00019754493564987652,0.00019754493564987652,2518882.153926276,3059424.427890766,540542.2739644898,2567607238.090125,3107562454.595467,539955216.505342,-0.00029149801828018315,0.002978781730505612,0.003270279748785795
2025-07-31,124325978.60525614,126775435.96718301,2449457.3619268686,30949.518376887485,704381.5230786,673432.0047017124,124295029.08687925,126071054.4441044,1776025.3572251499,-0.012975778564830629,-0.017294285075027577,-0.004318506510196949,0.0,0.00020803243767868513,0.00020803243767868513,2518882.153926276,3086267.6494597616,567385.4955334854,2567607238.090125,3134372324.8734937,566765086.7833686,-0.012975778564830629,-0.017502317512706263,-0.004526538947875634
2025-08-01,124369485.75286311,127373584.41072123,3004098.6578581184,30949.518376887485,663541.8999153096,632592.3815384221,124338536.23448622,126710042.51080592,2371506.2763196975,0.00034994413955193694,0.004917918330607813,0.004567974191055876,0.0,0.00019974529515436021,0.00019974529515436021,2518882.153926276,3111590.446335349,592708.2924090731,2567607238.090125,3159702880.162225,592095642.0720997,0.00034994413955193694,0.004718173035453453,0.004368228895901515
2025-08-04,124902967.54819323,128284977.13851927,3382009.590326041,30949.518376887485,664875.0592724141,633925.5408955265,124872018.02981634,127620102.07924686,2748084.0494305193,0.004289491044372521,0.007354786839890176,0.0030652957955176552,0.0,0.0001995141668748492,0.0001995141668748492,2518882.153926276,3137003.2809109176,618121.1269846414,2567607238.090125,3185102341.740827,617495103.650702,0.004289491044372521,0.0071552726730153265,0.0028657816286428058
2025-08-05,126028624.52123034,128991089.2537046,2962464.7324742526,30949.518376887485,653725.7207298037,622776.2023529161,125997675.00285345,128337363.5329748,2339688.5301213413,0.009012251631273527,0.0056994797668962005,-0.0033127718643773266,0.0,0.00019523343240236324,0.00019523343240236324,2518882.153926276,3162048.7973233294,643166.6433970532,2567607238.090125,3210140910.064304,642533671.9741788,0.009012251631273527,0.005504246334493837,-0.00350800529677969
2025-08-06,126702347.3231498,130402740.11294597,3700392.7897961736,30949.518376887485,658198.7362677539,627249.2178908663,126671397.80477291,129744541.37667821,3073143.5719053,0.005345791914169208,0.011139707559004102,0.005793915644834894,0.0,0.00019592169434726043,0.00019592169434726043,2518882.153926276,3187320.950085614,668438.7961593377,2567607238.090125,3235398190.2424383,667790952.1523132,0.005345791914169208,0.010943785864656842,0.005597993950487634
2025-08-07,127200985.03772657,130152055.73787779,2951070.70015122,30949.518376887485,725763.9626658112,694814.4442889236,127170035.51934968,129426291.77521197,2256256.2558622956,0.003935504946131805,-0.0017087090015988893,-0.005644213947730695,0.0,0.00021367679222002864,0.00021367679222002864,2518882.153926276,3215184.98928965,696302.8353633741,2567607238.090125,3263214514.813674,695607276.7235489,0.003935504946131805,-0.001922385793818918,-0.005857890739950723
2025-08-08,127091961.19145516,130210071.6928806,3118110.501425445,30949.518376887485,690288.2577095283,659338.7393326408,127061011.67307827,129519783.43517107,2458771.762092799,-0.0008570990722994416,0.0006484468327948349,0.0015055459050942765,0.0,0.00020269163765864078,0.00020269163765864078,2518882.153926276,3241565.7226117994,722683.5686855232,2567607238.090125,3289599795.62164,721992557.5315151,-0.0008570990722994416,0.00044575519513619414,0.0013028542674356357
2025-08-11,126940177.92918897,131153874.02985628,4213696.100667313,30949.518376887485,654311.0696493331,623361.5512724456,126909228.41081208,130499562.96020694,3590334.549394861,-0.001194279015315044,0.007438745088763815,0.00863302410407886,0.0,0.0001904399100233104,0.0001904399100233104,2518882.153926276,3266362.9169491204,747480.7630228442,2567607238.090125,3314402579.955822,746795341.8656969,-0.001194279015315044,0.007248305178740504,0.008442584194055549
2025-08-12,126915135.31305532,132364420.22102463,5449284.907969311,30949.518376887485,685539.2878680844,654589.7694911968,126884185.79467843,131678880.93315655,4794695.138478115,-0.00019727888003760874,0.00943074830703561,0.009628027187073219,0.0,0.00020077930975856095,0.00020077930975856095,2518882.153926276,3292695.901248996,773813.74732272,2567607238.090125,3340706783.654438,773099545.5643129,-0.00019727888003760874,0.009229968997277049,0.009427247877314658
2025-08-13,127598031.95750496,133215847.67538112,5617815.717876166,30949.518376887485,702970.7503300644,672021.2319531769,127567082.43912807,132512876.92505106,4945794.485922992,0.005380734478714211,0.006636313371089277,0.0012555788923750656,0.0,0.00020386382811721722,0.00020386382811721722,2518882.153926276,3319680.21866177,800798.0647354941,2567607238.090125,3367668893.1772747,800061655.0871496,0.005380734478714211,0.0064324495429720595,0.0010517150642578481
2025-08-14,125907597.6658059,130919566.83722374,5011969.171417832,30949.518376887485,646540.7409555055,615591.222578618,125876648.14742902,130273026.09626824,4396377.948839217,-0.013248121979358046,-0.01705211351057696,-0.003803991531218914,0.0,0.00018518128750845292,0.00018518128750845292,2518882.153926276,3344349.3008508272,825467.1469245511,2567607238.090125,3392353855.8299246,824746617.7397995,-0.013248121979358046,-0.017237294798085414,-0.003989172818727368
2025-08-15,127139890.29056394,132399470.57408625,5259580.283522308,30949.518376887485,673641.2022583038,642691.6838814162,127108940.77218705,131725829.37182795,4616888.599640891,0.009787277714795936,0.011501140295177785,0.0017138625803818485,0.0,0.0001972246726756157,0.0001972246726756157,2518882.153926276,3370169.869567132,851287.715640856,2567607238.090125,3418147964.03122,850540725.9410949,0.009787277714795936,0.011303915622502169,0.0015166379077062326
2025-08-18,128102903.24464701,133873606.035623,5770702.790975988,30949.518376887485,666376.9385286756,635427.420151788,128071953.72627012,133207229.09709433,5135275.370824203,0.007574435937314499,0.011327131022057508,0.003752695084743009,0.0,0.0001931328637199029,0.0001931328637199029,2518882.153926276,3395740.5584741044,876858.4045478282,2567607238.090125,3443709499.7256036,876102261.6354785,0.007574435937314499,0.011133998158337604,0.0035595622210231057
2025-08-19,127928080.39714453,133995017.22336973,6066936.826225206,30949.518376887485,732571.3703958681,701621.8520189805,127897130.87876764,133262445.85297386,5365314.974206224,-0.0013647063655428135,0.0011168376330565437,0.002481543998599357,0.0,0.00020992856156692828,0.00020992856156692828,2518882.153926276,3423844.4520209404,904962.2980946642,2567607238.090125,3471766244.109733,904159006.019608,-0.0013647063655428135,0.0009069090714896155,0.0022716154370324287
2025-08-20,129683743.43465377,135410660.55554548,5726917.120891705,30949.518376887485,712345.1453571226,681395.6269802351,129652793.91627689,134698315.41018835,5045521.49391146,0.013723828514106553,0.010767862441009376,-0.0029559660730971767,0.0,0.00020296710750702203,0.00020296710750702203,2518882.153926276,3451041.0330871213,932158.8791608452,2567607238.090125,3498959339.9979,931352101.9077749,0.013723828514106553,0.010564895333502354,-0.003158933180604199
2025-08-21,129271484.53164943,135311751.17939338,6040266.647743955,30949.518376887485,8402738.348437931,8371788.830061044,129240535.01327254,126909012.83095546,-2331522.182317078,-0.003178955912944332,-0.0005326233936197252,0.0026463325193246067,0.0,0.00019781670427438064,0.00019781670427438064,2518882.153926276,3477827.523681836,958945.3697555601,2567607238.090125,3521887240.7457776,954280002.6556525,-0.003178955912944332,-0.0007304400978941059,0.002448515815050226
2025-08-22,129724544.99403828,135114016.50661504,5389471.512576759,30949.518376887485,7913370.737867362,7882421.219490474,129693595.4756614,127200645.76874767,-2492949.7069137245,0.003504720813180851,-0.0012642907784555758,-0.0047690115916364266,0.0,0.00019703590643955848,0.00019703590643955848,2518882.153926276,3504488.797227392,985606.6433011158,2567607238.090125,3548779867.459846,981172629.3697209,0.003504720813180851,-0.0014613266848951343,-0.004966047498075985
2025-08-25,129817697.26969473,135261576.42433906,5443879.154644325,30949.518376887485,1054136.474610595,1023186.9562337075,129786747.75131784,134207439.94972847,4420692.19841063,0.0007180774899671283,0.0013143373434419399,0.0005962598534748116,0.0,0.00022222327904515728,0.00022222327904515728,2518882.153926276,3534514.2770204535,1015632.1230941773,2567607238.090125,3582219951.6446395,1014612713.5545144,0.0007180774899671283,0.0010921140643967825,0.00037403657442965424
2025-08-26,130050981.95217898,136754230.87185067,6703248.9196716845,30949.518376887485,688712.0191189069,657762.5007420194,130020032.4338021,136065518.85273176,6045486.418929666,0.001797017566870009,0.011226217406889845,0.009429199840019836,0.0,0.00019089986165514165,0.00019089986165514165,2518882.153926276,3560335.693247116,1041453.53932084,2567607238.090125,3608211169.3909354,1040603931.3008103,0.001797017566870009,0.011035317545234704,0.009238299978364695
2025-08-27,127487632.838829,135164216.57488444,7676583.736055449,30949.518376887485,729779.32060216,698829.8022252724,127456683.32045211,134434437.2542823,6977753.933830187,-0.019710340320940888,-0.011421485344042165,0.008288854976898723,0.0,0.00020531615840050434,0.00020531615840050434,2518882.153926276,3588413.54657474,1069531.392648464,2567607238.090125,3636254450.1411543,1068647212.0510292,-0.019710340320940888,-0.01162680150244267,0.008083538818498218
2025-08-28,128493206.19889049,135212614.86188456,6719408.662994072,30949.518376887485,726065.660785242,695116.1424083544,128462256.6805136,134486549.20109934,6024292.520585731,0.00788761496052524,0.0005641809420313768,-0.007323434018493864,0.0,0.00020611067590213246,0.00020611067590213246,2518882.153926276,3616272.334610772,1097390.1806844957,2567607238.090125,3664101165.613076,1096493927.5229511,0.00788761496052524,0.00035807026612924434,-0.007529544694395996
2025-08-29,129170058.99316995,135318590.83613974,6148531.84296979,30949.518376887485,735576.0843958342,704626.5660189467,129139109.47479306,134583014.7517439,5443905.276950851,0.005267615419540373,0.0009921395232045918,-0.004275475896335781,0.0,0.0002083666898530178,0.0002083666898530178,2518882.153926276,3644446.1395959137,1125563.9856696376,2567607238.090125,3692256128.4839206,1124648890.3937955,0.005267615419540373,0.000783772833351574,-0.004483842586188799
2025-09-01,128484676.10630956,135687070.64894536,7202394.542635798,30949.518376887485,748646.2630603584,717696.7446834708,128453726.58793268,134938424.385885,6484697.797952324,-0.005306050738094237,0.0029340493635561663,0.008240100101650404,0.0,0.00021099549099682846,0.00021099549099682846,2518882.153926276,3672997.752110384,1154115.5981841078,2567607238.090125,3720786930.102802,1153179692.0126767,-0.005306050738094237,0.0027230538725593377,0.008029104610653575
2025-09-02,127217531.43345404,133039199.82053883,5821668.387084797,30949.518376887485,708925.608638566,677976.0902616784,127186581.91507715,132330274.21190026,5143692.296823114,-0.009862224128635211,-0.019314806465767165,-0.009452582337131954,0.0,0.00019973398191629627,0.00019973398191629627,2518882.153926276,3700099.0710256556,1181216.9170993795,2567607238.090125,3747894558.6858277,1180287320.5957026,-0.009862224128635211,-0.01951454044768346,-0.009652316319048249
2025-09-03,126383865.71243945,130618725.19651622,4234859.484076768,30949.518376887485,658991.498289655,628041.9799127674,126352916.19406256,129959733.69822656,3606817.5041639954,-0.006553072612092537,-0.01800404583489583,-0.011450973222803293,0.0,0.00018964916092254313,0.00018964916092254313,2518882.153926276,3725329.8436414273,1206447.6897151512,2567607238.090125,3773137682.970466,1205530444.880341,-0.006553072612092537,-0.018193694995818372,-0.011640622383725836
2025-09-04,126122572.6392805,130576408.95726164,4453836.317981139,30949.518376887485,663789.5024948595,632839.984117972,126091623.12090361,129912619.45476678,3820996.333863169,-0.0020674559342366405,-0.00013233941615737292,0.0019351165180792676,0.0,0.00019162821705076056,0.00019162821705076056,2518882.153926276,3750360.077064279,1231477.9231380029,2567607238.090125,3798153002.274503,1230545764.1843781,-0.0020674559342366405,-0.0003239676332081335,0.0017434883010285069
2025-09-05,127190769.08131234,132169541.1713733,4978772.090060949,30949.518376887485,708158.0032865396,677208.484909652,127159819.56293546,131461383.16808675,4301563.605151296,0.008469510411010748,0.01240788136893168,0.003938370957920932,0.0,0.00020711534362999768,0.00020711534362999768,2518882.153926276,3777404.4548754334,1258522.3009491572,2567607238.090125,3825161673.646356,1257554435.556231,0.008469510411010748,0.012200766025301681,0.0037312556142909334
2025-09-08,128335637.3803801,134589426.4583664,6253789.0779863,30949.518376887485,661264.3752706181,630314.8568937306,128304687.8620032,133928162.08309577,5623474.221092567,0.009001190159765783,0.018500283543680465,0.009499093383914681,0.0,0.00019133531289681894,0.00019133531289681894,2518882.153926276,3802693.155390887,1283811.001464611,2567607238.090125,3850461176.62556,1282853938.5354347,0.009001190159765783,0.018308948230783644,0.009307758071017861
2025-09-09,127420801.82440284,134178244.2631483,6757442.438745454,30949.518376887485,742351.3199189221,711401.8015420346,127389852.30602595,133435892.94322938,6046040.637203425,-0.007128460766246327,-0.002845162192705661,0.004283298573540666,0.0,0.00020992323293359124,0.00020992323293359124,2518882.153926276,3830946.602911705,1312064.448985429,2567607238.090125,3878659953.9502935,1311052715.8601685,-0.007128460766246327,-0.003055085425639252,0.004073375340607075
2025-09-10,127593682.59777853,133606873.9782547,6013191.380476177,30949.518376887485,702828.4494453818,671878.9310684942,127562733.07940164,132904045.52880932,5341312.449407682,0.001356770408758964,-0.004058525026194673,-0.005415295434953636,0.0,0.000199768022960336,0.000199768022960336,2518882.153926276,3857751.1254924433,1338868.9715661672,2567607238.090125,3905470835.704978,1337863597.614853,0.001356770408758964,-0.004258293049155009,-0.005615063457913972
2025-09-11,129362351.7835695,134726222.11927354,5363870.3357040435,30949.518376887485,714623.7162754657,683674.1978985781,129331402.26519261,134011598.40299809,4680196.137805477,0.013861730062031804,0.00858277912714426,-0.005278950934887543,0.0,0.00020485583854895991,0.00020485583854895991,2518882.153926276,3885121.273697164,1366239.1197708878,2567607238.090125,3932821401.202181,1365214163.1120558,0.013861730062031804,0.008377923288595301,-0.005483806773436503
2025-09-12,129756145.06646217,133987012.22837806,4230867.161915883,30949.518376887485,722084.3112668823,691134.7928899948,129725195.54808529,133264927.91711117,3539732.369025886,0.003044110419015206,-0.005281774403555612,-0.008325884822570817,0.0,0.00020498147267656653,0.00020498147267656653,2518882.153926276,3912737.653115323,1393855.4991890467,2567607238.090125,3960420242.1331353,1392813004.0430102,0.003044110419015206,-0.005486755876232178,-0.008530866295247384
2025-09-15,129305630.84780803,133906456.02116656,4600825.17335853,30949.518376887485,724359.437833582,693409.9194566945,129274681.32943115,133182096.58333299,3907415.2539018393,-0.0034720068049446423,-0.00039375598361438046,0.003078250821330262,0.0,0.00020746801468023092,0.00020746801468023092,2518882.153926276,3940535.67253528,1421653.518609004,2567607238.090125,3988203224.980099,1420595986.889974,-0.0034720068049446423,-0.0006012239982946114,0.002870782806650031
2025-09-16,129677496.89110151,133597663.22104128,3920166.3299397677,30949.518376887485,675388.2226765994,644438.7042997119,129646547.37272462,132922274.99836467,3275727.6256400496,0.0028758689072957717,-0.0021141580564397427,-0.004990026963735515,0.0,0.0001918756427605046,0.0001918756427605046,2518882.153926276,3966229.059854123,1447346.9059278467,2567607238.090125,4013908251.2128615,1446301013.1227365,0.0028758689072957717,-0.0023060336992002475,-0.005181902606496019
2025-09-17,130983090.75729229,134199368.10521187,3216277.3479195833,30949.518376887485,691767.3280418124,660817.8096649249,130952141.2389154,133507600.77717006,2555459.5382546633,0.010068006381146969,0.0047023740049287705,-0.0053656323762181985,0.0,0.0001985161554463785,0.0001985161554463785,2518882.153926276,3992750.354333384,1473868.2004071078,2567607238.090125,4040408095.4922,1472800857.4020748,0.010068006381146969,0.004503857849482392,-0.005564148531664577
2025-09-18,129540732.02618375,132271055.1141582,2730323.087974444,30949.518376887485,703782.4154475201,672832.8970706325,129509782.50780687,131567272.69871068,2057490.1909038126,-0.011011793375537142,-0.014167489633656431,-0.0031556962581192893,0.0,0.00020152728706319178,0.00020152728706319178,2518882.153926276,4019795.188913222,1500913.0349869458,2567607238.090125,4067433400.111046,1499826162.0209208,-0.011011793375537142,-0.014369016920719624,-0.003357223545182482
2025-09-19,129218395.03561866,132090481.46546628,2872086.429847613,30949.518376887485,725353.3624516139,694403.8440747263,129187445.51724178,131365128.10301466,2177682.585772887,-0.002488306075805857,-0.0011545804575551705,0.0013337256182506863,0.0,0.00021059840592388816,0.00021059840592388816,2518882.153926276,4047651.2622701344,1528769.1083438583,2567607238.090125,4095264759.9577775,1527657521.8676524,-0.002488306075805857,-0.0013651788634790587,0.001123127212326798
2025-09-22,128919024.21773109,131654944.04532106,2735919.827589974,30949.518376887485,663682.5925152274,632733.0741383398,128888074.6993542,130991261.45280583,2103186.7534516305,-0.002316781738428602,-0.0031051962742062894,-0.0007884145357776873,0.0,0.00019206947358402712,0.00019206947358402712,2518882.153926276,4073021.811510667,1554139.657584391,2567607238.090125,4120653459.3086576,1553046221.2185326,-0.002316781738428602,-0.0032972657477903164,-0.0009804840093617143
2025-09-23,129606380.22767694,131329724.38756396,1723344.1598870158,30949.518376887485,647572.6972234286,616623.1788465411,129575430.70930006,130682151.69034053,1106720.9810404778,0.005331687965501355,-0.002282156293755929,-0.007613844259257284,0.0,0.00018808635543124811,0.00018808635543124811,2518882.153926276,4097784.3101106565,1578902.1561843804,2567607238.090125,4145411631.6069927,1577804393.5168676,0.005331687965501355,-0.002470242649187177,-0.007801930614688532
2025-09-24,131566081.99689971,132313943.65048099,747861.6535812765,30949.518376887485,670478.682226209,639529.1638493214,131535132.47852282,131643464.96825477,108332.48973195255,0.0151204112465775,0.007689885002435011,-0.007430526244142489,0.0,0.00019562376411457318,0.00019562376411457318,2518882.153926276,4123475.5251354813,1604593.3712092051,2567607238.090125,4171078548.0318036,1603471309.9416785,0.0151204112465775,0.0074942612383204375,-0.0076261500082570625
2025-09-25,130757881.13766828,131717059.92506291,959178.7873946279,30949.518376887485,679436.3350493349,648486.8166724474,130726931.6192914,131037623.59001358,310691.9707221836,-0.006142927166064519,-0.004314237240756579,0.0018286899253079402,0.0,0.00019688009843177762,0.00019688009843177762,2518882.153926276,4149525.5073852846,1630643.3534590085,2567607238.090125,4197111026.464071,1629503788.3739457,-0.006142927166064519,-0.0045111173391883565,0.0016318098268761627
2025-09-26,129715709.48341982,131218336.75608118,1502627.2726613581,30949.518376887485,732012.5946202725,701063.076243385,129684759.96504293,130486324.1614609,801564.1964179724,-0.007970239691718558,-0.003573468919115413,0.004396770772603145,0.0,0.0002128528319581906,0.0002128528319581906,2518882.153926276,4177561.856607541,1658679.7026812648,2567607238.090125,4225107069.38193,1657499831.2918048,-0.007970239691718558,-0.0037863217510736035,0.004183917940644955
2025-09-29,130204166.9276017,132446357.87820467,2242190.9506029785,30949.518376887485,711466.4911625385,680516.972785651,130173217.40922481,131734891.38704214,1561673.9778173268,0.0037655997575552613,0.009565149466200781,0.00579954970864552,0.0,0.00020654035346499348,0.00020654035346499348,2518882.153926276,4204663.7382622305,1685781.5843359544,2567607238.090125,4252205673.1475215,1684598435.0573964,0.0037655997575552613,0.009358609112735788,0.005593009355180527
2025-09-30,129899271.07513098,132496736.73930538,2597465.664174393,30949.518376887485,699085.1449625306,668135.626585643,129868321.5567541,131797651.59434284,1929330.0375887454,-0.0023416750758848155,0.0005827288414709834,0.002924403917355799,0.0,0.00020235702975962634,0.00020235702975962634,2518882.153926276,4231465.1898449445,1712583.0359186684,2567607238.090125,4278999914.677544,1711392676.587419,-0.0023416750758848155,0.0003803718117113571,0.0027220468875961724
2025-10-09,130414202.72194144,133110399.02515598,2696196.303214535,30949.518376887485,672037.5586661426,641088.0402892551,130383253.20356455,132438361.46648984,2055108.2629252821,0.003964084190377262,0.004825074947182066,0.0008609907568048036,0.0,0.000193547402031926,0.000193547402031926,2518882.153926276,4257109.589018545,1738227.435092269,2567607238.090125,4304645015.444707,1737037777.3545818,0.003964084190377262,0.00463152754515014,0.0006674433547728779
2025-10-10,130867600.71218131,135442242.0665418,4574641.354360476,30949.518376887485,669509.403700226,638559.8853233384,130836651.19380443,134772732.66284156,3936081.4690371305,0.0034765997934026547,0.01771078251249491,0.014234182719092254,0.0,0.00019266928871042302,0.00019266928871042302,2518882.153926276,4282755.8749186825,1763873.7209924064,2567607238.090125,4330279742.279377,1762672504.189252,0.0034765997934026547,0.017518113223784486,0.014041513430381831
2025-10-13,131535908.39346486,135423617.8438287,3887709.4503638446,30949.518376887485,719624.9086686447,688675.3902917572,131504958.87508798,134703992.93516007,3199034.060072094,0.005106746648113199,6.703762408248258e-05,-0.0050397090240307165,0.0,0.00020454437551334774,0.00020454437551334774,2518882.153926276,4310459.823740311,1791577.6698140348,2567607238.090125,4357944781.374109,1790337543.2839842,0.005106746648113199,-0.00013750675143086514,-0.0052442533995440644
2025-10-14,130293851.33436038,136011724.75620764,5717873.421847269,30949.518376887485,756386.066588521,725436.5482116335,130262901.81598349,135255338.68961912,4992436.873635635,-0.00944272232787649,0.00455740576985251,0.014000128097729,0.0,0.00021468533642600665,0.00021468533642600665,2518882.153926276,4339533.28869714,1820651.1347708642,2567607238.090125,4386985329.0195,1819378090.9293747,-0.00944272232787649,0.0043427204334265035,0.013785442761302995
2025-10-15,131583644.28460586,137005515.50863412,5421871.2240282595,30949.518376887485,709799.5780927083,678850.0597158207,131552694.76622897,136295715.93054143,4743021.164312452,0.009899108338854878,0.007506250839120759,-0.0023928574997341195,0.0,0.00019959581207965705,0.00019959581207965705,2518882.153926276,4366680.65935221,1847798.5054259342,2567607238.090125,4414142419.23349,1846535181.143365,0.009899108338854878,0.007306655027041102,-0.002592453311813777
2025-10-16,130673256.66162604,136509538.69603825,5836282.034412205,30949.518376887485,674781.777998413,643832.2596215254,130642307.14324915,135834756.91803983,5192449.774790674,-0.006918698960873264,-0.0034314400320850347,0.003487258928788229,0.0,0.00018868292978665332,0.00018868292978665332,2518882.153926276,4392531.26141531,1873649.107489034,2567607238.090125,4439997604.895605,1872390366.80548,-0.006918698960873264,-0.003620122961871688,0.0032985759990015757
2025-10-17,128824289.73935594,134757544.37079722,5933254.63144128,30949.518376887485,742904.606251521,711955.0878746335,128793340.22097905,134014639.76454571,5221299.543566659,-0.01414954344528155,-0.012624671360888056,0.001524872084393494,0.0,0.0002095550380608355,0.0002095550380608355,2518882.153926276,4421137.522992426,1902255.3690661495,2567607238.090125,4468555501.927804,1900948263.837679,-0.01414954344528155,-0.012834226398948892,0.001315317046332658
2025-10-20,129032530.42457685,134680531.37368584,5648000.949108988,30949.518376887485,733275.2310625026,702325.712685615,129001580.90619996,133947256.14262334,4945675.236423373,0.0016164706643617874,-0.0003628475583082072,-0.0019793182226699947,0.0,0.00020864546993718794,0.00020864546993718794,2518882.153926276,4449254.074165252,1930371.920238976,2567607238.090125,4496662809.512639,1929055571.422514,0.0016164706643617874,-0.0005714930282453951,-0.0021879636926071828
2025-10-21,130701626.46207967,135930827.05348298,5229200.5914033055,30949.518376887485,675788.9928226983,644839.4744458108,130670676.94370279,135255038.06066027,4584361.116957486,0.012935466986586448,0.009475532285134773,-0.003459934701451674,0.0,0.00019211420648121682,0.00019211420648121682,2518882.153926276,4475128.117578576,1956245.9636523002,2567607238.090125,4522552659.023376,1954945420.9332514,0.012935466986586448,0.009283418078653558,-0.00365204890793289
2025-10-22,131293516.46136063,135722116.8125431,4428600.351182461,30949.518376887485,717020.421022973,686070.9026460855,131262566.94298375,135005096.3915201,3742529.448536366,0.004528558789225808,-0.0013325886108551633,-0.0058611474000809715,0.0,0.00020282646359124455,0.00020282646359124455,2518882.153926276,4502698.486522867,1983816.3325965912,2567607238.090125,4550088627.069094,1982481388.9789686,0.004528558789225808,-0.0015354150744464078,-0.006063973863672216
2025-10-23,131664058.78423567,136211876.20957965,4547817.425343975,30949.518376887485,669269.6487172507,638320.1303403631,131633109.26585878,135542606.5608624,3909497.295003608,0.0028222438766356563,0.003797433591265228,0.0009751897146295717,0.0,0.0001888883626861661,0.0001888883626861661,2518882.153926276,4528334.814947889,2009452.661021613,2567607238.090125,4575736012.716056,2008128774.6259308,0.0028222438766356563,0.003608545228579062,0.0007863013519434055
2025-10-24,131990106.1612289,134664671.27280223,2674565.1115733385,30949.518376887485,676688.6038109558,645739.0854340682,131959156.64285201,133987982.66899127,2028826.0261392593,0.0024763582408433406,-0.011167941136334548,-0.013644299377177888,0.0,0.00019086970918113347,0.00019086970918113347,2518882.153926276,4554333.536147028,2035451.382220752,2567607238.090125,4601718025.077048,2034110786.9869232,0.0024763582408433406,-0.011358810845515682,-0.013835169086359022
2025-10-27,133122619.0690708,135975157.6395432,2852538.5704724044,30949.518376887485,711254.8416794911,680305.3233026036,133091669.55069391,135263902.79786372,2172233.2471698076,0.008580286362210482,0.009934277963330655,0.0013539916011201733,0.0,0.00020279936278365152,0.00020279936278365152,2518882.153926276,4581643.445670622,2062761.2917443463,2567607238.090125,4628996996.526946,2061389758.436821,0.008580286362210482,0.009731478600547003,0.0011511922383365212
2025-10-28,133072999.8843545,135284410.9323247,2211411.0479702055,30949.518376887485,724185.0123957945,693235.494018907,133042050.36597762,134560225.9199289,1518175.5539512932,-0.0003727329364708053,-0.004875463368888884,-0.004502730432418079,0.0,0.00020448446282902204,0.00020448446282902204,2518882.153926276,4609448.252738636,2090566.0988123599,2567607238.090125,4656781436.106068,2089174198.0159426,-0.0003727329364708053,-0.005079947831717906,-0.004707214895247101
2025-10-29,132907766.53466645,135686383.70046258,2778617.165796131,30949.518376887485,713068.7353105405,682119.216933653,132876817.01628956,134973314.96515203,2096497.9488624632,-0.0012416744931852983,0.0031736594873690593,0.004415333980554358,0.0,0.0002023432405994522,0.0002023432405994522,2518882.153926276,4636822.1388492705,2117939.9849229944,2567607238.090125,4684147193.412189,2116539955.3220634,-0.0012416744931852983,0.0029713162467696072,0.004212990739954905
2025-10-30,131068436.05337082,135672435.0433324,4603998.989961579,30949.518376887485,693805.6645980729,662856.1462211853,131037486.53499393,134978629.37873432,3941142.8437403888,-0.013839149729567355,9.333295142080251e-05,0.013932482680988158,0.0,0.0001961336654627837,0.0001961336654627837,2518882.153926276,4663434.806637832,2144552.652711556,2567607238.090125,4710756186.402213,2143148948.312088,-0.013839149729567355,-0.00010280071404198119,0.013736349015525373
2025-10-31,130753372.28102303,136829161.00204405,6075788.721021026,30949.518376887485,681518.2670819331,650568.7487050456,130722422.76264614,136147642.7349621,5425219.972315967,-0.0024038111831860085,0.008718384021037891,0.0111221952042239,0.0,0.0001925109625775825,0.0001925109625775825,2518882.153926276,4689553.237703268,2170671.0837769923,2567607238.090125,4736867701.950874,2169260463.8607492,-0.0024038111831860085,0.00852587305846031,0.010929684241646318
2025-11-03,131431034.57856667,138715699.09036493,7284664.511798263,30949.518376887485,743783.7912968704,712834.2729199829,131400085.06018978,137971915.29906806,6571830.23887828,0.005182751968241188,0.013996320575854329,0.008813568607613141,0.0,0.000208776498954678,0.000208776498954678,2518882.153926276,4718119.950892181,2199237.796965905,2567607238.090125,4765388999.021087,2197781760.9309616,0.005182751968241188,0.01378754407689965,0.008604792108658462
2025-11-04,131651734.35700466,137971000.379246,6319266.022241339,30949.518376887485,743686.5831626309,712737.0647857434,131620784.83862777,137227313.79608336,5606528.95745559,0.0016792059740354348,-0.005162938469578889,-0.006842144443614324,0.0,0.00020558662168572762,0.00020558662168572762,2518882.153926276,4746638.042842943,2227755.888916667,2567607238.090125,4793892880.52994,2226285642.4398146,0.0016792059740354348,-0.005368525091264617,-0.007047731065300052
2025-11-05,132089399.12520693,138660833.9881901,6571434.862983182,30949.518376887485,687761.772748149,656812.2543712615,132058449.60683005,137973072.21544197,5914622.608611926,0.0033244132357226988,0.005190612203870362,0.0018661989681476635,0.0,0.00019076725784585794,0.00019076725784585794,2518882.153926276,4772958.392247542,2254076.2383212657,2567607238.090125,4820228032.165043,2252620794.074918,0.0033244132357226988,0.004999844946024504,0.0016754317103018054
2025-11-06,133176606.4380431,139332360.46923232,6155754.031189218,30949.518376887485,743371.6235228628,712422.1051459752,133145656.91966622,138588988.84570944,5443331.926043227,0.008230844564639222,0.005048944554177852,-0.00318190001046137,0.0,0.0002060018015084072,0.0002060018015084072,2518882.153926276,4801522.773847767,2282640.619921491,2567607238.090125,4848750326.649081,2281143088.558956,0.008230844564639222,0.004842942752669444,-0.0033879018119697775
2025-11-07,133507248.94483735,140375013.5687036,6867764.623866245,30949.518376887485,684166.8333411571,653217.3149642695,133476299.42646046,139690846.73536244,6214547.3089019805,0.00248273713858347,0.0076706841796036,0.00518794704102013,0.0,0.00018747571345899568,0.00018747571345899568,2518882.153926276,4827644.207534662,2308762.0536083863,2567607238.090125,4874888302.014225,2307281063.9241,0.00248273713858347,0.0074832084661446046,0.005000471327561135
2025-11-10,133588231.94045456,141198842.78659698,7610610.846142426,30949.518376887485,771200.6061305972,740251.0877537096,133557282.42207767,140427642.18046638,6870359.758388713,0.0006065812624951286,0.00608029754676354,0.005473716284268411,0.0,0.0002115236321652271,0.0002115236321652271,2518882.153926276,4857336.840269958,2338454.6863436815,2567607238.090125,4904522571.546758,2336915333.4566326,0.0006065812624951286,0.005868773914598313,0.0052621926521031846
2025-11-11,134380312.34768558,142115826.48306498,7735514.135379404,30949.518376887485,709303.639754504,678354.1213776164,134349362.8293087,141406522.84331048,7057160.014001787,0.005929267838383241,0.006686415261138215,0.0007571474227549739,0.0,0.00019214322341413168,0.00019214322341413168,2518882.153926276,4884467.24106532,2365585.0871390435,2567607238.090125,4931670355.624909,2364063117.5347843,0.005929267838383241,0.006494272037724083,0.0005650041993408425
2025-11-12,133763110.20025082,141503314.77410933,7740204.573858514,30949.518376887485,788773.1200800287,757823.6017031411,133732160.68187393,140714541.6540293,6982380.972155377,-0.004592950683414498,-0.00409617627171389,0.0004967744117006078,0.0,0.00021377093201035229,0.00021377093201035229,2518882.153926276,4914847.473746026,2395965.31981975,2567607238.090125,4961995663.449113,2394388425.358988,-0.004592950683414498,-0.004309947203724242,0.0002830034796902558
2025-11-13,133884728.83240515,141713900.7238365,7829171.891431361,30949.518376887485,777351.7873463994,746402.2689695118,133853779.31402826,140936548.93649012,7082769.622461855,0.0009092090634873902,0.0016989088435163668,0.0007896997800289767,0.0,0.00021070377875622852,0.00021070377875622852,2518882.153926276,4944662.756875463,2425780.6029491867,2567607238.090125,4991801749.603352,2424194511.5132265,0.0009092090634873902,0.0014882050647601383,0.0005789960012727481
2025-11-14,132848553.34417339,140876856.95638502,8028303.61221163,30949.518376887485,699017.6678829025,668068.149506015,132817603.8257965,140177839.28850213,7360235.462705627,-0.007739310504402872,-0.0057181823578059685,0.0020211281465969035,0.0,0.00018839253129171584,0.00018839253129171584,2518882.153926276,4971360.597352049,2452478.443425773,2567607238.090125,5018525408.21943,2450918170.129305,-0.007739310504402872,-0.005906574889097685,0.0018327356153051873
2025-11-17,132118030.75513978,139550905.70075947,7432874.945619687,30949.518376887485,724804.3072855035,693854.7889086159,132087081.2367629,138826101.39347395,6739020.156711057,-0.005498912638822828,-0.009214589754587185,-0.003715677115764357,0.0,0.00019753998959113562,0.00019753998959113562,2518882.153926276,4999189.4102088455,2480307.2562825694,2567607238.090125,5046327413.350097,2478720175.2599716,-0.005498912638822828,-0.00941212974417832,-0.003913217105355492
2025-11-18,131162598.56931593,138030669.6661026,6868071.096786663,30949.518376887485,734546.726110559,703597.2077336714,131131649.05093904,137296122.93999204,6164473.889053002,-0.0072316562725234885,-0.01069148581660751,-0.003459829544084021,0.0,0.0002022882296659056,0.0002022882296659056,2518882.153926276,5027418.915871326,2508536.7619450497,2567607238.090125,5074537933.050332,2506930694.960207,-0.0072316562725234885,-0.010893774046273416,-0.0036621177737499273
2025-11-19,130558827.51320602,137053478.54238322,6494651.029177204,30949.518376887485,746960.5611364674,716011.0427595798,130527877.99482913,136306517.98124677,5778639.986417636,-0.004603225787653394,-0.0068718725767288515,-0.0022686467890754578,0.0,0.00020764914176456972,0.00020764914176456972,2518882.153926276,5056080.865964681,2537198.712038405,2567607238.090125,5103179345.251127,2535572107.161002,-0.004603225787653394,-0.007079521718493421,-0.0024762959308400273
2025-11-20,130710878.06927277,136590491.85862058,5879613.7893478125,30949.518376887485,711251.4104084866,680301.8920315991,130679928.55089588,135879240.4482121,5199311.8973162025,0.0011646133697958614,-0.0031798477037132014,-0.0043444610735090625,0.0,0.00019829846730472727,0.00019829846730472727,2518882.153926276,5083258.360698417,2564376.2067721407,2567607238.090125,5130361105.81286,2562753867.7227345,0.0011646133697958614,-0.003378146171017929,-0.00454275954081379
2025-11-21,127681329.66325502,133125912.81578824,5444583.152533218,30949.518376887485,731519.6552519063,700570.1368750187,127650380.14487813,132394393.16053633,4744013.0156582,-0.023177477274784905,-0.02515886602065458,-0.0019813887458696756,0.0,0.00020585004185431983,0.00020585004185431983,2518882.153926276,5111375.519164416,2592493.36523814,2567607238.090125,5158454071.577204,2590846833.4870787,-0.023177477274784905,-0.0253647160625089,-0.0021872387877239947
2025-11-24,128151540.07559645,133698669.82387121,5547129.748274758,30949.518376887485,679853.1825986393,648903.6642217517,128120590.55721956,133018816.64127257,4898226.08405301,0.003682687308955485,0.0044970531899530914,0.0008143658809976065,0.0,0.00019468262986898328,0.00019468262986898328,2518882.153926276,5137292.821975103,2618410.6680488265,2567607238.090125,5184384248.972813,2616777010.8826876,0.003682687308955485,0.004302370560084108,0.0006196832511286233
2025-11-25,128241844.65401012,134651431.79326308,6409587.139252961,30949.518376887485,677391.572872337,646442.0544954494,128210895.13563323,133974040.22039075,5763145.084757522,0.000704670254921593,0.007320286766995652,0.00661561651207406,0.0,0.00019409792273119913,0.00019409792273119913,2518882.153926276,5163243.4560598405,2644361.3021335644,2567607238.090125,5210323138.545371,2642715900.455246,0.000704670254921593,0.007126188844264453,0.00642151858934286
2025-11-26,128426068.36159194,134456283.5182558,6030215.156663865,30949.518376887485,691470.8745361567,660521.3561592691,128395118.84321505,133764812.64371964,5369693.800504595,0.0014365335127457357,-0.0012520570412545098,-0.0026885905540002452,0.0,0.0001972277707101963,0.0001972277707101963,2518882.153926276,5189800.457775362,2670918.3038490857,2567607238.090125,5236859822.109203,2669252584.0190783,0.0014365335127457357,-0.001449284811964706,-0.0028858183247104418
2025-11-27,128624552.95570925,134698387.63363558,6073834.677926332,30949.518376887485,694047.5713785728,663098.0530016853,128593603.43733236,134004340.06225702,5410736.62492466,0.0015455163943699293,0.001998050541433958,0.0004525341470640286,0.0,0.00019743469035765756,0.00019743469035765756,2518882.153926276,5216346.79247843,2697464.638552154,2567607238.090125,5263391595.296499,2695784357.206374,0.0015455163943699293,0.0018006158510763003,0.000255099456706371
2025-11-28,129898968.28981842,134634840.19862807,4735871.908809647,30949.518376887485,684854.396932153,653904.8785552655,129868018.77144153,133949985.80169591,4081967.030254379,0.00990802537170338,-0.0002767893801275879,-0.01018481475183097,0.0,0.00019498638589237683,0.00019498638589237683,2518882.153926276,5242611.144268643,2723728.990342367,2567607238.090125,5289647411.49804,2722040173.407915,0.00990802537170338,-0.0004717757660199647,-0.010379801137723346
2025-12-01,131100604.96457003,136061394.50480473,4960789.5402347,30949.518376887485,685375.152210353,654425.6338334654,131069655.44619314,135376019.35259438,4306363.906401232,0.009250548257401323,0.010790631905879236,0.0015400836484779131,0.0,0.0001949027166734319,0.0001949027166734319,2518882.153926276,5268851.840382249,2749969.686455973,2567607238.090125,5315874726.88595,2748267488.795825,0.009250548257401323,0.010595729189205804,0.0013451809318044804
2025-12-02,131197331.44439809,136628399.06222925,5431067.617831156,30949.518376887485,707889.3554608524,676939.8370839648,131166381.9260212,135920509.7067684,4754127.78074719,0.0007378034590626033,0.004366941070008409,0.0036291376109458054,0.0,0.00019967114389800978,0.00019967114389800978,2518882.153926276,5296019.374663382,2777137.2207371057,2567607238.090125,5343017420.298315,2775410182.20819,0.0007378034590626033,0.004167269926110399,0.0034294664670477953
2025-12-03,131957870.53078958,137221770.44711816,5263899.916328579,30949.518376887485,692869.8670472354,661920.3486703478,131926921.0124127,136528900.58007094,4601979.567658246,0.005796909723836974,0.004534253690019526,-0.001262656033817448,0.0,0.00019129579135705138,0.00019129579135705138,2518882.153926276,5322155.812383838,2803273.658457562,2567607238.090125,5369148299.544118,2801541061.453993,0.005796909723836974,0.004342957898662475,-0.0014539518251744992
2025-12-04,131523815.33830713,135994514.13037953,4470698.7920724,30949.518376887485,699940.8506347416,668991.332257854,131492865.81993024,135294573.27974477,3801707.4598145336,-0.0032893467493564847,-0.008747867859123688,-0.005458521109767203,0.0,0.00019572988589731228,0.00019572988589731228,2518882.153926276,5349014.21385608,2830132.0599298035,2567607238.090125,5395989736.32383,2828382498.2337046,-0.0032893467493564847,-0.008943597745021,-0.005654250995664516
2025-12-05,131719203.60817625,136307072.87162822,4587869.263451979,30949.518376887485,702148.8877151357,671199.3693382482,131688254.08979936,135604923.9839131,3916669.8941137344,0.0014855733113165771,0.0024960361604441043,0.0010104628491275271,0.0,0.00019771741393170196,0.00019771741393170196,2518882.153926276,5375902.697498837,2857020.5435725604,2567607238.090125,5422863671.706225,2855256433.6161003,0.0014855733113165771,0.0022983187465124024,0.0008127454351958253
2025-12-08,131510024.93909432,135921660.47517198,4411635.536077663,30949.518376887485,727172.6827154728,696223.1643385852,131479075.42071743,135194487.7924565,3715412.3717390746,-0.0015880650911325577,-0.002622376014894098,-0.0010343109237615404,0.0,0.00020515441574772713,0.00020515441574772713,2518882.153926276,5403866.695396098,2884984.541469822,2567607238.090125,5450801175.707039,2883193937.616914,-0.0015880650911325577,-0.002827530430641825,-0.0012394653395092674
2025-12-09,131066098.84800008,134977109.3383405,3911010.4903404117,30949.518376887485,708583.8801919175,677634.36181503,131035149.32962319,134268525.45814857,3233376.1285253763,-0.0033756064703039496,-0.0067503471199316335,-0.003374740649627684,0.0,0.00019888476503366102,0.00019888476503366102,2518882.153926276,5430899.442902688,2912017.288976412,2567607238.090125,5477829701.241138,2910222463.1510134,-0.0033756064703039496,-0.006949231884965295,-0.003573625414661345
2025-12-10,132018991.31580366,135690301.5713351,3671310.255531445,30949.518376887485,703743.0439946875,672793.5256178,131988041.79742678,134986558.5273404,2998516.729913637,0.007270319908649075,0.005483210546227216,-0.0017871093624218593,0.0,0.0001994091928666833,0.0001994091928666833,2518882.153926276,5457815.1193313245,2938932.9654050483,2567607238.090125,5504734340.249659,2937127102.1595335,0.007270319908649075,0.005283801353360533,-0.001986518555288542
2025-12-11,131555812.27831309,134789262.92957327,3233450.6512601823,30949.518376887485,699534.7869212106,668585.268544323,131524862.7599362,134089728.14265205,2564865.382715851,-0.0035084273321146827,-0.006443118651221663,-0.00293469131910698,0.0,0.00019728697340689884,0.00019728697340689884,2518882.153926276,5484585.048249003,2965702.8943227264,2567607238.090125,5531492988.331415,2963885750.24129,-0.0035084273321146827,-0.006640405624628562,-0.003131978292513879
2025-12-12,131885906.40550631,134911447.08229914,3025540.67679283,30949.518376887485,678375.126794762,647425.6084178744,131854956.88712943,134233071.9555044,2378115.0683749616,0.0025091565433452406,0.0010973728680795617,-0.0014117836752656789,0.0,0.0001908900365077621,0.0001908900365077621,2518882.153926276,5510314.975570483,2991432.821644207,2567607238.090125,5557220630.519299,2989613392.4291735,0.0025091565433452406,0.0009064828315717996,-0.001602673711773441
2025-12-15,132014274.29280937,135501073.4226385,3486799.1298291385,30949.518376887485,735681.4349754257,704731.9165985382,131983324.77443248,134765391.9876631,2782067.21323061,0.0009733252839644957,0.00457894226557896,0.003605616981614464,0.0,0.00020847294595423765,0.00020847294595423765,2518882.153926276,5538440.362386679,3019558.208460403,2567607238.090125,5585303301.487997,3017696063.397872,0.0009733252839644957,0.004370469319624722,0.003397144035660226
2025-12-16,130847292.61946207,134150905.25444098,3303612.6349789053,30949.518376887485,706191.3318729345,675241.8134960469,130816343.10108519,133444713.92256804,2628370.821482852,-0.008839814327645463,-0.00976543504138883,-0.0009256207137433668,0.0,0.00019882674704916237,0.00019882674704916237,2518882.153926276,5565381.600036972,3046499.446110696,2567607238.090125,5612245813.571015,3044638575.4808903,-0.008839814327645463,-0.009964261788437992,-0.0011244474607925298
2025-12-17,131219166.9364017,134889922.76767203,3670755.831270337,30949.518376887485,678342.8518163376,647393.33343945,131188217.41802481,134211579.91585569,3023362.4978308827,0.0028420482342048094,0.005701879684190806,0.002859831449985997,0.0,0.0001930274566983705,0.0001930274566983705,2518882.153926276,5591276.408092021,3072394.254165745,2567607238.090125,5638141598.462065,3070534360.3719397,0.0028420482342048094,0.005508852227492436,0.0026668039932876268
2025-12-18,131114806.74814035,135809031.4410176,4694224.692877248,30949.518376887485,707323.6346118841,676374.1162349966,131083857.22976346,135101707.80640572,4017850.57664226,-0.0007953120774796987,0.007015137302630014,0.007810449380109713,0.0,0.00020136905006310635,0.00020136905006310635,2518882.153926276,5618439.063702833,3099556.909776557,2567607238.090125,5665276182.353674,3097668944.263549,-0.0007953120774796987,0.006813768252566908,0.007609080330046607
2025-12-19,131853425.2466859,137203972.135581,5350546.8888950795,30949.518376887485,349577.93247082597,318628.4140939385,131822475.72830902,136854394.20311016,5031918.474801138,0.005633372132900111,0.010365288050296913,0.0047319159173968015,0.0,9.394836277976096e-05,9.394836277976096e-05,2518882.153926276,5631198.099857422,3112315.9459311455,2567607238.090125,5678207711.841254,3110600473.751129,0.005633372132900111,0.010271339687517152,0.0046379675546170404
2025-12-22,133624151.54787993,136548976.74440557,2924825.1965256333,30949.518376887485,350288.1769448593,319338.65856797184,133593202.02950305,136198688.56746072,2605486.5379576683,0.013429505512512529,-0.004675944586585869,-0.018105450099098398,0.0,9.793608888154097e-05,9.793608888154097e-05,2518882.153926276,5644635.320267392,3125753.166341116,2567607238.090125,5691637858.518783,3124030620.4286575,0.013429505512512529,-0.00477388067546741,-0.01820338618797994
2025-12-23,133922099.51497981,136026621.55305758,2104522.0380777717,30949.518376887485,367626.88014881965,336677.36177193216,133891149.99660292,135658994.67290875,1767844.6763058305,0.0022297463718085058,-0.0037223669206141413,-0.005952113292422647,0.0,0.00010303846726905584,0.00010303846726905584,2518882.153926276,5658705.117538294,3139822.9636120177,2567607238.090125,5705691951.539447,3138084713.4493217,0.0022297463718085058,-0.003825405387883197,-0.006055151759691703
2025-12-24,134120592.99941823,135432200.25460157,1311607.2551833391,30949.518376887485,208105.12522287574,177155.60684598825,134089643.48104134,135224095.1293787,1134451.6483373642,0.0014821563069672226,-0.004312986235957867,-0.00579514254292509,0.0,5.69032141315582e-05,5.69032141315582e-05,2518882.153926276,5666445.46951212,3147563.3155858438,2567607238.090125,5713508194.214749,3145900956.1246243,0.0014821563069672226,-0.004369889450089426,-0.0058520457570566484
2025-12-25,134261603.6833275,135828809.96689937,1567206.2835718691,30949.518376887485,649973.7986527793,619024.2802758918,134230654.1649506,135178836.1682466,948182.0032959878,0.001051372356442525,0.0031175048787826865,0.0020661325223401616,0.0,0.00018903061969066046,0.00018903061969066046,2518882.153926276,5692046.302252317,3173164.1483260407,2567607238.090125,5738875292.20186,3171268054.1117353,0.001051372356442525,0.002928474259092026,0.0018771019026495009
2025-12-26,134503809.6285425,135228854.89309105,725045.2645485401,30949.518376887485,526858.2804311719,495908.7620542844,134472860.11016563,134701996.61265987,229136.50249424577,0.0018039851943545163,-0.004270150694633377,-0.006074135888987893,0.0,0.00014684356420256294,0.00014684356420256294,2518882.153926276,5711991.888829249,3193109.734902973,2567607238.090125,5758872463.744615,3191265225.6544895,0.0018039851943545163,-0.00441699425883594,-0.006220979453190456
2025-12-29,133440574.73958611,134396918.215342,956343.4757558703,30949.518376887485,707501.0222558659,676551.5038789783,133409625.22120923,133689417.19308612,279791.97187688947,-0.007904868210742285,-0.005949541983530373,0.0019553262272119128,0.0,0.000202522813637202,0.000202522813637202,2518882.153926276,5739378.817007135,3220496.6630808585,2567607238.090125,5786155377.087499,3218548138.9973736,-0.007904868210742285,-0.006152064797167575,0.0017528034135747108
2025-12-30,132745051.55129763,133026263.70924473,281212.15794709325,30949.518376887485,668699.5348183438,637750.0164414563,132714102.03292075,132357564.17442638,-356537.8584943712,-0.005212231659267187,-0.010008800998692778,-0.004796569339425591,0.0,0.00018975507162633393,0.00018975507162633393,2518882.153926276,5764881.313849445,3245999.1599231693,2567607238.090125,5811664523.425107,3244057285.334982,-0.005212231659267187,-0.010198556070319111,-0.004986324411051924
2025-12-31,132698935.9537425,133232258.07993115,533322.1261886507,30949.518376887485,677014.0538026085,646064.535425721,132667986.43536562,132555244.02612855,-112742.40923707187,-0.0003473997487379779,0.0017435038559425675,0.0020909036046805455,0.0,0.0001949797905244159,0.0001949797905244159,2518882.153926276,5790818.74688172,3271936.5929554435,2567607238.090125,5837584830.481373,3269977592.3912477,-0.0003473997487379779,0.0015485240654181515,0.0018959238141561293
2026-01-05,134447472.3393132,134840234.27744558,392761.9381323755,30949.518376887485,681224.9309829958,650275.4126061082,134416522.82093632,134159009.34646258,-257513.47447374463,0.0131767174544657,0.012264160252333548,-0.0009125572021321526,0.0,0.00019518971405937894,0.00019518971405937894,2518882.153926276,5816824.313239827,3297942.1593135507,2567607238.090125,5863575288.61771,3295968050.527585,0.0131767174544657,0.012068970538274168,-0.001107746916191532
2026-01-06,134660984.87319505,135793703.44916838,1132718.575973332,30949.518376887485,708026.746425882,677077.2280489944,134630035.35481817,135085676.70274252,455641.3479243517,0.00158807399028662,0.007271827071199453,0.0056837530809128334,0.0,0.00020072417055517483,0.00020072417055517483,2518882.153926276,5843890.007422633,3325007.8534963564,2567607238.090125,5890614049.045703,3323006810.955578,0.00158807399028662,0.007071102900644278,0.005483028910357658
2026-01-07,136665458.74049157,136298982.39597917,-366476.344512403,30949.518376887485,349175.9138746839,318226.3954977964,136634509.22211468,135949806.48210448,-684702.7400102019,0.014885334970511697,0.003815219664676241,-0.011070115305835456,0.0,9.428906202924202e-05,9.428906202924202e-05,2518882.153926276,5856693.868350332,3337811.7144240555,2567607238.090125,5903590933.459213,3335983695.369088,0.014885334970511697,0.003720930602646999,-0.011164404367864698
2026-01-08,136023313.60908455,136783299.58632964,759985.9772450924,30949.518376887485,596181.2920799404,565231.7737030529,135992364.09070766,136187118.29424968,194754.2035420239,-0.0046986644418057786,0.003723915488759788,0.008422579930565567,0.0,0.000170571349011021,0.000170571349011021,2518882.153926276,5879942.569646443,3361060.415720167,2567607238.090125,5926704507.715575,3359097269.62545,-0.0046986644418057786,0.0035533441397487668,0.008252008581554546
2026-01-09,136684127.71540594,137895149.2127426,1211021.4973366559,30949.518376887485,635597.8794413693,604648.3610644818,136653178.19702905,137259551.33330122,606373.1362721622,0.004858094460340075,0.008306615629796614,0.0034485211694565386,0.0,0.0001780675557590866,0.0001780675557590866,2518882.153926276,5904299.237472444,3385417.0835461677,2567607238.090125,5951029288.913981,3383422050.8238564,0.004858094460340075,0.008128548074037527,0.003270453613697452
2026-01-12,137457428.5302021,138053741.4380457,596312.9078436196,30949.518376887485,540653.4114051294,509703.8930282419,137426479.0118252,137513088.0266406,86609.01481539011,0.005657575811627976,0.0012994057439643365,-0.00435817006766364,0.0,0.0001493128929211158,0.0001493128929211158,2518882.153926276,5924888.761121187,3406006.607194911,2567607238.090125,5971655990.034919,3404048751.9447937,0.005657575811627976,0.0011500928510432208,-0.004507482960584756
2026-01-13,136806683.6234559,137706727.58009592,900043.9566400051,30949.518376887485,749513.8069481459,718564.2885712583,136775734.10507903,136957213.77314776,181479.6680687368,-0.004734155976176998,-0.0023044965098604126,0.0024296594663165854,0.0,0.00020911778508806968,0.00020911778508806968,2518882.153926276,5953758.253753833,3434876.0998275564,2567607238.090125,6000406617.723476,3432799379.6333513,-0.004734155976176998,-0.0025136142949484823,0.002220541681228516
2026-01-14,135995603.3800961,137427498.19322714,1431894.8131310344,30949.518376887485,759813.5220928555,728864.003715968,135964653.86171922,136667684.6711343,703030.8094150722,-0.005928659491463194,-0.0018159200657266224,0.004112739425736572,0.0,0.00021179050278110384,0.00021179050278110384,2518882.153926276,5982923.230824362,3464041.0768980854,2567607238.090125,6029551862.447899,3461944624.357774,-0.005928659491463194,-0.0020277105685077264,0.0039009489229554677
2026-01-15,138575694.06985918,137405956.66934052,-1169737.4005186558,30949.518376887485,697145.9080323288,666196.3896554413,138544744.5514823,136708810.7613082,-1835933.7901740968,0.01897186839600936,3.728938277503134e-05,-0.01893457901323433,0.0,0.00019403766219384879,0.00019403766219384879,2518882.153926276,6009589.341294925,3490707.1873686486,2567607238.090125,6056235973.670258,3488628735.5801325,0.01897186839600936,-0.00015674827941881744,-0.019128616675428176
2026-01-16,139180547.6232241,136281456.6823065,-2899090.940917611,30949.518376887485,656721.0940320138,625771.5756551262,139149598.10484722,135624735.58827448,-3524862.5165727437,0.004364788193375471,-0.008000740383138201,-0.01236552857651367,0.0,0.000183038648654917,0.000183038648654917,2518882.153926276,6034739.941920817,3515857.7879945408,2567607238.090125,6081394211.402837,3513786973.3127117,0.004364788193375471,-0.008183779031793117,-0.012548567225168589
2026-01-19,139913579.7191124,138398377.79009762,-1515201.9290147722,30949.518376887485,7505402.26982123,7474452.751444343,139882630.2007355,130892975.52027638,-8989654.680459127,0.005266771171734999,0.01570878107721741,0.010442009905482413,0.0,0.00017533170467363317,0.00017533170467363317,2518882.153926276,6058634.402036332,3539752.2481100555,2567607238.090125,6101852383.700398,3534245145.6102734,0.005266771171734999,0.015533449372543778,0.01026667820080878
2026-01-20,140892588.75145435,140210784.9518869,-681803.799567461,30949.518376887485,1061650.2895028489,1030700.7711259613,140861639.23307747,139149134.66238403,-1712504.5706934333,0.006997240970514766,0.01331759103738145,0.006320350066866685,0.0,0.0002220100722774966,0.0002220100722774966,2518882.153926276,6089360.235892599,3570478.0819663233,2567607238.090125,6135784730.629897,3568177492.539772,0.006997240970514766,0.013095580965103954,0.006098339994589188
2026-01-21,140976261.18576875,140126851.04874566,-849410.1370230913,30949.518376887485,745462.9288850063,714513.4105081188,140945311.66739187,139381388.11986065,-1563923.5475312173,0.0005938739223679447,-0.00039873360133488593,-0.0009926075237028306,0.0,0.00019989298199129776,0.00019989298199129776,2518882.153926276,6117387.387803973,3598505.2338776966,2567607238.090125,6163955962.645622,3596348724.555497,0.0005938739223679447,-0.0005986265833261837,-0.0011925005056941285
2026-01-22,140653151.98224124,141590690.6645142,937538.6822729707,30949.518376887485,689565.6053712144,658616.0869943269,140622202.46386436,140901125.059143,278922.5952786505,-0.002291940506932151,0.010634329837801711,0.012926270344733863,0.0,0.00018779796462539472,0.00018779796462539472,2518882.153926276,6143702.925220293,3624820.771294017,2567607238.090125,6190286290.954991,3622679052.8648663,-0.002291940506932151,0.010446531873176316,0.012738472380108466
2026-01-23,141515671.8826822,143795445.43636346,2279773.5536812544,30949.518376887485,686260.3850722983,655310.8666954108,141484722.36430532,143109185.05129117,1624462.6869858503,0.006132247221518805,0.015756813953993604,0.009624566732474799,0.0,0.00018548817330931176,0.00018548817330931176,2518882.153926276,6169966.323789258,3651084.1698629814,2567607238.090125,6216538210.43482,3648930972.344695,0.006132247221518805,0.015571325780684292,0.009439078559165487
2026-01-26,140261810.25894627,144280555.15987125,4018744.9009249806,30949.518376887485,721271.0923076952,690321.5739308076,140230860.74056938,143559284.06756356,3328423.3269941807,-0.008860231570503353,0.003566392731794849,0.012426624302298201,0.0,0.00019278293465786912,0.00019278293465786912,2518882.153926276,6197687.631750915,3678805.477824639,2567607238.090125,6244228152.388879,3676620914.2987537,-0.008860231570503353,0.0033736097971369798,0.012233841367640332
2026-01-27,139851826.40908882,143463100.03662348,3611273.6275346577,30949.518376887485,709712.1624612566,678762.6440843691,139820876.89071193,142753387.87416223,2932510.9834502935,-0.002922989865171084,-0.005477330160598191,-0.002554340295427107,0.0,0.00018840298231898595,0.00018840298231898595,2518882.153926276,6224870.518633674,3705988.3647073978,2567607238.090125,6271403227.29312,3703795989.2029953,-0.002922989865171084,-0.005665733142917176,-0.0027427432777460924
2026-01-28,140676890.97494406,145163533.07479382,4486642.0998497605,30949.518376887485,1059992.1645320095,1029042.646155122,140645941.45656717,144103540.9102618,3457599.4536946416,0.00589956232278147,0.012140166854468315,0.006240604531686845,0.0,0.0002874114230281154,0.0002874114230281154,2518882.153926276,6266103.452367225,3747221.2984409486,2567607238.090125,6312440404.558769,3744833166.468644,0.00589956232278147,0.011852755431440199,0.0059531931086587294
2026-01-29,139144778.28604364,143975578.0804653,4830799.794421643,30949.518376887485,770908.9151213355,739959.396744448,139113828.76766676,143204669.16534394,4090840.397677183,-0.010891004757656291,-0.007982824864713372,0.0029081798929429196,0.0,0.0002007386595806309,0.0002007386595806309,2518882.153926276,6295243.385416647,3776361.2314903713,2567607238.090125,6341710309.266374,3774103071.1762486,-0.010891004757656291,-0.008183563524294002,0.0027074412333622892
2026-01-30,139590928.91323718,143602816.03993505,4011887.126697868,30949.518376887485,752121.1766176941,721171.6582408065,139559979.3948603,142850694.86331737,3290715.468457073,0.0032063770749368443,-0.0023887528171608213,-0.005595129892097666,0.0,0.00020031156097909326,0.00020031156097909326,2518882.153926276,6324083.358204813,3805201.2042785366,2567607238.090125,6370545255.937397,3802938017.847272,0.0032063770749368443,-0.0025890643781399146,-0.0057954414530767585
2026-02-02,135900328.99879146,138593196.80268988,2692867.803898424,30949.518376887485,722806.3007907802,691856.7824138927,135869379.48041457,137870390.5018991,2001011.021484524,-0.026438680100335333,-0.03469225001402897,-0.00825356991369364,0.0,0.00019299371163743973,0.00019299371163743973,2518882.153926276,6351797.798673948,3832915.644747672,2567607238.090125,6398260496.624211,3830653258.534086,-0.026438680100335333,-0.03488524372566641,-0.00844656362533108
2026-02-03,137366551.16338366,140929893.4356542,3563342.2722705305,30949.518376887485,869903.8670746367,838954.3486977492,137335601.64500678,140059989.56857955,2724387.9235727787,0.010788952281382965,0.017100708645871317,0.006311756364488353,0.0,0.00024059799923558466,0.00024059799923558466,2518882.153926276,6385143.044532339,3866260.890606063,2567607238.090125,6431515521.076531,3863908282.9864063,0.010788952281382965,0.016860110646635732,0.006071158365252767
2026-02-04,138687593.47488493,143048064.83107248,4360471.356187552,30949.518376887485,830885.5972633576,799936.0788864701,138656643.95650804,142217179.2338091,3560535.277301073,0.009616914018100504,0.015255925490538,0.005639011472437495,0.0,0.00022596028031521902,0.00022596028031521902,2518882.153926276,6416987.602757853,3898105.4488315773,2567607238.090125,6463363666.157838,3895756428.067713,0.009616914018100504,0.01502996521022278,0.005413051192122275
2026-02-05,138350779.2883569,142653296.53584173,4302517.247484833,30949.518376887485,770472.195858689,739522.6774818015,138319829.76998,141882824.33998305,3562994.5700030327,-0.0024285819523504897,-0.00255345483714823,-0.0001248728847977401,0.0,0.00020623503140702708,0.00020623503140702708,2518882.153926276,6446489.124901004,3927606.970974728,2567607238.090125,6492880644.240619,3925273406.1504936,-0.0024285819523504897,-0.002759689868555257,-0.0003311079162047672
2026-02-06,137952533.24724558,142433454.89460883,4480921.6473632455,30949.518376887485,525820.1171643492,494870.5987874617,137921583.7288687,141907634.77744448,3986051.0485757887,-0.002878524018150111,-0.0014021991829165675,0.0014763248352335436,0.0,0.00013889132512978823,0.00013889132512978823,2518882.153926276,6466302.430291,3947420.2763647237,2567607238.090125,6512806369.017266,3945199130.927141,-0.002878524018150111,-0.0015410905080463558,0.0013374335101037553
2026-02-09,139583362.2292604,143294978.03800088,3711615.808740467,30949.518376887485,636703.3773140684,605753.8589371808,139552412.71088353,142658274.66068682,3105861.9498032928,0.011821667523074621,0.006221385704940006,-0.005600281818134615,0.0,0.00017278466504017738,0.00017278466504017738,2518882.153926276,6490912.74708548,3972030.593159204,2567607238.090125,6537348939.023274,3969741700.9331493,0.011821667523074621,0.006048601039899829,-0.005773066483174792
2026-02-10,139324974.5668415,142590266.90978503,3265292.3429435194,30949.518376887485,609204.8156814724,578255.2973045849,139294025.04846463,141981062.09410354,2687037.045638919,-0.0018511351087424726,-0.004755805793637185,-0.002904670684894712,0.0,0.00016209948025848976,0.00016209948025848976,2518882.153926276,6514140.788549092,3995258.6346228155,2567607238.090125,6560579115.74697,3992971877.656845,-0.0018511351087424726,-0.0049179052738956746,-0.003066770165153202
2026-02-11,139664666.89016297,143220090.7228096,3555423.832646638,30949.518376887485,588310.6014200095,557361.083043122,139633717.3717861,142631780.1213896,2998062.74960351,0.0024381294479152655,0.004575152344718054,0.002137022896802789,0.0,0.0001581340820124963,0.0001581340820124963,2518882.153926276,6536689.169510787,4017807.015584511,2567607238.090125,6583126669.625315,4015519431.5351896,0.0024381294479152655,0.004417018262705558,0.0019788888147902924
2026-02-12,139712387.2215089,142593320.62297842,2880933.4014695287,30949.518376887485,982013.1357749198,951063.6173980322,139681437.703132,141611307.4872035,1929869.784071505,0.00034167790901219616,-0.004109007162317533,-0.00445068507132973,0.0,0.0002672650259486669,0.0002672650259486669,2518882.153926276,6574966.8907741895,4056084.7368479134,2567607238.090125,6621188400.760907,4053581162.670782,0.00034167790901219616,-0.0043762721882662,-0.0047179500972783965
2026-02-13,137902774.27203164,140578898.27126452,2676123.999232888,30949.518376887485,667454.2117992407,636504.6934223531,137871824.75365475,139911444.0594653,2039619.305810541,-0.012952415927216103,-0.013951143570589094,-0.0009987276433729916,0.0,0.00017590209265130972,0.00017590209265130972,2518882.153926276,6600049.354269871,4081167.2003435944,2567607238.090125,6646415602.486829,4078808364.3967037,-0.012952415927216103,-0.014127045663240405,-0.0011746297360243022
2026-02-24,139761826.97510338,142987893.08735073,3226066.112247348,30949.518376887485,737102.357595495,706152.8392186074,139730877.4567265,142250790.72975522,2519913.2730287313,0.013480894150863953,0.01733718712541423,0.003856292974550278,0.0,0.00020093946868735384,0.00020093946868735384,2518882.153926276,6628297.203397152,4109415.049470876,2567607238.090125,6674614503.61665,4107007265.5265245,0.013480894150863953,0.017136247656726878,0.0036553535058629245
2026-02-25,140722380.5599984,143924722.4779953,3202341.917996913,30949.518376887485,803370.082599733,772420.5642228455,140691431.0416215,143121352.39539558,2429921.3537740707,0.006872789270750761,0.006765775582164994,-0.00010701368858576695,0.0,0.00021396640156342496,0.00021396640156342496,2518882.153926276,6658891.808348188,4140009.654421912,2567607238.090125,6705160677.402708,4137553439.312583,0.006872789270750761,0.006551809180601569,-0.00032098009014919215
2026-02-26,141820340.29032463,144617939.86797437,2797599.5776497424,30949.518376887485,928951.0417214558,898001.5233445682,141789390.77194774,143688988.8262529,1899598.054305166,0.007802310662717287,0.005065091042468544,-0.002737219620248743,0.0,0.0002485634991547073,0.0002485634991547073,2518882.153926276,6694666.240982189,4175784.0870559127,2567607238.090125,6740854432.340831,4173247194.2507057,0.007802310662717287,0.004816527543313837,-0.0029857831194034503
2026-02-27,142244667.40171322,145755405.35159355,3510737.9498803318,30949.518376887485,871318.8800065797,840369.3616296921,142213717.88333634,144884086.47158697,2670368.588250637,0.0029920046061089776,0.008096036139234092,0.0051040315331251146,0.0,0.00023072230156218092,0.00023072230156218092,2518882.153926276,6728032.824915709,4209150.670989433,2567607238.090125,6774233149.063242,4206625910.973117,0.0029920046061089776,0.007865313837671912,0.004873309231562934
2026-03-02,141410726.3118469,145558349.48071992,4147623.168873012,30949.518376887485,929316.8616365455,898367.343259658,141379776.79347003,144629032.61908337,3249255.8256133497,-0.0058627230468413765,-0.0011066042309393882,0.0047561188159019885,0.0,0.00024535846573240023,0.00024535846573240023,2518882.153926276,6763795.14754498,4244912.993618704,2567607238.090125,6809948591.540383,4242341353.4502583,-0.0058627230468413765,-0.0013519626966717884,0.004510760350169589
2026-03-03,138611648.68226734,144481598.49496534,5869949.812698007,30949.518376887485,893194.9878915735,862245.4695146859,138580699.16389045,143588403.50707376,5007704.343183309,-0.01979395554059237,-0.007162123772536664,0.012631831768055707,0.0,0.0002352600917067364,0.0002352600917067364,2518882.153926276,6798039.218192495,4279157.06426622,2567607238.090125,6844193601.089449,4276586362.999324,-0.01979395554059237,-0.0073973838642434,0.012396571676348972
2026-03-04,136321290.71087497,142202830.1202358,5881539.409360826,30949.518376887485,745607.9719869001,714658.4536100125,136290341.1924981,141457222.1482489,5166880.955750823,-0.016523560560501218,-0.015576032406259347,0.0009475281542418706,0.0,0.00019599945431665968,0.00019599945431665968,2518882.153926276,6826357.532656307,4307475.378730031,2567607238.090125,6872571549.90398,4304964311.813855,-0.016523560560501218,-0.01577203186057601,0.0007515286999252094
2026-03-05,137513618.70514268,142802006.38624275,5288387.6811000705,30949.518376887485,829949.052669052,798999.5342921645,137482669.1867658,141972057.3335737,4489388.146807909,0.008746454703077314,0.004438050611674083,-0.004308404091403231,0.0,0.00022451797311598184,0.00022451797311598184,2518882.153926276,6858284.623846259,4339402.469919983,2567607238.090125,6904440507.007995,4336833268.91787,0.008746454703077314,0.004213532638558101,-0.004532922064519213
2026-03-06,138908891.86219698,145818204.54521227,6909312.683015287,30949.518376887485,833548.0976162534,802598.5792393659,138877942.3438201,144984656.447596,6106714.1037759185,0.01014643618713908,0.021344807357653053,0.011198371170513973,0.0,0.00022326827499142543,0.00022326827499142543,2518882.153926276,6890167.78147743,4371285.627551153,2567607238.090125,6936305923.537876,4368698685.447751,0.01014643618713908,0.02112153908266163,0.010975102895522549
2026-03-09,137776313.64238644,145187645.21966547,7411331.577279031,30949.518376887485,799418.3732062383,768468.8548293507,137745364.12400955,144388226.84645924,6642862.72244969,-0.008153388920085167,-0.0041142515854018374,0.00403913733468333,0.0,0.00021003239212643028,0.00021003239212643028,2518882.153926276,6920794.327793642,4401912.173867365,2567607238.090125,6966934221.443133,4399326983.353008,-0.008153388920085167,-0.0043242839775282675,0.0038291049425568996
2026-03-10,139704917.17876148,145481186.11304027,5776268.934278786,30949.518376887485,805681.7908322355,774732.2724553479,139673967.6603846,144675504.32220805,5001536.6618234515,0.013998077647664083,0.0022348012826699753,-0.011763276364994107,0.0,0.00021299775434165062,0.00021299775434165062,2518882.153926276,6951718.970183583,4432836.816257307,2567607238.090125,6997840269.803068,4430233031.712943,0.013998077647664083,0.0020218035283283246,-0.011976274119335759
2026-03-11,140755790.07751542,146320934.06423298,5565143.986717552,30949.518376887485,863111.2633199943,832161.7449431068,140724840.55913854,145457822.80091298,4732982.24177444,0.007522089558302956,0.006000627904102349,-0.0015214616542006069,0.0,0.00022841794603798042,0.00022841794603798042,2518882.153926276,6984949.483902693,4466067.329976417,2567607238.090125,7031025453.529075,4463418215.43895,0.007522089558302956,0.005772209958064369,-0.0017498796002385873
2026-03-12,141776096.12194517,147514586.67855817,5738490.556612998,30949.518376887485,868442.0739491992,837492.5555723116,141745146.6035683,146646144.60460898,4900998.001040697,0.007248767840156756,0.008385456629068132,0.0011366887889113757,0.0,0.00022768602734959888,0.00022768602734959888,2518882.153926276,7018264.716097861,4499382.562171584,2567607238.090125,7064321362.70283,4496714124.612705,0.007248767840156756,0.008157770601718533,0.0009090027615617762
2026-03-13,141333354.55985132,147631638.52348924,6298283.963637918,30949.518376887485,906840.4436507411,875890.9252738536,141302405.04147443,146724798.07983848,5422393.038364053,-0.003122822353022338,0.0010299369143790058,0.004152759267401344,0.0,0.00023644355506717056,0.00023644355506717056,2518882.153926276,7053143.589396403,4534261.435470127,2567607238.090125,7099163597.379872,4531556359.289747,-0.003122822353022338,0.0007934933593118353,0.0039163157123341735
2026-03-16,140597022.72468638,147649576.94767547,7052554.222989082,30949.518376887485,782556.013972139,751606.4955952514,140566073.2063095,146867020.93370333,6300947.727393836,-0.005209894277667593,0.00032339320109393794,0.005533287478761532,0.0,0.00020188520751181986,0.00020188520751181986,2518882.153926276,7082948.233375028,4564066.079448752,2567607238.090125,7129015481.251348,4561408243.161222,-0.005209894277667593,0.00012150799358211808,0.005331402271249712
2026-03-17,138524088.19509962,146697031.71606982,8172943.5209701955,30949.518376887485,699217.8842569496,668268.3658800621,138493138.67672274,145997813.83181286,7504675.155090123,-0.014743801037991618,-0.00627102335489509,0.008472777683096528,0.0,0.00018036818511057523,0.00018036818511057523,2518882.153926276,7109579.519601424,4590697.365675148,2567607238.090125,7155675120.8994875,4588067882.809362,-0.014743801037991618,-0.006451391540005665,0.008292409497985952
2026-03-18,138160578.1784788,145463605.05338097,7303026.874902159,30949.518376887485,863408.4404036142,832458.9220267267,138129628.66010192,144600196.61297736,6470567.952875435,-0.0026241646587042773,-0.008180543391259777,-0.0055563787325555,0.0,0.00022744311167187506,0.00022744311167187506,2518882.153926276,7142944.748967955,4624062.595041679,2567607238.090125,7188941572.373261,4621334334.283136,-0.0026241646587042773,-0.008407986502931652,-0.005783821844227375
2026-03-19,136151094.34894896,143869653.40719295,7718559.05824399,30949.518376887485,755646.7789279418,724697.2605510543,136120144.83057207,143114006.628265,6993861.797692925,-0.014544552838610426,-0.010759803362755439,0.003784749475854988,0.0,0.0001979317050856631,0.0001979317050856631,2518882.153926276,7171736.608344078,4652854.454417802,2567607238.090125,7217772916.6504345,4650165678.560309,-0.014544552838610426,-0.010957735067841102,0.003586817770769324
2026-03-20,135065351.4605171,142258889.81350076,7193538.352983654,30949.518376887485,780729.4029610753,749779.8845841878,135034401.94214022,141478160.4105397,6443758.468399465,-0.007974543969871723,-0.010987819907528732,-0.0030132759376570086,0.0,0.00020817282301086425,0.00020817282301086425,2518882.153926276,7201686.360239448,4682804.206313172,2567607238.090125,7247695152.35784,4680087914.2677145,-0.007974543969871723,-0.011195992730539596,-0.0032214487606678725
2026-03-23,128434508.09731476,135856876.33667833,7422368.239363566,30949.518376887485,716512.3874530094,685562.8690761218,128403558.57893787,135140363.9492253,6736805.370287433,-0.04909359277934952,-0.04481288925475539,0.004280703524594129,0.0,0.00018966549043753267,0.00018966549043753267,2518882.153926276,7228667.962345025,4709785.808418749,2567607238.090125,7274695372.170116,4707088134.079991,-0.04909359277934952,-0.04500255474519292,0.004091038034156599
2026-03-24,131291775.43069698,139467424.23794025,8175648.807243273,30949.518376887485,836715.9129810464,805766.3946041588,131260825.91232009,138630708.32495922,7369882.412639126,0.022246881898883974,0.026811540689018722,0.0045646587901347485,0.0,0.00023542618809111517,0.00023542618809111517,2518882.153926276,7260652.228866935,4741770.074940659,2567607238.090125,7306603544.796002,4738996306.705877,0.022246881898883974,0.026576114500927606,0.0043292326020436325
2026-03-25,134296858.5347004,142496452.52903414,8199593.994333744,30949.518376887485,758655.9227261692,727706.4043492817,134265909.0163235,141737796.60630795,7471887.589984447,0.02288858608351795,0.021925166806672395,-0.0009634192768455535,0.0,0.0002066306851034473,0.0002066306851034473,2518882.153926276,7289470.4782868335,4770588.324360557,2567607238.090125,7335446415.086319,4767839176.996194,0.02288858608351795,0.021718536121568946,-0.0011700499619490025
2026-03-26,132991994.03546289,140900181.16015777,7908187.124694884,30949.518376887485,720643.7215621546,689694.203185267,132961044.517086,140179537.43859562,7218492.9215096235,-0.009716269713787454,-0.011009601065135844,-0.0012933313513483896,0.0,0.0001925821509770079,0.0001925821509770079,2518882.153926276,7316912.751621468,4798030.597695192,2567607238.090125,7362893973.384869,4795286735.294744,-0.009716269713787454,-0.01120218321611285,-0.0014859135023253967
2026-03-27,133760772.64633094,144227684.68105084,10466912.0347199,30949.518376887485,667674.8839462716,636725.3655693841,133729823.12795405,143560009.79710457,9830186.669150516,0.005780638274083277,0.02379554575651691,0.01801490748243363,0.0,0.00017951138740012599,0.00017951138740012599,2518882.153926276,7342205.938626457,4823323.784700181,2567607238.090125,7388200998.215164,4820593760.125039,0.005780638274083277,0.023616034369116783,0.017835396095033505
2026-03-30,134330382.05389062,143848006.8159232,9517624.762032598,30949.518376887485,800882.9595509758,769933.4411740883,134299432.53551373,143047123.85637224,8747691.320858508,0.004258418939203865,-0.0024212707115916616,-0.006679689650795526,0.0,0.00021121878560337003,0.00021121878560337003,2518882.153926276,7372669.535035174,4853787.381108899,2567607238.090125,7418582758.787876,4850975520.697751,0.004258418939203865,-0.0026324894971950317,-0.0068909084363988965
2026-03-31,132789552.49885857,143166428.79079297,10376876.2919344,30949.518376887485,784763.2716120984,753813.7532352109,132758602.98048168,142381665.51918086,9623062.53869918,-0.011470447202434779,-0.004530406446284267,0.006940040756150512,0.0,0.000207775473764381,0.000207775473764381,2518882.153926276,7402557.622801415,4883675.468875138,2567607238.090125,7448463962.354203,4880856724.264078,-0.011470447202434779,-0.0047381819200486485,0.00673226528238613
2026-04-01,133594380.70771645,146474894.11161995,12880513.4039035,30949.518376887485,652681.6140165916,621732.095639704,133563431.18933956,145822212.49760336,12258781.308263794,0.006060930199044064,0.023282709706751316,0.01722177950770725,0.0,0.00017348397016756742,0.00017348397016756742,2518882.153926276,7427394.703262754,4908512.549336478,2567607238.090125,7473354665.104109,4905747427.013984,0.006060930199044064,0.02310922573658375,0.017048295537539684
2026-04-02,132199460.16397877,143914835.81455776,11715375.65057899,30949.518376887485,914285.4066646267,883335.8882877391,132168510.64560188,143000550.40789312,10832039.762291238,-0.010441461207784983,-0.017235831698029325,-0.006794370490244343,0.0,0.0002419641562644345,0.0002419641562644345,2518882.153926276,7462836.377430394,4943954.223504119,2567607238.090125,7508647816.5383415,4941040578.448216,-0.010441461207784983,-0.01747779585429376,-0.007036334646508779
2026-04-03,129759729.40831572,141020402.63725865,11260673.22894293,30949.518376887485,851109.0505382111,820159.5321613236,129728779.88993883,140169293.58672044,10440513.696781605,-0.018454922226133427,-0.019886301343007746,-0.0014313791168743192,0.0,0.00022582372677136729,0.00022582372677136729,2518882.153926276,7495335.761991727,4976453.608065451,2567607238.090125,7541162539.585457,4973555301.495332,-0.018454922226133427,-0.020112125069779115,-0.001657202843645688
2026-04-07,129997401.74925601,141303350.72670317,11305948.977447152,30949.518376887485,741898.2330735922,710948.7146967046,129966452.23087913,140561452.49362957,10595000.262750447,0.0018316340672413986,0.002206864991482303,0.00037523092424090456,0.0,0.00020043128293351564,0.00020043128293351564,2518882.153926276,7523600.662212114,5004718.508285837,2567607238.090125,7569467912.764465,5001860674.67434,0.0018316340672413986,0.0020064337085487875,0.00017479964130738893
2026-04-08,134527982.4589949,148450135.4407153,13922152.981720418,30949.518376887485,673529.5618902231,642580.0435133355,134497032.940618,147776605.8788251,13279572.93820709,0.03485131740154037,0.05075903506753349,0.015907717665993117,0.0,0.00018143250356566904,0.00018143250356566904,2518882.153926276,7549237.682896677,5030355.528970402,2567607238.090125,7595126299.274279,5027519061.184154,0.03485131740154037,0.050577602563967816,0.015726285162427446
2026-04-09,133337076.85716759,147058892.98175862,13721816.124591038,30949.518376887485,748478.2861693325,717528.7677924449,133306127.3387907,146310414.6955893,13004287.356798604,-0.008852475002294078,-0.009177445604845215,-0.00032497060255113654,0.0,0.00019433741728811264,0.00019433741728811264,2518882.153926276,7578087.098814297,5059204.94488802,2567607238.090125,7623923816.1217985,5056316578.031673,-0.008852475002294078,-0.009371783022133328,-0.0005193080198392496
2026-04-10,134196753.75119942,149023311.91139096,14826558.160191536,30949.518376887485,785594.8857066566,754645.3673297691,134165804.23282254,148237717.0256843,14071912.79286176,0.0064473956853931536,0.013562672555896696,0.007115276870503543,0.0,0.00020463014307909872,0.00020463014307909872,2518882.153926276,7608179.781126208,5089297.627199931,2567607238.090125,7653982893.792786,5086375655.702661,0.0064473956853931536,0.013358042412817598,0.006910646727424445
2026-04-13,134160550.41785121,148186570.0647122,14026019.646860987,30949.518376887485,860631.9525727862,829682.4341958987,134129600.89947432,147325938.1121394,13196337.212665081,-0.00026977801128733373,-0.00539225611269693,-0.005122478101409596,0.0,0.00022258250514488185,0.00022258250514488185,2518882.153926276,7641349.763216432,5122467.6092901565,2567607238.090125,7687098772.358532,5119491534.268407,-0.00026977801128733373,-0.005614838617841811,-0.005345060606554477
2026-04-14,135350040.00286794,150239400.6785878,14889360.675719857,30949.518376887485,908306.8331661485,877357.314789261,135319090.48449105,149331093.84542164,14012003.360930592,0.00886616506351524,0.01408704703959856,0.00522088197608332,0.0,0.00023403314651001191,0.00023403314651001191,2518882.153926276,7676030.332479203,5157148.178552927,2567607238.090125,7721738163.896375,5154130925.80625,0.00886616506351524,0.013853013893088548,0.004986848829573308
2026-04-15,135869952.15070736,151452160.42258847,15582208.271881104,30949.518376887485,827333.3229315095,796383.8045546219,135839002.63233048,150624827.09965697,14785824.467326492,0.0038412411834411763,0.008282623929261974,0.004441382745820798,0.0,0.0002104422078028275,0.0002104422078028275,2518882.153926276,7707647.043656979,5188764.889730703,2567607238.090125,7753379553.473679,5185772315.3835535,0.0038412411834411763,0.008072181721459147,0.004230940538017971
2026-04-16,136028685.98103192,154045708.65002212,18017022.668990195,30949.518376887485,850880.4273601593,819930.9089832718,135997736.46265504,153194828.22266197,17197091.760006934,0.0011682776641335118,0.017339980122560168,0.016171702458426657,0.0,0.00021544244546781296,0.00021544244546781296,2518882.153926276,7740276.267469805,5221394.113543529,2567607238.090125,7785980689.122383,5218373451.032258,0.0011682776641335118,0.017124537677092357,0.015956260012958846
2026-04-17,137470736.0938082,154138404.57691625,16667668.483108044,30949.518376887485,785623.2891840218,754673.7708071342,137439786.57543132,153352781.2877322,15912994.712300897,0.010601073607204891,0.0007968746018862218,-0.009804199005318669,0.0,0.0001951316016659101,0.0001951316016659101,2518882.153926276,7770335.453328444,5251453.299402168,2567607238.090125,7816057473.957182,5248450235.867057,0.010601073607204891,0.0006017430002203117,-0.00999933060698458
2026-04-20,137098395.4795511,154837719.7579342,17739324.278383106,30949.518376887485,901369.3078890741,870419.7895121865,137067445.96117422,153936350.45004514,16868904.48887092,-0.0027085081875390334,0.004762512619419394,0.007471020806958427,0.0,0.00022558243036322425,0.00022558243036322425,2518882.153926276,7805106.369245214,5286224.215318939,2567607238.090125,7850753131.406642,5283145893.316517,-0.0027085081875390334,0.00453693018905617,0.007245438376595203
2026-04-21,139009976.6837985,154566276.77174675,15556300.087948263,30949.518376887485,799028.654347132,768079.1359702444,138979027.1654216,153767248.11739963,14788220.951978028,0.01394313330627204,-0.0015561271379081678,-0.015499260444180209,0.0,0.0001969533557326509,0.0001969533557326509,2518882.153926276,7835602.177745531,5316720.023819255,2567607238.090125,7881284862.32948,5313677624.239355,0.01394313330627204,-0.0017530804936408187,-0.01569621379991286
2026-04-22,139886859.1519429,155319098.33102098,15432239.179078072,30949.518376887485,836968.3590445044,806018.8406676168,139855909.63356602,154482129.9719765,14626220.338410467,0.00630805420634688,0.005078053571480832,-0.001230000634866048,0.0,0.00020751146489995446,0.00020751146489995446,2518882.153926276,7867676.452262568,5348794.298336292,2567607238.090125,7913324129.85691,5345716891.766785,0.00630805420634688,0.004870542106580878,-0.001437512099766002
2026-04-23,141302246.12218633,154950702.57787582,13648456.45568949,30949.518376887485,861105.274588488,830155.7562116005,141271296.60380945,154089597.30328733,12818300.699477881,0.010118083848791351,-0.0021590531647196157,-0.012277137013510967,0.0,0.00021281067626162392,0.00021281067626162392,2518882.153926276,7900730.0146147385,5381847.860688463,2567607238.090125,7946349096.970132,5378741858.880007,0.010118083848791351,-0.0023718638409812396,-0.012489947689772591
2026-04-24,139345619.4795306,153191445.22201467,13845825.742484063,30949.518376887485,768503.192121054,737553.6737441665,139314669.96115372,152422942.0298936,13108272.068739891,-0.013847102196548267,-0.011164539766458537,0.0026825624300897306,0.0,0.00018911869776805555,0.00018911869776805555,2518882.153926276,7930034.089704512,5411151.935778236,2567607238.090125,7975684821.063595,5408077582.97347,-0.013847102196548267,-0.011353658464226592,0.0024934437323216752
2026-04-27,138642711.97754037,153485244.82925913,14842532.851718754,30949.518376887485,806727.0450555505,775777.526678663,138611762.4591635,152678517.7842036,14066755.325040102,-0.005044345883391646,0.0021198657722823126,0.007164211655673958,0.0,0.00020200667239152624,0.00020200667239152624,2518882.153926276,7960979.78379266,5442097.629866384,2567607238.090125,8006595930.37823,5438988692.288105,-0.005044345883391646,0.0019178590998907865,0.0069622049832824325
2026-04-28,139565479.27347678,152441923.97753987,12876444.704063088,30949.518376887485,713738.7477546269,682789.2293777394,139534529.7550999,151728185.22978523,12193655.474685341,0.006655721622683569,-0.006621297930340038,-0.013277019553023607,0.0,0.00017623399450314008,0.00017623399450314008,2518882.153926276,7988029.101586212,5469146.947659936,2567607238.090125,8033678217.661537,5466070979.571412,0.006655721622683569,-0.006797531924843178,-0.013453253547526746
2026-04-29,142471340.39804816,153436430.28858098,10965089.890532821,30949.518376887485,750886.9784853663,719937.4601084788,142440390.87967128,152685543.3100956,10245152.430424333,0.020820772727598243,0.006711030029924378,-0.014109742697673865,0.0,0.00018719272131337508,0.00018719272131337508,2518882.153926276,8016565.120177815,5497682.966251539,2567607238.090125,8062181394.128477,5494574156.038352,0.020820772727598243,0.006523837308611002,-0.014296935418987241
2026-04-30,143165638.1557186,151924543.54928565,8758905.393567055,30949.518376887485,831639.0027689245,800689.4843920369,143134688.6373417,151092904.54651672,7958215.909175009,0.004873245073224173,-0.009645246877075738,-0.014518491950299911,0.0,0.00020825881548892366,0.00020825881548892366,2518882.153926276,8048519.609402563,5529637.455476288,2567607238.090125,8094079530.096471,5526472292.006346,0.004873245073224173,-0.009853505692564662,-0.014726750765788835
2026-05-06,144115638.14929327,151309378.6646441,7193740.515350819,30949.518376887485,813400.3607580448,782450.8423811572,144084688.6309164,150495978.30388606,6411289.672969669,0.006635670443080634,-0.003844179368883646,-0.01047984981196428,0.0,0.00020496812414135755,0.00020496812414135755,2518882.153926276,8079659.2981048925,5560777.144178616,2567607238.090125,8125212768.2754545,5557605530.185329,0.006635670443080634,-0.004049147493025003,-0.010684817936105637
2026-05-07,146187866.16765577,152242741.185119,6054875.017463237,30949.518376887485,751857.4328365382,720907.9144596506,146156916.64927888,151490883.75228247,5333967.103003591,0.014378925458566928,0.006358708185199621,-0.008020217273367308,0.0,0.00019013800989292536,0.00019013800989292536,2518882.153926276,8108428.962242323,5589546.808316046,2567607238.090125,8153998819.044776,5586391580.954651,0.014378925458566928,0.006168570175306695,-0.008210355283260234
2026-05-08,144902425.06746942,153437062.50148106,8534637.434011638,30949.518376887485,782406.9076498644,751457.3892729769,144871475.54909253,152654655.59383118,7783180.04473865,-0.008793076565685266,0.008042354606759266,0.016835431172444532,0.0,0.00019750560400896462,0.00019750560400896462,2518882.153926276,8138497.75679607,5619615.602869794,2567607238.090125,8184037304.4638405,5616430066.373715,-0.008793076565685266,0.007844849002750301,0.016637925568435567
2026-05-11,145997828.78013223,153772687.73510316,7774858.954970926,30949.518376887485,886177.1230408978,855227.6046640102,145966879.26175535,152886510.61206228,6919631.350306928,0.007559595446058094,0.002409749533408679,-0.0051498459126494145,0.0,0.00022236906515405298,0.00022236906515405298,2518882.153926276,8172617.412944509,5653735.259018233,2567607238.090125,8218088015.676511,5650480777.586386,0.007559595446058094,0.002187380468254626,-0.005372214977803468
2026-05-12,148371238.9403569,154091182.7414197,5719943.801062793,30949.518376887485,770359.2553238925,739409.7369470049,148340289.42198002,153320823.48609582,4980534.0641157925,0.016256475730190147,0.0022622357986548693,-0.013994239931535278,0.0,0.00019102919488399236,0.00019102919488399236,2518882.153926276,8201992.485677693,5683110.331751417,2567607238.090125,8247506309.807186,5679899071.717061,0.016256475730190147,0.002071206603770877,-0.014185269126419271
2026-05-13,148969511.9962685,154387008.99298832,5417496.996719807,30949.518376887485,816049.2408527322,785099.7224758447,148938562.47789162,153570959.75213557,4632397.274243951,0.004032271080192959,0.002123342800616011,-0.0019089282795769478,0.0,0.000203529828156443,0.000203529828156443,2518882.153926276,8233354.637621477,5714472.483695202,2567607238.090125,8278829935.682235,5711222697.59211,0.004032271080192959,0.0019198129724595679,-0.002112458107733391
2026-05-14,146649494.34900331,151013878.54623395,4364384.197230637,30949.518376887485,833545.1481428174,802595.6297659299,146618544.83062643,150180333.39809114,3561788.5674647093,-0.015573774903171524,-0.021641755445013452,-0.006067980541841928,0.0,0.00020678264608695236,0.00020678264608695236,2518882.153926276,8265279.1918624975,5746397.037936222,2567607238.090125,8310729779.69249,5743122541.602365,-0.015573774903171524,-0.021848538091100406,-0.006274763187928882
2026-05-15,146401670.6000143,150048227.56739855,3646556.967384249,30949.518376887485,813757.0484122504,782807.5300353628,146370721.0816374,149234470.51898628,2863749.4373488724,-0.0016899052403087957,-0.006187973803278581,-0.004498068562969785,0.0,0.00020647807181688017,0.00020647807181688017,2518882.153926276,8296460.246322312,5777578.092396036,2567607238.090125,8341905137.67494,5774297899.584815,-0.0016899052403087957,-0.006394451875095461,-0.0047045466347866655
2026-05-18,144318207.50646073,150335584.544045,6017377.037584275,30949.518376887485,802665.1383401891,771715.6199633016,144287257.98808384,149532919.40570483,5245661.417620987,-0.014231142889385645,0.0021204241709805345,0.01635156706036618,0.0,0.00020532672994359624,0.00020532672994359624,2518882.153926276,8327269.158222559,5808387.004296282,2567607238.090125,8372704191.074273,5805096952.984148,-0.014231142889385645,0.0019150974410369382,0.016146240330422584
2026-05-19,145856616.07807106,152416763.83612972,6560147.758058667,30949.518376887485,831960.6812861655,801011.162909278,145825666.55969417,151584803.15484357,5759136.595149398,0.010659837023969837,0.014054841561417682,0.003395004537447845,0.0,0.00021128417347947038,0.00021128417347947038,2518882.153926276,8359032.6879475005,5840150.534021225,2567607238.090125,8404437191.262879,5836829953.172754,0.010659837023969837,0.01384355738793821,0.003183720363968374
2026-05-20,143849259.96861804,150639863.11570588,6790603.147087842,30949.518376887485,724362.2757312562,693412.7573543687,143818310.45024115,149915500.8399746,6097190.3897334635,-0.01376253037694613,-0.011477205079552792,0.0022853252973933386,0.0,0.0001809660802434826,0.0001809660802434826,2518882.153926276,8386614.9522623215,5867732.798336046,2567607238.090125,8432059463.648322,5864452225.558197,-0.01376253037694613,-0.011658171159796275,0.0021043592171498555
2026-05-21,140944112.31453627,147702795.9387895,6758683.624253213,30949.518376887485,810863.246834375,779913.7284574874,140913162.7961594,146891932.69195512,5978769.895795733,-0.020195777543211172,-0.019289800161426146,0.000905977381785026,0.0,0.0002074770941993517,0.0002074770941993517,2518882.153926276,8417869.273332156,5898987.119405881,2567607238.090125,8463254907.072072,5895647668.981947,-0.020195777543211172,-0.019497277255625497,0.0006985002875856752
2026-05-22,142438716.37547958,147692375.47444314,5253659.098963559,30949.518376887485,751539.071072517,720589.5526956294,142407766.8571027,146940836.40337062,4533069.546267927,0.010604231963999247,0.00012354977675061655,-0.010480682187248631,0.0,0.00019409999403064457,0.00019409999403064457,2518882.153926276,8446538.385142185,5927656.231215909,2567607238.090125,8491939346.414077,5924332108.323952,0.010604231963999247,-7.055021728002802e-05,-0.010674782181279275
2026-05-25,144628738.42148846,148287602.35506538,3658863.9335769117,30949.518376887485,722461.4838582361,691511.9654813486,144597788.90311158,147565140.87120715,2967351.968095571,0.015375188022867433,0.004217481754304516,-0.011157706268562918,0.0,0.0001873015997085417,0.0001873015997085417,2518882.153926276,8474201.403333303,5955319.249407027,2567607238.090125,8519603071.889708,5951995833.7995825,0.015375188022867433,0.0040301801545959744,-0.011345007868271459
2026-05-26,143759156.4716938,149117701.51335815,5358545.041664332,30949.518376887485,799502.6849268395,768553.166549952,143728206.95331693,148318198.8284313,4589991.875114381,-0.00601251147790867,0.0058056936439453335,0.011818205121854004,0.0,0.00020779371765783489,0.00020779371765783489,2518882.153926276,8505014.635509228,5986132.481582953,2567607238.090125,8550362376.849011,5982755138.758886,-0.00601251147790867,0.005597899926287499,0.011610411404196169
2026-05-27,140975370.1528998,147390007.9894089,6414637.836509109,30949.518376887485,784421.3791284552,753471.8607515676,140944420.6345229,146605586.61028045,5661165.975757539,-0.019364236596241712,-0.011384368971682084,0.007979867624559628,0.0,0.0002017372143394784,0.0002017372143394784,2518882.153926276,8535097.225221239,6016215.071294963,2567607238.090125,8580437465.919065,6012830227.82894,-0.019364236596241712,-0.011586106186021563,0.007778130410220149
2026-05-28,141865346.44705215,148076382.8104418,6211036.363389641,30949.518376887485,816080.4296680856,785130.9112911981,141834396.92867526,147260302.3807737,5425905.452098429,0.006312991362867813,0.004869821227952032,-0.0014431701349157805,0.0,0.00021295994952532204,0.00021295994952532204,2518882.153926276,8566485.3938832,6047603.239956925,2567607238.090125,8611794110.971428,6044186872.881303,0.006312991362867813,0.0046568612784267105,-0.0016561300844411021
2026-05-29,140793841.56464592,149150787.914978,8356946.350332081,30949.518376887485,760990.7782236496,730041.259846762,140762892.04626903,148389797.13675433,7626905.090485305,-0.007552971245209261,0.0074524560363809595,0.015005427281590222,0.0,0.00019670677951538385,0.00019670677951538385,2518882.153926276,8595613.02226813,6076730.868341854,2567607238.090125,8640934720.367886,6073327482.2777605,-0.007552971245209261,0.007255749256865575,0.014808720502074837
2026-06-01,142644233.33759174,152652649.62463897,10008416.287047237,30949.518376887485,851419.2869574586,820469.768580571,142613283.81921485,151801230.3376815,9187946.518466651,0.01314256186479725,0.02369792555905009,0.01055536369425284,0.0,0.00021925837522548643,0.00021925837522548643,2518882.153926276,8628315.581689969,6109433.427763693,2567607238.090125,8673575714.255648,6105968476.165523,0.01314256186479725,0.023478667183824603,0.010336105319027353
2026-06-02,142947081.4977595,149254092.21226853,6307010.71450904,30949.518376887485,836051.3819151418,805101.8635382543,142916131.9793826,148418040.83035338,5501908.850970775,0.0021231013205490912,-0.02205410105777812,-0.02417720237832721,0.0,0.00020923613766023216,0.00020923613766023216,2518882.153926276,8660256.032501029,6141373.878574753,2567607238.090125,8705507878.793823,6137900640.703698,0.0021231013205490912,-0.02226333719543835,-0.024386438515987444
2026-06-03,142035438.2261906,148291476.94621143,6256038.720020831,30949.518376887485,809956.2905092789,779006.7721323913,142004488.7078137,147481520.65570214,5477031.947888434,-0.006377487822884885,-0.006244161432821257,0.00013332639006362768,0.0,0.00020534525600089334,0.00020534525600089334,2518882.153926276,8690904.652275538,6172022.498349262,2567607238.090125,8736154221.804148,6168546983.714023,-0.006377487822884885,-0.00644950668882215,-7.201886593726555e-05
2026-06-04,140631772.1473174,146111018.9672671,5479246.8199496865,30949.518376887485,782223.1231618058,751273.6047849183,140600822.62894052,145328795.8441053,4727973.215164781,-0.00988250605907138,-0.01450203388181487,-0.00461952782274349,0.0,0.00020183193601113533,0.00020183193601113533,2518882.153926276,8720834.608161543,6201952.454235267,2567607238.090125,8766083079.29588,6198475841.205754,-0.00988250605907138,-0.014703865817826005,-0.004821359758754624
2026-06-05,140148158.39006808,146910597.93843168,6762439.548363596,30949.518376887485,785729.268423154,754779.7500462665,140117208.8716912,146124868.67000854,6007659.798317343,-0.003438865555521271,0.005678383944730856,0.009117249500252127,0.0,0.00020597688867088901,0.00020597688867088901,2518882.153926276,8750930.101248953,6232047.947322678,2567607238.090125,8796161771.564116,6228554533.47399,-0.003438865555521271,0.005472407056059968,0.008911272611581238
2026-06-08,137033126.80888176,141908276.066174,4875149.257292241,30949.518376887485,869140.9682144038,838191.4498375163,137002177.29050487,141039135.0979596,4036957.807454735,-0.022226703632568588,-0.033822415102373396,-0.011595711469804808,0.0,0.00022769389217366552,0.00022769389217366552,2518882.153926276,8784380.747095115,6265498.59316884,2567607238.090125,8829553986.23746,6261946748.147334,-0.022226703632568588,-0.03405010899454706,-0.01182340536197847
2026-06-09,138817615.255196,143284228.01131734,4466612.756121337,30949.518376887485,789856.7781603131,758907.2597834256,138786665.73681912,142494371.23315704,3707705.4963379204,0.013022314296331041,0.009908807282842469,-0.003113507013488573,0.0,0.00021274174469362533,0.00021274174469362533,2518882.153926276,8814570.561331898,6295688.407405622,2567607238.090125,8859768347.662151,6292161109.572026,0.013022314296331041,0.009696065538148843,-0.003326248758182198
2026-06-10,139618290.1348059,142345053.622681,2726763.487875104,30949.518376887485,660530.4698835891,629580.9515067015,139587340.616429,141684523.1527974,2097182.5363684,0.0057678190058081495,-0.00637935577535835,-0.0121471747811665,0.0,0.00017526926377833514,0.00017526926377833514,2518882.153926276,8839683.882486489,6320801.728560213,2567607238.090125,8884933775.3103,6317326537.220176,0.0057678190058081495,-0.006554625039136685,-0.012322444044944834
2026-06-11,138980853.80148053,139431738.71974233,450884.91826179624,30949.518376887485,691249.3101810692,660299.7918041816,138949904.28310364,138740489.40956125,-209414.8735423982,-0.004565564674297982,-0.0202798734458583,-0.015714308771560315,0.0,0.00018669584330779717,0.00018669584330779717,2518882.153926276,8866259.112313269,6347376.958386993,2567607238.090125,8911480358.102018,6343873120.011893,-0.004565564674297982,-0.020466569289166094,-0.01590100461486811
2026-06-12,137485162.84530008,143757328.45709983,6272165.611799747,30949.518376887485,637611.4269408546,606661.9085639671,137454213.3269232,143119717.03015897,5665503.703235775,-0.010761848954510597,0.031197637200814754,0.041959486155325354,0.0,0.00017464503938206474,0.00017464503938206474,2518882.153926276,8890610.173813088,6371728.019886812,2567607238.090125,8935846063.01271,6368238824.9225855,-0.010761848954510597,0.03102299216143269,0.041784841115943286
2026-06-15,140882870.5369875,147314644.30101764,6431773.764030129,30949.518376887485,734979.8969180901,704030.3785412025,140851921.01861063,146579664.40409955,5727743.385488927,0.024713268118324708,0.024942571749847604,0.00022930363152289662,0.0,0.0001972882773643643,0.0001972882773643643,2518882.153926276,8918971.809502892,6400089.6555766165,2567607238.090125,8964144833.649677,6396537595.559552,0.024713268118324708,0.02474528347248324,3.201535415853218e-05
2026-06-16,140024598.86299726,148678814.07352918,8654215.21053192,30949.518376887485,776034.8860735605,745085.3676966729,139993649.34462038,147902779.18745562,7909129.8428352475,-0.0060920938842236195,0.00946261601270874,0.01555470989693236,0.0,0.00020237050905029587,0.00020237050905029587,2518882.153926276,8948783.949060652,6429901.795134377,2567607238.090125,8993921539.643082,6426314301.552957,-0.0060920938842236195,0.009260245503658445,0.015352339387882065
2026-06-17,140754103.7646064,146147176.66864374,5393072.904037356,30949.518376887485,954527.6469839793,923578.1286070917,140723154.2462295,145192649.02165976,4469494.775430262,0.0052098338972774655,-0.016779681219247514,-0.02198951511652498,0.0,0.00024787862955124223,0.00024787862955124223,2518882.153926276,8985638.249736503,6466756.095810227,2567607238.090125,9030668166.78814,6463060928.698014,0.0052098338972774655,-0.017027559848798755,-0.02223739374607622
2026-06-18,139795654.385907,144096470.56910506,4300816.183198065,30949.518376887485,799696.9664789904,768747.4481021028,139764704.8675301,143296773.60262606,3532068.735095948,-0.006809388522712479,-0.01383198760861657,-0.007022599085904092,0.0,0.00019979970526499974,0.00019979970526499974,2518882.153926276,9014838.41256021,6495956.258633934,2567607238.090125,9059931144.87069,6492323906.780564,-0.006809388522712479,-0.01403178731388157,-0.007222398791169092
2026-06-22,139052058.9216007,144922558.79166868,5870499.870067984,30949.518376887485,759119.9233679827,728170.4049910952,139021109.4032238,144163438.8683007,5142329.465076894,-0.0053191600809964655,0.005933566167026635,0.0112527262480231,0.0,0.00020068305544859553,0.00020068305544859553,2518882.153926276,9043756.132553376,6524873.978627101,2567607238.090125,9088854694.525415,6521247456.43529,-0.0053191600809964655,0.00573288311157804,0.011052043192574506
2026-06-23,138829280.79847646,141411633.64913934,2582352.850662887,30949.518376887485,761440.0127265239,730490.4943496364,138798331.28009957,140650193.63641283,1851862.3563132584,-0.0016021202767651714,-0.02402764906556893,-0.02242552878880376,0.0,0.0001985664512052262,0.0001985664512052262,2518882.153926276,9072532.890752219,6553650.736825943,2567607238.090125,9117615904.30048,6550008666.210355,-0.0016021202767651714,-0.024226215516774157,-0.022624095240008985
2026-06-24,139100192.65898353,139441336.09422663,341143.4352430999,30949.518376887485,870226.8932114821,839277.3748345945,139069243.14060664,138571109.20101514,-498133.9395914972,0.0019514028953324669,-0.0136958086965668,-0.015647211591899267,0.0,0.00023725680921245386,0.00023725680921245386,2518882.153926276,9106083.763737334,6587201.609811058,2567607238.090125,9151095608.408861,6583488370.318736,0.0019514028953324669,-0.013933065505779253,-0.01588446840111172
2026-06-25,138237073.00346363,137140518.7795995,-1096554.2238641381,30949.518376887485,774725.6334781842,743776.1151012967,138206123.48508674,136365793.1461213,-1840330.3389654458,-0.006205021280135227,-0.016296551334656625,-0.010091530054521397,0.0,0.00020370159660026914,0.00020370159660026914,2518882.153926276,9134488.186531803,6615606.032605527,2567607238.090125,9179533579.6218,6611926341.531674,-0.006205021280135227,-0.016500252931256894,-0.010295231651121667
2026-06-26,137111551.17196247,132513993.05631202,-4597558.115650445,30949.518376887485,733966.2675976409,703016.7492207533,137080601.65358558,131780026.78871438,-5300574.864871204,-0.008141968048418931,-0.03353328405425036,-0.025391316005831426,0.0,0.00020237455677487226,0.00020237455677487226,2518882.153926276,9162241.9382357,6643359.784309424,2567607238.090125,9207293834.132784,6639686596.042659,-0.008141968048418931,-0.03373565861102523,-0.0255936905626063
2026-06-29,137883327.48327738,133639686.27332646,-4243641.209950924,30949.518376887485,709325.5702534094,678376.0518765219,137852377.9649005,132930360.70307304,-4922017.261827454,0.005628820509418384,0.008699825660145748,0.0030710051507273645,0.0,0.00020492492512626262,0.00020492492512626262,2518882.153926276,9189397.358340947,6670515.204414671,2567607238.090125,9234447996.87665,6666840758.786525,0.005628820509418384,0.008494900735019486,0.002866080225601102
2026-06-30,158414212.79266238,133768849.85066417,-24645362.941998214,26367646.81919501,690379.9803043418,-25677266.838890668,132046565.97346738,133078469.87035982,1031903.8968924433,0.1491873606286434,0.0011645019688103046,-0.1480228586598331,0.00028694109187954995,0.00019799582875891034,-8.894526312063961e-05,2558446.5464663133,9215857.458779715,6657410.912313402,2593983499.783483,9260904340.06017,6666920840.276686,0.14890041953676386,0.0009665061400513943,-0.14793391339671247
2026-07-01,159983086.99926215,137171498.4822806,-22811588.516981542,1307296.899818007,701428.4096915768,-605868.49012643,158675790.09944415,136470070.07258904,-22205720.02685511,0.009982678269359224,0.025637994389769946,0.015655316120410722,7.905801368705721e-05,0.00020121568220786686,0.00012215766852080964,2570970.4594695,9242773.849160578,6671803.389691078,2619031325.789857,9287801748.031149,6668770422.241292,0.009903620255672168,0.02543677870756208,0.015533158451889911
2026-07-02,158492780.9766394,135702711.87082323,-22790069.105816156,1307296.899818007,776793.8036175352,-530503.0962004717,157185484.0768214,134925918.0672057,-22259566.00961569,-0.009315397337155005,-0.010489797131266682,-0.001174399794111677,0.0,0.00021786902175060117,0.00021786902175060117,2570970.4594695,9272659.269346977,6701688.809877477,2619031325.789857,9317634542.810493,6698603217.020637,-0.009315397337155005,-0.010707666153017282,-0.0013922688158622774
2026-07-03,157427914.03979108,136760662.38993973,-20667251.649851352,1307296.899818007,704616.0375939067,-602680.8622241002,156120617.13997307,136056046.35234582,-20064570.78762725,-0.006718709396646058,0.00799464535057863,0.014713354747224688,0.0,0.00019855561492496959,0.00019855561492496959,2570970.4594695,9299603.804749474,6728633.345279974,2619031325.789857,9344601694.8283,6725570369.038444,-0.006718709396646058,0.00779608973565366,0.014514799132299718
2026-07-06,157427605.64241186,135792018.33337715,-21635587.309034705,1307296.899818007,695588.1540577309,-611708.745760276,156120308.74259385,135096430.1793194,-21023878.563274443,-1.9589751989064805e-06,-0.0068879711821790476,-0.006886012206980141,0.0,0.0001947969152781003,0.0001947969152781003,2570970.4594695,9326244.359914424,6755273.900444924,2619031325.789857,9371233443.657438,6752202117.867581,-1.9589751989064805e-06,-0.007082768097457148,-0.007080809122258241
2026-07-07,154629506.0932719,130870189.26447006,-23759316.828801855,1307296.899818007,739468.2445483757,-567828.6552696312,153322209.1934539,130130721.01992168,-23191488.173532233,-0.017773881129181855,-0.036036008866638665,-0.01826212773745681,0.0,0.0002093399345237588,0.0002093399345237588,2570970.4594695,9354671.052141182,6783700.592671682,2619031325.789857,9399623982.492836,6780592656.702979,-0.017773881129181855,-0.036245348801162425,-0.01847146767198057
2026-07-08,152171218.97833017,129291501.53030856,-22879717.448021606,1307296.899818007,744573.6645660382,-562723.2352519687,150863922.07851216,128546927.86574252,-22316994.212769642,-0.015897917396560244,-0.0118449667545914,0.004052950641968844,0.0,0.0002180381438824036,0.0002180381438824036,2570970.4594695,9383205.745297946,6812235.285828446,2619031325.789857,9428141855.593012,6809110529.803155,-0.015897917396560244,-0.012063004898473803,0.0038349124980864412
2026-07-09,155022254.23040754,128625908.96510175,-26396345.265305787,1307296.899818007,714051.9858972635,-593244.9139207434,153714957.33058953,127911856.97920449,-25803100.351385042,0.018735706207908938,-0.004938777145346469,-0.023674483353255407,0.0,0.00020922219976734986,0.00020922219976734986,2570970.4594695,9410256.39765934,6839285.938189841,2619031325.789857,9455194243.46756,6836162917.677703,0.018735706207908938,-0.005147999345113819,-0.023883705553022758
2026-07-10,153129021.9525117,130079486.94075248,-23049535.01175922,1307296.899818007,693301.9063586118,-613994.9934593951,151821725.0526937,129386185.03439386,-22435540.018299833,-0.012212648353583815,0.01150172670329855,0.023714375056882363,0.0,0.00020090879385927448,0.00020090879385927448,2570970.4594695,9436098.473888572,6865128.014419072,2619031325.789857,9481033773.698446,6862002447.908589,-0.012212648353583815,0.011300817909439275,0.02351346626302309
2026-07-13,149683865.34837452,124295864.24259949,-25388001.10577503,1307296.899818007,688158.6411749795,-619138.2586430274,148376568.4485565,123607705.60142452,-24768862.847131997,-0.02249839096605471,-0.04426031351602024,-0.021761922549965534,0.0,0.00020190596357584186,0.00020190596357584186,2570970.4594695,9462362.298040796,6891391.838571296,2619031325.789857,9507287037.571186,6888255711.781329,-0.02249839096605471,-0.04446221947959608,-0.021963828513541374
2026-07-14,152017127.67480263,127199991.25122467,-24817136.423577964,1307296.899818007,757150.3420214308,-550146.5577965761,150709830.77498463,126442840.90920323,-24266989.865781397,0.015587934751669301,0.023598630950416543,0.008010696198747242,0.0,0.00023399990398902996,0.00023399990398902996,2570970.4594695,9491447.518339798,6920477.058870298,2619031325.789857,9536323219.409616,6917291893.61976,0.015587934751669301,0.02336463104642751,0.0077766962947582105
2026-07-15,149672911.86599788,127059413.33753465,-22613498.52846323,1307296.899818007,704376.7021532785,-602920.1976647284,148365614.96617988,126355036.63538137,-22010578.330798507,-0.015420734786013935,-0.0008938393608025046,0.01452689542521143,0.0,0.00021133299264812662,0.00021133299264812662,2570970.4594695,9518329.073155735,6947358.613686235,2619031325.789857,9563217720.26808,6944186394.478223,-0.015420734786013935,-0.0011051723534506314,0.014315562432563303
2026-07-16,146166891.02590552,125238492.31881438,-20928398.707091138,1307296.899818007,737693.2904989915,-569603.6093190154,144859594.12608752,124500799.0283154,-20358795.09777212,-0.023424551552997785,-0.014109011112806274,0.00931554044019151,0.0,0.0002222451939025692,0.0002222451939025692,2570970.4594695,9546567.417110082,6975596.957640582,2619031325.789857,9591425286.756277,6972393960.96642,-0.023424551552997785,-0.014331256306708843,0.009093295246288942
2026-07-17,142232845.67148077,118943824.85850126,-23289020.81297952,1307296.899818007,637642.6816025618,-669654.218215445,140925548.77166277,118306182.17689869,-22619366.594764084,-0.026914750165463287,-0.050067510557820646,-0.02315276039235736,0.0,0.0001939333781942944,0.0001939333781942944,2570970.4594695,9570855.34100543,6999884.88153593,2619031325.789857,9615751091.994127,6996719766.20427,-0.026914750165463287,-0.05026144393601494,-0.023346693770551655
2026-07-20,140582294.12188235,115763717.62987757,-24818576.492004782,1307296.899818007,695882.2781121321,-611414.6217058748,139274997.22206435,115067835.35176544,-24207161.870298907,-0.011604573766391141,-0.026512366183555222,-0.01490779241716408,0.0,0.0002238450691670472,0.0002238450691670472,2570970.4594695,9597480.329707874,7026509.870238374,2619031325.789857,9642333648.403965,7023302322.614108,-0.011604573766391141,-0.02673621125272227,-0.015131637486331128
2026-07-21,144485748.59722137,121789263.84593658,-22696484.751284793,1307296.899818007,754098.374017952,-553198.5258000549,143178451.69740337,121035165.47191863,-22143286.225484744,0.027766330744003934,0.05230107771053329,0.02453474696652936,0.0,0.0002506914632288484,0.0002506914632288484,2570970.4594695,9626501.30546932,7055530.845999819,2619031325.789857,9671311005.629578,7052279679.839721,0.027766330744003934,0.052050386247304445,0.02428405550330051
2026-07-22,144624178.5465344,120808601.34526433,-23815577.20127006,1307296.899818007,650930.8392788582,-656366.0605391487,143316881.6467164,120157670.50598547,-23159211.140730917,0.0009580872207605181,-0.007848212322979633,-0.00880629954374015,0.0,0.0002039136994979233,0.0002039136994979233,2570970.4594695,9651335.804819273,7080365.345349773,2619031325.789857,9696184671.497227,7077153345.70737,0.0009580872207605181,-0.008052126022477556,-0.009010213243238073
2026-07-23,147786376.42149848,123774641.62658872,-24011734.79490976,1307296.899818007,614190.1057639113,-693106.7940540956,146479079.52168047,123160451.5208248,-23318628.00085567,0.021864932314527318,0.024745700724414045,0.0028807684098867276,0.0,0.0001941352870524549,0.0001941352870524549,2570970.4594695,9674789.017319841,7103818.557850341,2619031325.789857,9719644527.758305,7100613201.968448,0.021864932314527318,0.02455156543736159,0.0026866331228342713
2026-07-24,145710206.17566994,119466338.28440863,-26243867.89126131,1307296.899818007,714347.1978020705,-592949.7020159364,144402909.27585194,118751991.08660656,-25650918.189245373,-0.014048454912428036,-0.034585331082634146,-0.02053687617020611,0.0,0.00022231033375269728,0.00022231033375269728,2570970.4594695,9702305.399209969,7131334.939740469,2619031325.789857,9747097072.911467,7128065747.12161,-0.014048454912428036,-0.03480764141638684,-0.020759186503958804
2026-07-27,147358599.25050262,124196723.16567442,-23161876.084828198,1307296.899818007,554360.3353294125,-752936.5644885944,146051302.3506846,123642362.830345,-22408939.52033961,0.011312818217039345,0.03977198311669611,0.02845916489965676,0.0,0.00017601868691376215,0.00017601868691376215,2570970.4594695,9723333.707205186,7152363.247735686,2619031325.789857,9768194860.183924,7149163534.394067,0.011312818217039345,0.039595964429782346,0.028283146212743
2026-07-28,145546327.95217574,119403971.2873116,-26142356.664864138,1307296.899818007,623298.4599215277,-683998.4398964792,144239031.05235773,118780672.82739007,-25458358.22496766,-0.012298374900036236,-0.0383988423038427,-0.026100467403806463,0.0,0.00019116036450020108,0.00019116036450020108,2570970.4594695,9747075.198075267,7176104.738605767,2619031325.789857,9791890011.246275,7172858685.456418,-0.012298374900036236,-0.0385900026683429,-0.026291627768306666
2026-07-29,149114551.24159533,118815086.44931582,-30299464.79227951,1307296.899818007,638299.0752770714,-668997.8245409355,147807254.34177732,118176787.37403874,-29630466.967738584,0.024516065362995994,-0.004727520084684583,-0.029243585447680576,0.0,0.00020434969859757567,0.00020434969859757567,2570970.4594695,9771475.363619182,7200504.904149682,2619031325.789857,9816270476.39974,7197239150.609883,0.024516065362995994,-0.004931869783282159,-0.029447935146278154
2026-07-30,147778639.56647918,112386978.53028563,-35391661.03619355,1307296.899818007,572145.3065635543,-735151.5932544526,146471342.66666117,111814833.22372207,-34656509.4429391,-0.008958962515681707,-0.05392003212044047,-0.04496106960475876,0.0,0.00018174999434420358,0.00018174999434420358,2570970.4594695,9793070.004909351,7222099.5454398515,2619031325.789857,9837887397.253622,7218856071.463765,-0.008958962515681707,-0.054101782114784676,-0.04514281959910297
2026-07-31,150607299.05699992,115892600.68292034,-34714698.374079585,1307296.899818007,626283.1574248467,-681013.7423931602,149300002.15718192,115266317.52549548,-34033684.631686434,0.01914119319827853,0.03140338151819304,0.012262188319914508,0.0,0.00021095870837412248,0.00021095870837412248,2570970.4594695,9816779.01673817,7245808.557268671,2619031325.789857,9861557485.651094,7242526159.861238,0.01914119319827853,0.031192422809818914,0.012051229611540384
2026-08-03,152009741.2535264,117071702.9562525,-34938038.29727389,1307296.899818007,613256.7052754862,-694040.1945425207,150702444.3537084,116458446.25097701,-34243998.10273138,0.009311913866775405,0.010376724705834676,0.001064810839059271,0.0,0.00020263018742653255,0.00020263018742653255,2570970.4594695,9840262.3561359,7269291.896666399,2619031325.789857,9885035596.6052,7266004270.815343,0.009311913866775405,0.010174094518408143,0.0008621806516327379
2026-08-04,152739485.3446942,124607035.2825516,-28132450.062142596,1307296.899818007,688189.5923527386,-619107.3074652683,151432188.4448762,123918845.69019887,-27513342.754677325,0.004800640308641264,0.06458898854602496,0.0597883482373837,0.0,0.00022388463090626515,0.00022388463090626515,2570970.4594695,9866472.911141828,7295502.451672328,2619031325.789857,9911195579.890085,7292164254.100228,0.004800640308641264,0.0643651039151187,0.059564463606477436
2026-08-05,156232074.78534415,131278825.13524617,-24953249.65009798,1307296.899818007,592912.4450664967,-714384.4547515102,154924777.88552615,130685912.69017968,-24238865.195346475,0.02286631667487991,0.05372262138317768,0.030856304708297772,0.0,0.00017997960885079907,0.00017997960885079907,2570970.4594695,9888899.636612039,7317929.177142539,2619031325.789857,9933658730.571205,7314627404.781348,0.02286631667487991,0.05354264177432688,0.030676325099446972
2026-08-06,158156928.04630792,134540520.72928524,-23616407.31702268,1307296.899818007,572831.0159709696,-734465.8838470373,156849631.14648992,133967689.71331427,-22881941.433175653,0.012320474291904717,0.025004624007842435,0.012684149715937718,0.0,0.00015906654129136744,0.00015906654129136744,2570970.4594695,9909781.705271097,7338811.245801597,2619031325.789857,9954540398.91048,7335509073.120624,0.012320474291904717,0.024845557466551066,0.012525083174646349
2026-08-07,160821486.11839303,141125843.44773763,-19695642.6706554,1307296.899818007,732190.039853909,-575106.8599640979,159514189.21857503,140393653.40788373,-19120535.810691297,0.016847558339682326,0.0491527674784301,0.03230520913874778,0.0,0.00020600643754633419,0.00020600643754633419,2570970.4594695,9937497.918652166,7366527.459182666,2619031325.789857,9982163074.67292,7363131748.883063,0.016847558339682326,0.04894676104088377,0.03209920270120144
2026-08-10,164489680.93560395,139668952.60492444,-24820728.330679506,1307296.899818007,764006.1454333793,-543290.7543846276,163182384.03578594,138904946.45949107,-24277437.57629487,0.022809109067121,-0.010115185039149448,-0.03292429410627045,0.0,0.0002081604744787215,0.0002081604744787215,2570970.4594695,9966874.741185457,7395904.2817159565,2619031325.789857,10011509300.742155,7392477974.952298,0.022809109067121,-0.010323345513628169,-0.03313245458074917
2026-08-11,160804958.23599452,138606425.60767144,-22198532.62832308,1307296.899818007,832277.3409353364,-475019.5588826705,159497661.3361765,137774148.2667361,-21723513.069440424,-0.022400935296676517,-0.007378598137628583,0.015022337159047935,0.0,0.00022886921596806882,0.00022886921596806882,2570970.4594695,9998840.664863227,7427870.205393727,2619031325.789857,10043425105.860334,7424393780.0704775,-0.022400935296676517,-0.007607467353596652,0.014793467943079865
2026-08-12,161484641.42428797,144089816.49614352,-17394824.928144455,1307296.899818007,749185.0794048561,-558111.8204131508,160177344.52446997,143340631.41673866,-16836713.107731313,0.004226755168183098,0.039767291086123466,0.03554053591794037,0.0,0.00020642033693511337,0.00020642033693511337,2570970.4594695,10027451.849938534,7456481.390469034,2619031325.789857,10072063531.47387,7453032205.684012,0.004226755168183098,0.039560870749188355,0.03533411558100526
2026-08-13,158901027.89104298,143930762.31924105,-14970265.57180193,1307296.899818007,723901.0120692998,-583395.8877487071,157593730.99122497,143206861.30717176,-14386869.684053212,-0.015999128526760383,-0.0009112335178747454,0.015087895008885637,0.0,0.00019262087496314104,0.00019262087496314104,2570970.4594695,10055206.5564653,7484236.0969958,2619031325.789857,10099817002.681042,7480785676.891185,-0.015999128526760383,-0.0011038543928378864,0.014895274133922496
2026-08-14,159977570.30450955,147631983.35890505,-12345586.945604503,1307296.899818007,777907.1588007845,-529389.7410172224,158670273.40469155,146854076.20010427,-11816197.20458728,0.0067749241635161,0.025921602050430766,0.019146677886914668,0.0,0.00020631381027940156,0.00020631381027940156,2570970.4594695,10084901.460455801,7513931.000986301,2619031325.789857,10129470056.146181,7510438730.356324,0.0067749241635161,0.025715288240151363,0.018940364076635262
2026-08-17,164071774.93612236,153984991.14211673,-10086783.794005632,1307296.899818007,882590.2843221817,-424706.6154958252,162764478.03630435,153102400.85779455,-9662077.178509802,0.025592366628769816,0.043263067921715095,0.01767070129294528,0.0,0.0002303345080684522,0.0002303345080684522,2570970.4594695,10118906.200717945,7547935.741248445,2619031325.789857,10163405452.475435,7544374126.685578,0.025592366628769816,0.04303273341364664,0.017440366784876826
2026-08-18,164761018.25217074,155030094.73066884,-9730923.521501899,1307296.899818007,894594.151247995,-412702.7485700119,163453721.35235274,154135500.57942083,-9318220.772931904,0.004200864629621549,0.00700584207713607,0.0028049774475145213,0.0,0.00021879367196024223,0.00021879367196024223,2570970.4594695,10152597.142356694,7581626.682887194,2619031325.789857,10197073546.709902,7578042220.920045,0.004200864629621549,0.006787048405175828,0.0025861837755542794
2026-08-19,159036616.27761504,143504553.36110204,-15532062.916512996,1307296.899818007,866088.2467995957,-441208.65301841125,157729319.37779704,142638465.11430246,-15090854.263494581,-0.034743667132442486,-0.07412978160620953,-0.039386114473767046,0.0,0.00021411523259408922,0.00021411523259408922,2570970.4594695,10185791.447149035,7614820.987679535,2619031325.789857,10230265507.302069,7611234181.512212,-0.034743667132442486,-0.07434389683880362,-0.03960022970636113
2026-08-20,162191604.11066744,144565620.42857128,-17625983.682096153,1307296.899818007,802921.927625983,-504374.9721920239,160884307.21084943,143762698.5009453,-17121608.709904134,0.01983812223183267,0.007603759408899592,-0.012234362822933078,0.0,0.000209798432628234,0.000209798432628234,2570970.4594695,10215898.477519209,7644928.018049709,2619031325.789857,10260389067.316645,7641357741.526788,0.01983812223183267,0.007393960976271358,-0.012444161255561314
2026-08-21,163601078.85226214,145571021.29393765,-18030057.558324486,1307296.899818007,776100.6083867736,-531196.2914312333,162293781.95244414,144794920.68555087,-17498861.266893268,0.008690183128301646,0.00715898697458735,-0.001531196153714296,0.0,0.00020435376106249295,0.00020435376106249295,2570970.4594695,10245441.00577412,7674470.54630462,2619031325.789857,10289930234.967045,7670898909.177188,0.008690183128301646,0.0069546332135248575,-0.0017355499147767885
2026-08-24,166310026.6551387,144349298.5847615,-21960728.0703772,1307296.899818007,834401.5404338539,-472895.35938415304,165002729.7553207,143514897.04432765,-21487832.71099305,0.016558251460693865,-0.008172116005682246,-0.02473036746637611,0.0,0.000220507047426965,0.000220507047426965,2570970.4594695,10277540.441870574,7706569.982401074,2619031325.789857,10321984470.879427,7702953145.08957,0.016558251460693865,-0.008392623053109212,-0.024950874513803074
2026-08-25,164033945.80365762,142658971.5271314,-21374974.276526213,1307296.899818007,748210.2550129201,-559086.6448050868,162726648.90383962,141910761.27211848,-20815887.63172114,-0.013685770468913293,-0.011512297572896613,0.00217347289601668,0.0,0.00019768005915635106,0.00019768005915635106,2570970.4594695,10306075.419753987,7735104.960284487,2619031325.789857,10350548276.916609,7731516951.126752,-0.013685770468913293,-0.011709977632052964,0.00197579283686033
2026-08-26,165832615.17072454,143919337.43387225,-21913277.73685229,1307296.899818007,843382.736319935,-463914.16349807195,164525318.27090654,143075954.69755232,-21449363.573354214,0.010965226485619376,0.009061947063667378,-0.0019032794219519984,0.0,0.0002271300644354487,0.0002271300644354487,2570970.4594695,10338477.56114924,7767507.10167974,2619031325.789857,10382886631.00051,7763855305.210652,0.010965226485619376,0.008834816999231929,-0.0021304094863874475
2026-08-27,168007268.8304339,147284039.43412665,-20723229.39630726,1307296.899818007,789473.6853432795,-517823.2144747274,166699971.9306159,146494565.74878338,-20205406.181832522,0.013113546195183378,0.023587897316013386,0.010474351120830007,0.0,0.00020881525346290407,0.00020881525346290407,2570970.4594695,10368530.114073707,7797559.654604207,2619031325.789857,10412951112.174004,7793919786.384147,0.013113546195183378,0.02337908206255048,0.010265535867367103
2026-08-28,168170357.73119187,146943946.55878952,-21226411.172402352,1307296.899818007,793343.8354431298,-513953.06437487714,166863060.83137387,146150602.72334638,-20712458.108027488,0.0009707252661941105,-0.002102125811051684,-0.0030728510772457945,0.0,0.00020696943541072518,0.00020696943541072518,2570970.4594695,10399013.408560399,7828042.949090899,2619031325.789857,10443417229.938404,7824385904.148547,0.0009707252661941105,-0.0023090952464624092,-0.00327982051265652
2026-08-31,167903045.19181126,147716004.01688236,-20187041.174928904,1307296.899818007,823276.1819595136,-484020.7178584933,166595748.29199326,146892727.83492285,-19703020.45707041,-0.0015895342258110058,0.005469619021904671,0.007059153247715676,0.0,0.0002155240001410299,0.0002155240001410299,2570970.4594695,10430683.355719259,7859712.896249759,2619031325.789857,10475056375.950428,7856025050.160571,-0.0015895342258110058,0.0052540950217636415,0.006843629247574647
2026-09-01,166433723.8670444,145813607.85766312,-20620116.009381264,1307296.899818007,711028.9999781968,-596267.8998398101,165126426.9672264,145102578.85768494,-20023848.109541446,-0.008751010579280035,-0.01269548236768928,-0.003944471788409244,0.0,0.00018325864538207122,0.00018325864538207122,2570970.4594695,10457753.590516645,7886783.131047145,2619031325.789857,10502169199.221407,7883137873.43155,-0.008751010579280035,-0.01287874101307135,-0.004127730433791315
2026-09-02,164262422.1001974,143696302.31989607,-20566119.780301332,1307296.899818007,646242.565621186,-661054.3341968209,162955125.2003794,143050059.75427487,-19905065.446104527,-0.013046044493852276,-0.014351820195109945,-0.0013057757012576686,0.0,0.00016881041594985326,0.00016881041594985326,2570970.4594695,10482368.446310246,7911397.986840746,2619031325.789857,10526804140.80429,7907772815.014434,-0.013046044493852276,-0.014520630611059798,-0.0014745861172075214
2026-09-03,164374943.35636747,144353102.397073,-20021840.95929447,1307296.899818007,754851.3837959087,-552445.5160220983,163067646.45654947,143598251.01327708,-19469395.443272382,0.0006850091136573408,0.00477363126557392,0.004088622151916579,0.0,0.00020287985044868526,0.00020287985044868526,2570970.4594695,10511521.530634936,7940551.071165436,2619031325.789857,10555888344.17773,7936857018.387874,0.0006850091136573408,0.004570751415125235,0.0038857423014678942
2026-09-04,163109800.86117688,143555059.2587358,-19554741.602441072,1307296.899818007,743688.2072008085,-563608.6926171985,161802503.96135888,142811371.051535,-18991132.909823865,-0.007696687033666328,-0.005330780214533858,0.0023659068191324703,0.0,0.00019762980981056252,0.00019762980981056252,2570970.4594695,10540050.006807234,7969079.547337734,2619031325.789857,10584408137.700241,7965376811.910384,-0.007696687033666328,-0.005528410024344421,0.0021682770093219075
2026-09-07,163579411.2854634,144742418.12695017,-18836993.15851322,1307296.899818007,843583.3782367781,-463713.5215812288,162272114.3856454,143898834.7487134,-18373279.636931986,0.002879106110160732,0.008496422002227885,0.005617315892067152,0.0,0.00022531770018905525,0.00022531770018905525,2570970.4594695,10572395.502609916,8001425.043140416,2619031325.789857,10616687513.169504,7997656187.379647,0.002879106110160732,0.00827110430203883,0.005391998191878097
2026-09-08,163815859.56500113,145088050.87639192,-18727808.688609213,1307296.899818007,841646.6027619299,-465650.29705607705,162508562.66518313,144246404.27363,-18262158.391553134,0.0014454647909516564,0.002611171650729448,0.0011657068597777916,0.0,0.00022325555871973349,0.00022325555871973349,2570970.4594695,10604710.052039294,8033739.592569794,2619031325.789857,10648986873.711905,8029955547.922048,0.0014454647909516564,0.0023879160920097144,0.000942451301058058
2026-09-09,163977080.9465107,145221784.05174756,-18755296.894763142,1307296.899818007,780793.1744406028,-526503.7253774041,162669784.0466927,144440990.87730697,-18228793.16938573,0.000984162229088696,0.0011277681193012496,0.00014360589021255362,0.0,0.00020603008127648284,0.00020603008127648284,2570970.4594695,10634602.554953603,8063632.095484103,2619031325.789857,10678894857.088917,8059863531.29906,0.000984162229088696,0.0009217380380247668,-6.242419106392916e-05
2026-09-10,163384382.60924506,144098411.43609565,-19285971.173149407,1307296.899818007,660000.6356700854,-647296.2641479215,162077085.70942706,143438410.80042556,-18638674.9090015,-0.003614519381882268,-0.007562361561260869,-0.0039478421793786005,0.0,0.0001732038911757222,0.0001732038911757222,2570970.4594695,10659755.533034846,8088785.073565346,2619031325.789857,10704095654.950504,8085064329.160647,-0.003614519381882268,-0.007735565452436591,-0.0041210460705543225
2026-09-11,159556012.92419404,141376278.06260002,-18179734.86159402,1307296.899818007,715195.7814390613,-592101.1183789456,158248716.02437603,140661082.28116095,-17587633.743215084,-0.02343167458181769,-0.018700747316194956,0.004730927265622735,0.0,0.00019004645707881965,0.00019004645707881965,2570970.4594695,10687140.925598962,8116170.466129462,2619031325.789857,10731439757.245455,8112408431.455598,-0.02343167458181769,-0.018890793773273774,0.0045408808085439165
2026-09-14,159598568.7655509,141498114.70948306,-18100454.056067854,1307296.899818007,817493.8790240148,-489803.0207939921,158291271.8657329,140680620.83045903,-17610651.03527388,0.00026671411861546097,0.0010831960237479856,0.0008164819051325247,0.0,0.0002214061354253307,0.0002214061354253307,2570970.4594695,10718442.50096562,8147472.041496119,2619031325.789857,10762674532.775637,8143643206.98578,0.00026671411861546097,0.0008617898883226549,0.0005950757697071938
2026-09-15,158388401.09911472,141096233.4248878,-17292167.67422691,1307296.899818007,791481.2954588104,-515815.6043591965,157081104.1992967,140304752.12942898,-16776352.06986773,-0.007582572173400392,-0.0026270922095000503,0.004955479963900342,0.0,0.00021309605322255835,0.00021309605322255835,2570970.4594695,10748595.190748643,8177624.731279143,2619031325.789857,10792825152.50555,8173793826.715693,-0.007582572173400392,-0.0028401882627226084,0.004742383910677784
2026-09-16,161835068.6341775,143607837.51539928,-18227231.11877823,1307296.899818007,684218.9822778953,-623077.9175401116,160527771.7343595,142923618.53312138,-17604153.201238126,0.02176085818876326,0.017985070237360345,-0.003775787951402914,0.0,0.00018442432679097184,0.00018442432679097184,2570970.4594695,10774616.76861077,8203646.30914127,2619031325.789857,10818887350.735338,8199856024.945481,0.02176085818876326,0.017800645910569374,-0.003960212278193886
2026-09-17,159457131.97078636,143104933.8549666,-16352198.115819752,1307296.899818007,865542.5621922445,-441754.33762576245,158149835.07096836,142239391.29277438,-15910443.77819398,-0.014693580837947957,-0.0032691781843554838,0.011424402653592474,0.0,0.00023274531183767812,0.00023274531183767812,2570970.4594695,10808040.819535626,8237070.360066126,2619031325.789857,10852204027.844772,8233172702.054915,-0.014693580837947957,-0.0035019234961931617,0.011191657341754795
2026-09-18,162452376.6867877,145089237.83223134,-17363138.854556352,1307296.899818007,800534.8850344568,-506762.01478355005,161145079.7869697,144288702.9471969,-16856376.83977279,0.018784012223110103,0.014080081291756356,-0.004703930931353746,0.0,0.00021400467363097208,0.00021400467363097208,2570970.4594695,10838665.94420024,8267695.48473074,2619031325.789857,10882846343.785631,8263815017.995774,0.018784012223110103,0.013866076618125384,-0.004917935604984719
2026-09-21,161790373.8818873,146094673.34878984,-15695700.533097446,1307296.899818007,826532.4234940913,-480764.47632391565,160483076.98206928,145268140.92529574,-15214936.056773543,-0.004075057677837278,0.007148627862634261,0.01122368554047154,0.0,0.00021885463078989193,0.00021885463078989193,2570970.4594695,10870419.3957776,8299448.9363081,2619031325.789857,10914570919.867973,8295539594.078116,-0.004075057677837278,0.006929773231844369,0.011004830909681646
2026-09-22,160864008.99324813,145976758.76595858,-14887250.227289557,1307296.899818007,894742.1813959237,-412554.7184220832,159556712.09343013,145082016.58456266,-14474695.508867472,-0.005725710784965682,-0.0005711467656072887,0.005154564019358394,0.0,0.00023596399434322297,0.00023596399434322297,2570970.4594695,10904892.478453249,8333922.018983749,2619031325.789857,10948992661.123333,8329961335.333476,-0.005725710784965682,-0.0008071107599505117,0.00491860002501517
2026-09-23,161702987.3900245,144788808.31698877,-16914179.073035747,1307296.899818007,798845.7426084401,-508451.1572095668,160395690.4902065,143989962.57438034,-16405727.915826172,0.005215451249953569,-0.007928790142223361,-0.01314424139217693,0.0,0.00020915221937151915,0.00020915221937151915,2570970.4594695,10935423.84152581,8364453.38205631,2619031325.789857,10979556706.73375,8360525380.9438925,0.005215451249953569,-0.008137942361594881,-0.01335339361154845
2026-09-24,158894815.17091444,144157236.82232946,-14737578.34858498,1307296.899818007,803329.6248054104,-503967.2750125965,157587518.27109644,143353907.19752404,-14233611.073572397,-0.017366235865122356,-0.004148932944298458,0.013217302920823898,0.0,0.00021308579182231812,0.00021308579182231812,2570970.4594695,10966276.279393045,8395305.819923546,2619031325.789857,11010391476.440954,8391360150.651097,-0.017366235865122356,-0.004362018736120776,0.01300421712900158
2026-09-28,154944528.85714248,142597423.86614585,-12347104.990996629,1307296.899818007,769599.4123204481,-537697.4874975588,153637231.95732448,141827824.4538254,-11809407.50349906,-0.024861014561883953,-0.010615619369063595,0.014245395192820358,0.0,0.0002046002089937072,0.0002046002089937072,2570970.4594695,10995770.88017485,8424800.420705348,2619031325.789857,11039888195.028608,8420856869.238751,-0.024861014561883953,-0.010820219578057302,0.014040794983826651
2026-09-29,156052004.6007995,143238729.24515074,-12813275.355648756,1307296.899818007,787834.3487508995,-519462.55106710736,154744707.7009815,142450894.89639986,-12293812.804581642,0.007147562755688559,0.004709712656267607,-0.0024378500994209525,0.0,0.0002123987384027244,0.0002123987384027244,2570970.4594695,11026058.393103497,8455087.933633998,2619031325.789857,11070151446.732574,8451120120.942718,0.007147562755688559,0.004497313917864882,-0.0026502488378236768
2026-09-30,156470215.25309217,144235984.7504793,-12234230.502612859,1307296.899818007,827660.1393705234,-479636.7604474835,155162918.35327417,143408324.61110878,-11754593.742165387,0.002679944120951883,0.007179552397849428,0.004499608276897545,0.0,0.00021736060388440845,0.00021736060388440845,2570970.4594695,11057192.849791858,8486222.390322357,2619031325.789857,11101250423.297283,8482219097.507426,0.002679944120951883,0.00696219179396502,0.004282247673013137
