date,stock,side,requested_qty,filled_qty,open_adj,factor,open_raw,prev_close_adj,tradable,block_reason,fee_cny,turnover_cny,factor_match,lot_ok
2025-01-02,SH688658,buy,9256268.887309154,9256268.887309154,0.5130706429481506,0.035262588411569595,14.54999947706088,0.508217453956604,True,,2374.5599146563354,4749119.829312671,True,True
2025-01-02,SH600548,buy,785095.6154123425,785095.6154123425,6.049375534057617,0.45077311992645264,13.420000587090515,6.0764617919921875,True,,2374.6691038856666,4749338.207771333,True,True
2025-01-02,SZ002911,buy,2757740.6840103916,2757740.6840103916,1.7219879627227783,0.13764891028404236,12.5100006906659,1.739910364151001,True,,2374.398131088388,4748796.262176775,True,True
2025-01-02,SH600750,buy,300697.3793157802,300697.3793157802,15.794816970825195,0.6897299885749817,22.900000337027706,15.656916618347168,True,,2374.730034949773,4749460.069899546,True,True
2025-01-02,SZ300910,buy,5117143.221375328,5117143.221375328,0.9280510544776917,0.019893912598490715,46.65000159637274,0.9466990232467651,True,,2374.4850812553723,4748970.162510744,True,True
2025-01-02,SH600461,buy,905780.5830149397,905780.5830149397,5.243140697479248,0.5269488096237183,9.950000079178945,5.2439961433410645,True,,2374.5675188960554,4749135.037792111,True,True
2025-01-02,SZ002003,buy,233629.15504863087,233629.15504863087,20.32914161682129,1.429616093635559,14.220000535335075,20.257352828979492,True,,2374.740089400958,4749480.178801916,True,True
2025-01-02,SH600323,buy,685036.6681929337,685036.6681929337,6.933394908905029,0.2934149503707886,23.629998744587812,6.930775165557861,True,,2374.814873831075,4749629.74766215,True,True
2025-01-02,SH600033,buy,1256282.023952038,1256282.023952038,3.7807202339172363,0.9769303202629089,3.8699998920084484,3.789830446243286,True,,2374.825433730984,4749650.867461968,True,True
2025-01-02,SH688776,buy,9737553.414653592,9737553.414653592,0.4875704050064087,0.010279789566993713,47.42999862291898,0.48658502101898193,True,,2373.8714310770947,4747742.8621541895,True,True
2025-01-02,SZ002088,buy,1473357.7771001623,1473357.7771001623,3.223893165588379,0.2516700327396393,12.810000183548272,3.218918800354004,True,,2374.97403402985,4749948.0680597,True,True
2025-01-02,SZ000582,buy,2654743.706389039,2654743.706389039,1.7889771461486816,0.22702756524085999,7.879999700700243,1.7892544269561768,True,,2374.6379098060183,4749275.819612036,True,True
2025-01-02,SZ002726,buy,1822120.069282913,1822120.069282913,2.6065680980682373,0.32994532585144043,7.900000072260026,2.6127660274505615,True,,2374.740021721364,4749480.043442728,True,True
2025-01-02,SZ002034,buy,883183.2630486821,883183.2630486821,5.377529621124268,0.34828558564186096,15.440000513411814,5.398351669311523,True,,2374.672078962737,4749344.1579254735,True,True
2025-01-02,SH688598,buy,9273393.450790014,9273393.450790014,0.5120131969451904,0.02438158169388771,20.999999236044168,0.5134719014167786,True,,2374.0499136347935,4748099.827269587,True,True
2025-01-02,SZ000543,buy,1002619.0698441212,1002619.0698441212,4.736843585968018,0.6034196019172668,7.849999520926191,4.773794651031494,True,,2374.624855080173,4749249.710160346,True,True
2025-01-02,SH601811,buy,2346043.5306874947,2346043.5306874947,2.02465558052063,0.1263829916715622,16.020000426815372,2.002926826477051,True,,2374.9650632753787,4749930.126550757,True,True
2025-01-02,SH605599,buy,5262447.25276669,5262447.25276669,0.9025641083717346,0.0783475786447525,11.52000003043088,0.8888888955116272,True,,2374.848006273326,4749696.012546652,True,True
2025-01-02,SH600269,buy,1099107.472589145,1099107.472589145,4.3216471672058105,0.7648933529853821,5.649999637646743,4.291011333465576,True,,2374.977347684808,4749954.695369616,True,True
2025-01-02,SZ300627,buy,503194.79395127046,503194.79395127046,9.434914588928223,0.22734734416007996,41.49999914793332,9.503534317016602,True,,2373.799951261786,4747599.902523573,True,True
2025-01-03,SZ300627,sell,503194.79395127046,503194.79395127046,8.75297737121582,0.22735005617141724,38.500000917599316,8.721043586730957,True,,6606.678967153617,4404452.644769078,True,True
2025-01-03,SZ300910,sell,5117143.221375328,5117143.221375328,0.9121354222297668,0.01989390142261982,45.85000211133288,0.912135899066925,True,,7001.29138925906,4667527.592839373,True,True
2025-01-03,SZ300049,buy,2046754.7304601504,2046754.7304601504,3.2542383670806885,0.10607035458087921,30.67999894918155,3.242415428161621,True,,3330.3138859336573,6660627.771867314,True,True
2025-01-03,SZ300663,buy,1222555.2205271511,1222555.2205271511,5.449212074279785,0.32301199436187744,16.86999916224446,5.433619976043701,True,,3330.981334585169,6661962.669170338,True,True
2025-01-06,SZ000582,sell,2654743.706389039,2654743.706389039,1.7937812805175781,0.22706091403961182,7.9000002625050865,1.8050812482833862,True,,7143.044347638767,4762029.5650925115,True,True
2025-01-06,SZ002726,sell,1822120.0692829133,1822120.0692829133,2.4576289653778076,0.32988306879997253,7.450000311680174,2.4907801151275635,True,,6717.142590998858,4478095.0606659055,True,True
2025-01-06,SZ000062,buy,1803109.3855429804,1803109.3855429804,2.6138463020324707,0.12694737315177917,20.589999124340586,2.6291956901550293,True,,2356.52539978078,4713050.79956156,True,True
2025-01-06,SZ300180,buy,2363331.7153488477,2363331.7153488477,1.9944292306900024,0.3480679392814636,5.729999823618388,2.0153541564941406,True,,2356.748927454243,4713497.854908486,True,True
2025-01-07,SH600750,sell,300697.3793157802,300697.3793157802,15.491530418395996,0.6897386312484741,22.460001102671697,15.477632522583008,True,,6987.393897603552,4658262.598402368,True,True
2025-01-07,SZ000543,sell,1002619.0698441213,1002619.0698441213,4.5023698806762695,0.6035348176956177,7.460000233071826,4.501853942871094,True,,6771.242852786743,4514161.901857829,True,True
2025-01-07,SZ300085,buy,369017.03625949926,369017.03625949926,12.420174598693848,0.3552681505680084,34.96000015435178,12.242561340332031,True,,2291.6280101177595,4583256.020235519,True,True
2025-01-07,SZ301487,buy,22913523.75949625,22913523.75949625,0.20005914568901062,0.010212309658527374,19.589999948930195,0.19883696734905243,True,,2292.0299940248333,4584059.988049666,True,True
2025-01-08,SZ002034,sell,883183.263048682,883183.263048682,5.130524158477783,0.34830442070961,14.730000118933972,5.1584248542785645,True,,6796.789601151753,4531193.067434502,True,True
2025-01-08,SZ002911,sell,2757740.6840103916,2757740.6840103916,1.562610149383545,0.13767489790916443,11.350000422114194,1.5710015296936035,True,,6463.910373303836,4309273.5822025575,True,True
2025-01-08,SZ000582,buy,2403565.911589736,2403565.911589736,1.8390051126480103,0.22703766822814941,8.1,1.8458975553512573,True,,2210.085,4420170.0,True,True
2025-01-08,SZ301153,buy,2948597.4573095245,2948597.4573095245,1.4986141920089722,0.06341998279094696,23.629999978853597,1.5010312795639038,True,,2209.4049980228115,4418809.996045623,True,True
2025-01-09,SZ000582,sell,2403565.911589736,2403565.911589736,1.8230876922607422,0.2270345836877823,8.029999935022456,1.836734652519226,True,,6572.867146435079,4381911.430956719,True,True
2025-01-09,SZ002003,sell,233629.15504863087,233629.15504863087,20.128999710083008,1.4296164512634277,14.080000053366723,20.114253997802734,True,,7054.081791361244,4702721.194240829,True,True
2025-01-09,SZ000503,buy,1678291.9829990615,1678291.9829990615,2.697871446609497,0.2708706259727478,9.960000044009679,2.719672679901123,True,,2263.9080100034,4527816.020006799,True,True
2025-01-09,SZ300773,buy,5916107.284959452,5916107.284959452,0.76544588804245,0.04739603027701378,16.1499999803502,0.7706594467163086,True,,2264.2299972450974,4528459.994490195,True,True
2025-01-10,SH605599,sell,5262447.25276669,5262447.25276669,0.8266217112541199,0.07835277169942856,10.549999614884698,0.8340277671813965,True,,6525.079730199815,4350053.153466543,True,True
2025-01-10,SH688776,sell,9737553.414653592,9737553.414653592,0.5088659524917603,0.010280120186507702,49.500000317080826,0.5016768574714661,True,,7432.6640899306385,4955109.393287092,True,True
2025-01-10,SH600246,buy,1048507.1731939643,1048507.1731939643,4.423603534698486,0.6411019563674927,6.900000055783306,4.404321193695068,True,,2319.090018748769,4638180.037497538,True,True
2025-01-10,SZ002777,buy,949445.6101933671,949445.6101933671,4.8841376304626465,0.3065999746322632,15.930000112755046,4.88121223449707,True,,2318.6115164114967,4637223.032822994,True,True
2025-01-13,SH600461,sell,905780.5830149397,905780.5830149397,4.811225414276123,0.5269688367843628,9.12999987558067,4.8117194175720215,True,,6536.871841138983,4357914.560759322,True,True
2025-01-13,SH601811,sell,2346043.5306874947,2346043.5306874947,1.8072948455810547,0.12638425827026367,14.299999622708425,1.8224390745162964,True,,6359.988570780432,4239992.380520288,True,True
2025-01-13,SZ300366,buy,2303890.473665613,2303890.473665613,1.8699218034744263,0.23286697268486023,8.030000055031413,1.8861196041107178,True,,2154.047514762177,4308095.029524353,True,True
2025-01-13,SH688062,buy,6254850.128156229,6254850.128156229,0.6885714530944824,0.040816325694322586,16.8700009464659,0.6873469352722168,True,,2153.4556208163717,4306911.241632744,True,True
2025-01-14,SH600269,sell,1099107.472589145,1099107.472589145,3.8857390880584717,0.7649092674255371,5.08000001246781,3.8780899047851562,True,,6406.267302325194,4270844.868216796,True,True
2025-01-14,SZ300049,sell,2046754.7304601504,2046754.7304601504,3.349745035171509,0.10607171803712845,31.58000169280743,3.349766731262207,True,,10284.159744859033,6856106.496572688,True,True
2025-01-14,SZ300348,buy,898144.9580195064,898144.9580195064,6.113531112670898,0.5006986856460571,12.210000321415944,6.013675212860107,True,,2745.418572270375,5490837.14454075,True,True
2025-01-14,SZ300393,buy,3660305.8398877745,3660305.8398877745,1.5000767707824707,0.2669175863265991,5.619999758828119,1.4949238300323486,True,,2745.369882187536,5490739.764375072,True,True
2025-01-15,SH600548,sell,785095.6154123425,785095.6154123425,5.742035388946533,0.4507092237472534,12.739999730217468,5.742128849029541,True,,6762.070211106642,4508046.807404428,True,True
2025-01-15,SZ300085,sell,369017.03625949926,369017.03625949926,14.740220069885254,0.3552716374397278,41.48999952856059,14.81824016571045,True,,8159.088486002769,5439392.324001846,True,True
2025-01-15,SZ000582,buy,2585543.2105201404,2585543.2105201404,1.9300973415374756,0.22707027196884155,8.500000131247134,1.9412745237350464,True,,2495.1750385275964,4990350.077055193,True,True
2025-01-15,SH688639,buy,2964253.820245959,2964253.820245959,1.6829314231872559,0.06146572157740593,27.379999453319385,1.6817021369934082,True,,2494.317950197396,4988635.900394792,True,True
2025-01-16,SZ002088,sell,1473357.7771001623,1473357.7771001623,3.0122790336608887,0.25165238976478577,11.969999714592033,2.9872586727142334,True,,6657.247111560048,4438164.741040032,True,True
2025-01-16,SZ300393,sell,3660305.8398877745,3660305.8398877745,1.6043236255645752,0.2669423520565033,6.010000336046303,1.5829102993011475,True,,8808.472703585912,5872315.135723942,True,True
2025-01-16,SZ002948,buy,6151478.320650546,6151478.320650546,0.8352074027061462,0.21198156476020813,3.9400001771424145,0.8310291767120361,True,,2568.880115496854,5137760.230993709,True,True
2025-01-16,SH603337,buy,1797820.1284951176,1797820.1284951176,2.8563592433929443,0.09411397576332092,30.350000839154372,2.8561911582946777,True,,2567.61007099246,5135220.14198492,True,True
2025-01-17,SZ000582,sell,2585543.2105201404,2585543.2105201404,1.9206944704055786,0.22703243792057037,8.460000200841579,1.9412745237350464,True,,7449.057821161081,4966038.547440721,True,True
2025-01-17,SZ300348,sell,898144.9580195064,898144.9580195064,6.484130859375,0.5007050633430481,12.950000577350917,6.509401798248291,True,,8735.534157729518,5823689.438486345,True,True
2025-01-17,SZ002123,buy,2895257.5829438884,2895257.5829438884,1.8558845520019531,0.14188720285892487,13.079999567312747,1.687090516090393,True,,2686.631911126038,5373263.822252076,True,True
2025-01-17,SH600459,buy,953813.3179246095,953813.3179246095,5.632479667663574,0.39693301916122437,14.190000316843886,5.561190128326416,True,,2686.167059978548,5372334.119957096,True,True
2025-01-20,SH600323,sell,685036.6681929337,685036.6681929337,6.502264976501465,0.29342350363731384,22.160000463148275,6.473288059234619,True,,6681.434902815251,4454289.935210167,True,True
2025-01-20,SZ002123,sell,2895257.5829438884,2895257.5829438884,1.624701738357544,0.1418953537940979,11.44999955893639,1.668593406677246,True,,7055.895042002695,4703930.028001796,True,True
2025-01-20,SZ002274,buy,2876096.33732686,2876096.33732686,1.6027661561965942,0.1978723704814911,8.099999774079203,1.5971921682357788,True,,2304.8549357142374,4609709.871428475,True,True
2025-01-20,SZ002237,buy,2810051.275847871,2810051.275847871,1.6403402090072632,0.15373384952545166,10.670000224873665,1.6433132886886597,True,,2304.7200485727117,4609440.097145423,True,True
2025-01-21,SH600459,sell,953813.3179246095,953813.3179246095,5.421730995178223,0.39690566062927246,13.659999171043218,5.409736156463623,True,,7756.978844108454,5171319.229405636,True,True
2025-01-21,SZ300663,sell,1222555.2205271511,1222555.2205271511,5.3652024269104,0.3230103850364685,16.609999787792145,5.326647758483887,True,,9838.884354306376,6559256.236204251,True,True
2025-01-21,SH603638,buy,673981.7608659581,673981.7608659581,8.59438705444336,0.49393028020858765,17.40000036202262,8.569620132446289,True,,2896.230060258665,5792460.12051733,True,True
2025-01-21,SH603075,buy,11280581.082199553,11280581.082199553,0.5134310126304626,0.026195459067821503,19.6000005688452,0.5132992267608643,True,,2895.9000840468784,5791800.168093757,True,True
2025-01-22,SZ300180,sell,2363331.7153488477,2363331.7153488477,2.1753885746002197,0.3480621576309204,6.250000256870692,2.1896979808807373,True,,7711.747217340333,5141164.811560222,True,True
2025-01-22,SZ300773,sell,5916107.284959452,5916107.284959452,0.8244199156761169,0.04740770161151886,17.389999676250998,0.8238731026649475,True,,7316.0350034957,4877356.668997133,True,True
2025-01-22,SH688235,buy,4265969.968811996,4265969.968811996,1.180270791053772,0.006211951840668917,189.99999055476866,1.1789041757583618,True,,2517.499874850685,5034999.74970137,True,True
2025-01-22,SZ002020,buy,409884.336409949,409884.336409949,12.29298210144043,0.9536836743354797,12.88999951687974,12.321752548217773,True,,2519.3504055741455,5038700.8111482905,True,True
2025-01-23,SZ000503,sell,1678291.9829990615,1678291.9829990615,2.7004730701446533,0.27085989713668823,9.969999614900066,2.6680896282196045,True,,6798.2734558929515,4532182.303928634,True,True
2025-01-23,SZ002948,sell,6151478.320650546,6151478.320650546,0.8369613289833069,0.21188893914222717,3.950000091422939,0.8279569745063782,True,,7722.824205695523,5148549.470463682,True,True
2025-01-23,SH603398,buy,1643610.5857704908,1643610.5857704908,2.9460628032684326,0.15587633848190308,18.900000038238417,2.9458250999450684,True,,2421.0900048983412,4842180.009796683,True,True
2025-01-23,SH600456,buy,1051703.6346584149,1051703.6346584149,4.603517532348633,0.15365545451641083,29.96000074866828,4.588043689727783,True,,2420.7680604923967,4841536.120984794,True,True
2025-01-24,SH688658,sell,9256268.887309154,9256268.887309154,0.5077657699584961,0.03526151180267334,14.4,0.5097977519035339,True,,7050.024747761107,4700016.498507405,True,True
2025-01-24,SZ002020,sell,409884.336409949,409884.336409949,11.415868759155273,0.953706681728363,11.969999768132869,11.396525382995605,True,,7018.778686334141,4679185.790889427,True,True
2025-01-24,SH601163,buy,8220886.758397947,8220886.758397947,0.5702764391899109,0.03786696121096611,15.060000088540543,0.5720579028129578,True,,2344.0890137813353,4688178.02756267,True,True
2025-01-24,SZ002226,buy,1625769.628660001,1625769.628660001,2.884204626083374,0.5051146149635315,5.710000345746498,2.8586666584014893,True,,2344.526141963512,4689052.283927024,True,True
2025-01-27,SZ300366,sell,2303890.473665613,2303890.473665613,2.1468122005462646,0.23284296691417694,9.220000195829636,2.126150369644165,True,,7419.030266381476,4946020.177587651,True,True
2025-01-27,SZ301153,sell,2948597.4573095245,2948597.4573095245,1.6133100986480713,0.06341627985239029,25.439999041307093,1.596849799156189,True,,7135.503082088222,4757002.054725481,True,True
2025-01-27,SZ001270,buy,3128741.1116955774,3128741.1116955774,1.5450904369354248,0.05868174880743027,26.329999843831953,1.5451633930206299,True,,2417.093985663773,4834187.971327546,True,True
2025-01-27,SZ000736,buy,4029069.3947621393,4029069.3947621393,1.200068712234497,0.1818285882472992,6.600000163903392,1.2730005979537964,True,,2417.580060037813,4835160.120075625,True,True
2025-02-05,SH600246,sell,1048507.1731939642,1048507.1731939642,3.1543684005737305,0.6411317586898804,4.920000230560282,3.5066871643066406,True,,4961.066842346892,3307377.894897928,True,True
2025-02-05,SH600456,sell,1051703.6346584149,1051703.6346584149,4.499288082122803,0.1536642163991928,29.279998867364394,4.474456310272217,True,,7097.87644401576,4731917.62934384,True,True
2025-02-05,SZ002583,buy,1055512.3407828563,1055512.3407828563,3.8389394283294678,0.32098156213760376,11.959999829160676,3.9641025066375732,True,,2026.0239710598185,4052047.942119637,True,True
2025-02-05,SZ300068,buy,4960113.154359966,4960113.154359966,0.8169854283332825,0.0579422265291214,14.100000591497304,0.8101995587348938,True,,2026.1700849981628,4052340.1699963254,True,True
2025-02-06,SZ002226,sell,1625769.628660001,1625769.628660001,2.8032188415527344,0.5050844550132751,5.550000230118065,2.8083808422088623,True,,6836.082082625861,4557388.055083907,True,True
2025-02-06,SZ002777,sell,949445.6101933671,949445.6101933671,5.479140758514404,0.3066111207008362,17.870000103031035,5.527878761291504,True,,7803.219211204585,5202146.140803057,True,True
2025-02-06,SH600246,buy,1445902.2857883954,1445902.2857883954,3.3402464389801025,0.6411221623420715,5.209999958163839,3.346707820892334,True,,2414.834980608939,4829669.961217878,True,True
2025-02-06,SH603636,buy,1552809.6452808974,1552809.6452808974,3.1102402210235596,0.2275230586528778,13.670000040605641,3.1216907501220703,True,,2414.805507172987,4829611.014345974,True,True
2025-02-07,SH603636,sell,1552809.6452808974,1552809.6452808974,3.019212007522583,0.2275216281414032,13.270000009169074,3.1853227615356445,True,,7032.392289643453,4688261.526428969,True,True
2025-02-07,SH603638,sell,673981.7608659581,673981.7608659581,8.712065696716309,0.4938812851905823,17.63999964759636,8.71202564239502,True,,8807.66006857915,5871773.3790527675,True,True
2025-02-07,SZ002675,buy,2172352.044953506,2172352.044953506,2.4157137870788574,0.18454651534557343,13.089999464662345,2.423076868057251,True,,2623.8903926915673,5247780.785383134,True,True
2025-02-07,SH688408,buy,4688988.408270188,4688988.408270188,1.1185632944107056,0.019385844469070435,57.70000353584501,1.1298201084136963,True,,2622.465160704156,5244930.321408312,True,True
2025-02-10,SH688598,sell,9273393.450790014,9273393.450790014,0.5437266230583191,0.02438236027956009,22.29999954164114,0.5425052046775818,True,,7563.286357933781,5042190.905289187,True,True
2025-02-10,SZ000062,sell,1803109.3855429806,1803109.3855429806,2.86909556388855,0.12695112824440002,22.600000516459446,2.8487966060638428,True,,7759.939708900762,5173293.1392671745,True,True
2025-02-10,SH600267,buy,2156060.348562186,2156060.348562186,2.3682007789611816,0.26789602637290955,8.839999648463099,2.3522467613220215,True,,2552.991898476143,5105983.796952286,True,True
2025-02-10,SH601069,buy,1992983.4496583703,1992983.4496583703,2.5620503425598145,0.19799461960792542,12.939999822385374,2.550583600997925,True,,2553.0619649566343,5106123.929913268,True,True
2025-02-11,SZ002583,sell,1055512.3407828563,1055512.3407828563,4.650934219360352,0.3209754526615143,14.48999972052383,4.679771900177002,True,,7363.677697056198,4909118.464704132,True,True
2025-02-11,SZ301487,sell,22913523.75949625,22913523.75949625,0.20986095070838928,0.01021221186965704,20.549999685370523,0.20873291790485382,True,,7212.980820370723,4808653.880247149,True,True
2025-02-11,SZ301339,buy,4597703.46624395,4597703.46624395,1.0571733713150024,0.04928547516465187,21.44999856008733,1.057349443435669,True,,2430.2848368578943,4860569.673715789,True,True
2025-02-11,SZ300827,buy,898934.8358699097,898934.8358699097,5.405395030975342,0.15006649494171143,36.01999922151108,5.466944694519043,True,,2429.5489474909223,4859097.894981844,True,True
2025-02-12,SH603337,sell,1797820.1284951176,1797820.1284951176,3.2261948585510254,0.09411303699016571,34.27999947433579,3.2374608516693115,True,,8700.177082725739,5800118.055150492,True,True
2025-02-12,SH688639,sell,2964253.820245959,2964253.820245959,1.7205671072006226,0.06147077679634094,27.990001052061533,1.7205673456192017,True,,7650.296430763476,5100197.620508984,True,True
2025-02-12,SZ300031,buy,2253908.4669521735,2253908.4669521735,2.4015283584594727,0.11859399080276489,20.250000376945604,2.4251954555511475,True,,2706.41255037878,5412825.10075756,True,True
2025-02-12,SZ002063,buy,615643.5969143959,615643.5969143959,8.792155265808105,1.361014723777771,6.460000110361557,8.832829475402832,True,,2706.4170462359743,5412834.092471949,True,True
2025-02-13,SZ002063,sell,615643.5969143959,615643.5969143959,9.227622985839844,1.3610063791275024,6.779999805552254,9.214069366455078,True,,8521.390508958599,5680927.005972399,True,True
2025-02-13,SZ300068,sell,4960113.154359966,4960113.154359966,0.9213568568229675,0.05794697254896164,15.899999884281746,0.92305988073349,True,,6855.051398081029,4570034.265387353,True,True
2025-02-13,SH601886,buy,8749167.270301057,8749167.270301057,0.5863662362098694,0.10341555625200272,5.670000311955136,0.5855787396430969,True,,2565.1081411285036,5130216.282257007,True,True
2025-02-13,SZ002990,buy,5012418.44224242,5012418.44224242,1.023061990737915,0.03912283107638359,26.14999892877088,1.027353286743164,True,,2564.007394965985,5128014.78993197,True,True
2025-02-14,SZ002237,sell,2810051.275847871,2810051.275847871,1.680191159248352,0.153722882270813,10.930000364476422,1.6664842367172241,True,,7082.134966071218,4721423.310714145,True,True
2025-02-14,SZ300031,sell,2253908.4669521735,2253908.4669521735,2.566303253173828,0.11859072744846344,21.639999251114126,2.604344129562378,True,,8676.318946643098,5784212.631095398,True,True
2025-02-14,SH603888,buy,3075680.289366351,3075680.289366351,1.7023251056671143,0.06814752519130707,24.97999891981791,1.656132459640503,True,,2617.903886796917,5235807.773593834,True,True
2025-02-14,SZ300770,buy,3022351.6668608617,3022351.6668608617,1.7328559160232544,0.041755564510822296,41.49999973235014,1.7340630292892456,True,,2618.649983111294,5237299.966222588,True,True
2025-02-17,SH688235,sell,4265969.968811996,4265969.968811996,1.2293452024459839,0.006211951840668917,197.89998924293099,1.228351354598999,True,,7866.524572406507,5244349.714937671,True,True
2025-02-17,SZ002990,sell,5012418.44224242,5012418.44224242,1.1737380027770996,0.03912460058927536,29.99999961913576,1.1063950061798096,True,,8824.899017221078,5883266.011480719,True,True
2025-02-17,SH688289,buy,16636487.762621256,16636487.762621256,0.3328268527984619,0.014408089220523834,23.099999431177963,0.3311218321323395,True,,2768.534931826679,5537069.863653358,True,True
2025-02-17,SZ000766,buy,1987450.2745172672,1987450.2745172672,2.7864701747894287,0.1702180951833725,16.369999745254,2.772916555404663,True,,2768.985456909714,5537970.913819428,True,True
2025-02-18,SZ002274,sell,2876096.33732686,2876096.33732686,1.5532711744308472,0.1978689283132553,7.8500004405532176,1.5534557104110718,True,,6701.036303483926,4467357.53565595,True,True
2025-02-18,SZ301339,sell,4597703.46624395,4597703.46624395,1.0935273170471191,0.04930240288376808,22.180000427669686,1.1036144495010376,True,,7541.571504029979,5027714.336019986,True,True
2025-02-18,SH600850,buy,453097.74753511045,453097.74753511045,10.545503616333008,0.3970445692539215,26.559999639710103,10.442441940307617,True,,2389.0719675919236,4778143.935183847,True,True
2025-02-18,SH601921,buy,7636995.648527785,7636995.648527785,0.6256570219993591,0.07629963755607605,8.199999921880828,0.6304054260253906,True,,2389.0699772399794,4778139.954479959,True,True
2025-02-19,SH601921,sell,7636995.648527786,7636995.648527786,0.607900083065033,0.07627353817224503,7.96999978802924,0.6081081032752991,True,,6963.7954336610055,4642530.289107337,True,True
2025-02-19,SH688289,sell,16636487.762621257,16636487.762621257,0.3197324275970459,0.01440885104238987,22.190001593910203,0.32129931449890137,True,,7978.836928547163,5319224.619031441,True,True
2025-02-19,SZ001301,buy,4685409.928218098,4685409.928218098,1.0583842992782593,0.02115076407790184,50.04000306466712,1.061897873878479,True,,2479.482151854256,4958964.303708511,True,True
2025-02-19,SZ300492,buy,356947.4721650283,356947.4721650283,13.898963928222656,0.17705686390399933,78.50000063120235,13.916499137878418,True,,2480.6000199459945,4961200.039891989,True,True
2025-02-20,SH601069,sell,1992983.4496583703,1992983.4496583703,2.576768636703491,0.19806061685085297,13.010000057931224,2.573930025100708,True,,7703.185869823231,5135457.24654882,True,True
2025-02-20,SZ000766,sell,1987450.2745172672,1987450.2745172672,2.697814702987671,0.1702091246843338,15.850000450862904,2.703125,True,,8042.65885807435,5361772.572049567,True,True
2025-02-20,SH688266,buy,5594249.881836039,5594249.881836039,0.9339053630828857,0.013406623154878616,69.65999956096636,0.931760311126709,True,,2612.2499835362382,5224499.967072477,True,True
2025-02-20,SZ300783,buy,3960620.6469452735,3960620.6469452735,1.3191205263137817,0.04918421059846878,26.819999960614375,1.3235572576522827,True,,2612.26799616384,5224535.99232768,True,True
2025-02-21,SH600246,sell,1445902.2857883954,1445902.2857883954,3.9556093215942383,0.6411036252975464,6.16999992748189,3.955761432647705,True,,8579.13683966849,5719424.559778993,True,True
2025-02-21,SZ300492,sell,356947.4721650283,356947.4721650283,14.742664337158203,0.177046537399292,83.26999530021398,14.743460655212402,True,,7893.5351521892,5262356.768126133,True,True
2025-02-21,SZ002011,buy,976450.6304415182,976450.6304415182,5.599706649780273,0.44477415084838867,12.590000203696775,5.577475070953369,True,,2733.918544232755,5467837.08846551,True,True
2025-02-24,SH603888,sell,3075680.289366351,3075680.289366351,1.8401641845703125,0.0681542307138443,26.999999344083513,1.8209179639816284,True,,8489.635067521222,5659756.711680814,True,True
2025-02-24,SH688062,sell,6254850.128156228,6254850.128156228,0.8102040886878967,0.040816325694322586,19.85000057956205,0.8061224222183228,True,,7601.557721943287,5067705.147962191,True,True
2025-02-24,SH688007,buy,11247663.380145146,11247663.380145146,0.47164419293403625,0.026129871606826782,18.050000399191124,0.4634397625923157,True,,2652.447558661136,5304895.117322272,True,True
2025-02-24,SH688739,buy,13499819.322424999,13499819.322424999,0.39290156960487366,0.013548329472541809,29.00000109985229,0.3918749988079071,True,,2652.0501005814917,5304100.201162984,True,True
2025-02-24,SH600812,buy,1960544.599685594,1960544.599685594,2.7060112953186035,0.4050915241241455,6.679999788120256,2.697394847869873,True,,2652.627915862554,5305255.8317251075,True,True
2025-02-25,SH600850,sell,453097.74753511045,453097.74753511045,11.27632999420166,0.39705389738082886,28.399998258639737,11.578042030334473,True,,7663.919581253066,5109279.720835377,True,True
2025-02-25,SH688739,sell,13499819.322424999,13499819.322424999,0.3789691627025604,0.013549130409955978,27.969998902962196,0.3812499940395355,True,,7674.022837882872,5116015.225255248,True,True
2025-02-25,SZ300777,buy,1419905.9718770557,1419905.9718770557,3.692624807357788,0.11648658663034439,31.70000009594127,3.7560136318206787,True,,2621.5900079343432,5243180.015868686,True,True
2025-02-25,SZ301216,buy,9712236.116623327,9712236.116623327,0.5400146842002869,0.048649970442056656,11.100000252691993,0.5419679284095764,True,,2622.3750596984837,5244750.119396967,True,True
2025-02-26,SZ001270,sell,3128741.111695577,3128741.111695577,1.8970389366149902,0.05867735669016838,32.3299999117521,1.9055092334747314,True,,8903.015567211869,5935343.71147458,True,True
2025-02-26,SZ001301,sell,4685409.928218098,4685409.928218098,1.1612693071365356,0.021152446046471596,54.90000090699889,1.144291877746582,True,,8161.534111488714,5441022.740992476,True,True
2025-02-26,SH600335,buy,2742152.6709626885,2742152.6709626885,2.062671422958374,0.30924609303474426,6.669999943141173,2.0623974800109863,True,,2828.0799758918574,5656159.951783715,True,True
2025-02-26,SZ000049,buy,540873.7297056859,540873.7297056859,10.45730972290039,0.40896791219711304,25.57000050864678,10.457155227661133,True,,2828.0420562563336,5656084.112512667,True,True
2025-02-27,SH688266,sell,5594249.881836039,5594249.881836039,1.0490682125091553,0.013406623154878616,78.24999631823049,1.0631451606750488,True,,8803.12458580093,5868749.723867287,True,True
2025-02-27,SH688408,sell,4688988.408270188,4688988.408270188,1.1662541627883911,0.019385874271392822,60.15999827819986,1.1663239002227783,True,,8202.828375617428,5468552.2504116185,True,True
2025-02-27,SZ002468,buy,9446916.187920619,9446916.187920619,0.598820149898529,0.05365772172808647,11.159999541782335,0.5997133851051331,True,,2828.501883864733,5657003.767729466,True,True
2025-02-27,SZ300428,buy,1692544.4548815729,1692544.4548815729,3.3421685695648193,0.18333344161510468,18.229999612299107,3.342303991317749,True,,2828.3844398482065,5656768.879696413,True,True
2025-02-28,SH600812,sell,1960544.5996855942,1960544.5996855942,2.5766284465789795,0.4051302671432495,6.3599998705303165,2.59218430519104,True,,7577.39247950505,5051594.9863367,True,True
2025-02-28,SZ000736,sell,4029069.39476214,4029069.39476214,1.2383077144622803,0.18183666467666626,6.810000154062346,1.2435357570648193,True,,7483.841570456742,4989227.713637828,True,True
2025-02-28,SZ002158,buy,1966674.9991479565,1966674.9991479565,2.5635809898376465,0.13072825968265533,19.60999860367433,2.580605983734131,True,,2520.865320502335,5041730.64100467,True,True
2025-02-28,SZ002101,buy,1791769.8845755854,1791769.8845755854,2.8143177032470703,0.21816417574882507,12.89999924867237,2.8248703479766846,True,,2521.304853153015,5042609.70630603,True,True
2025-03-03,SZ000049,sell,540873.7297056859,540873.7297056859,10.306035995483398,0.4089696705341339,25.20000072871718,10.224381446838379,True,,8361.396191037236,5574264.127358157,True,True
2025-03-03,SZ002101,sell,1791769.8845755856,1791769.8845755856,2.72282338142395,0.21817494928836823,12.480000065567173,2.724870443344116,True,,7318.009403780547,4878672.935853697,True,True
2025-03-03,SH603690,buy,367642.39093547896,367642.39093547896,14.165387153625488,0.4947742819786072,28.62999890976137,14.152610778808594,True,,2603.8984008427965,5207796.801685593,True,True
2025-03-03,SZ000488,buy,6052620.422691058,6052620.422691058,0.8604722619056702,0.4390164613723755,1.9599999945692566,0.8692134618759155,True,,2604.0559927847144,5208111.985569429,True,True
2025-03-04,SH603690,sell,367642.39093547896,367642.39093547896,12.367823600769043,0.4947129487991333,24.999999759033415,13.11646556854248,True,,6820.404358882463,4546936.239254976,True,True
2025-03-04,SZ300783,sell,3960620.6469452735,3960620.6469452735,1.4377957582473755,0.049189042299985886,29.230001053462026,1.4668874740600586,True,,8541.845349307336,5694563.566204891,True,True
2025-03-04,SH688183,buy,3620136.8035044717,3620136.8035044717,1.4126607179641724,0.049307528883218765,28.65000031354146,1.4407649040222168,True,,2557.0125279835756,5114025.055967151,True,True
2025-03-04,SH600882,buy,1184456.2233522458,1184456.2233522458,4.317573070526123,0.22221167385578156,19.430001113840166,4.348598003387451,True,,2556.988146581366,5113976.293162731,True,True
2025-03-05,SH603398,sell,1643610.5857704908,1643610.5857704908,2.774339199066162,0.1558617502450943,17.80000028681497,2.8692843914031982,True,,6839.899914154753,4559933.276103169,True,True
2025-03-05,SZ300777,sell,1419905.971877056,1419905.971877056,3.8673038482666016,0.11648505926132202,33.19999897661305,3.925544023513794,True,,8236.811743825301,5491207.829216868,True,True
2025-03-05,SH600315,buy,797446.3405321091,797446.3405321091,6.295957088470459,0.33506956696510315,18.789999776751348,6.299411773681641,True,,2510.3439701739803,5020687.94034796,True,True
2025-03-05,SH600557,buy,649681.3167888774,649681.3167888774,7.7279887199401855,0.540418803691864,14.299999680149046,7.739181995391846,True,,2510.364943850165,5020729.8877003305,True,True
2025-03-06,SZ002675,sell,2172352.044953506,2172352.044953506,2.4505436420440674,0.1845289021730423,13.279999030970584,2.4451048374176025,True,,7985.165238063364,5323443.492042243,True,True
2025-03-06,SZ300770,sell,3022351.6668608617,3022351.6668608617,1.6150254011154175,0.04175350069999695,38.67999985724635,1.6079108715057373,True,,7321.762069625721,4881174.713083814,True,True
2025-03-06,SZ300779,buy,534090.8458953808,534090.8458953808,9.529277801513672,0.0730212852358818,130.50000107134647,9.512518882751465,True,,2544.750020891256,5089500.041782512,True,True
2025-03-06,SH688526,buy,10135728.171968902,10135728.171968902,0.5021239519119263,0.03320925682783127,15.119999658984163,0.5003166794776917,True,,2544.6959426070343,5089391.885214069,True,True
2025-03-07,SZ300428,sell,1692544.4548815729,1692544.4548815729,3.8571324348449707,0.18332378566265106,21.039999915465373,3.8701605796813965,True,,9792.552171511074,6528368.114340715,True,True
2025-03-07,SZ301216,sell,9712236.116623327,9712236.116623327,0.5939806699752808,0.048647064715623856,12.21000020139989,0.5935240387916565,True,,8653.320773265064,5768880.515510043,True,True
2025-03-07,SZ000970,buy,1118837.9626148855,1118837.9626148855,5.438615798950195,0.4215981364250183,12.899999618279763,5.4343953132629395,True,,3042.4649099712824,6084929.819942565,True,True
2025-03-07,SZ300702,buy,3928215.7525833147,3928215.7525833147,1.5486929416656494,0.08528044819831848,18.160000027957004,1.5522156953811646,True,,3041.8000046827983,6083600.009365597,True,True
2025-03-10,SZ002158,sell,1966674.9991479563,1966674.9991479563,2.708704948425293,0.13072900474071503,20.719999772029762,2.7033333778381348,True,,7990.7134532045675,5327142.302136378,True,True
2025-03-10,SZ300779,sell,534090.8458953808,534090.8458953808,9.854586601257324,0.07301857322454453,134.95999943675693,9.854880332946777,True,,7894.866740722216,5263244.49381481,True,True
2025-03-10,SZ300850,buy,1943672.106524915,1943672.106524915,2.739068031311035,0.10336105525493622,26.50000064874749,2.7389614582061768,True,,2661.9250651666857,5323850.130333371,True,True
2025-03-10,SH688266,buy,4564907.903578208,4564907.903578208,1.1663762331008911,0.013406623154878616,87.00000138934699,1.1611475944519043,True,,2662.2000425140177,5324400.085028036,True,True
2025-03-11,SH688266,sell,4564907.903578208,4564907.903578208,1.2378334999084473,0.013406623154878616,92.32999880794029,1.2389060258865356,True,,8475.89389056892,5650595.927045946,True,True
2025-03-11,SZ300827,sell,898934.8358699097,898934.8358699097,4.697065353393555,0.15006598830223083,31.299999463794087,4.793004035949707,True,,6333.533508784612,4222355.672523075,True,True
2025-03-11,SZ002088,buy,1485671.798600442,1485671.798600442,3.3296027183532715,0.2516706585884094,13.229999623430933,3.3598456382751465,True,,2473.348429600413,4946696.859200826,True,True
2025-03-11,SH688106,buy,9876451.976886423,9876451.976886423,0.5007396340370178,0.027347877621650696,18.309999809293924,0.5055227279663086,True,,2472.7654742451446,4945530.948490289,True,True
2025-03-12,SZ000970,sell,1118837.9626148855,1118837.9626148855,5.65352725982666,0.4215903878211975,13.41000037748584,5.653467655181885,True,,9488.071381458265,6325380.920972177,True,True
2025-03-12,SZ300850,sell,1943672.106524915,1943672.106524915,2.8072962760925293,0.10336142778396606,27.159999008140744,2.8092546463012695,True,,8184.695199888473,5456463.466592316,True,True
2025-03-12,SZ300827,buy,1245493.1580451513,1245493.1580451513,4.683404922485352,0.15006104111671448,31.209998862014377,4.688061714172363,True,,2916.574393655244,5833148.787310488,True,True
2025-03-12,SH600388,buy,1119261.1426952458,1119261.1426952458,5.211738109588623,0.4021402895450592,12.959999893282655,5.2078776359558105,True,,2916.6479759832614,5833295.951966522,True,True
2025-03-13,SH600033,sell,1256282.023952038,1256282.023952038,3.5552046298980713,0.9767045974731445,3.6399998925937536,3.5559322834014893,True,,6699.509502018008,4466339.668012005,True,True
2025-03-13,SZ000488,sell,6052620.422691058,6052620.422691058,0.882523775100708,0.4390665590763092,2.009999980315801,0.8822472095489502,True,,8012.372137027433,5341581.424684956,True,True
2025-03-13,SZ000603,buy,1348319.7859195499,1348319.7859195499,3.6647746562957764,0.24964404106140137,14.680000534819111,3.6470930576324463,True,,2470.644090010057,4941288.1800201135,True,True
2025-03-13,SZ002237,buy,2903263.067239293,2903263.067239293,1.701720118522644,0.1537235826253891,11.070000382892369,1.6849114894866943,True,,2470.270585442432,4940541.170884864,True,True
2025-03-14,SH688007,sell,11247663.380145146,11247663.380145146,0.46357405185699463,0.02613157033920288,17.739999771905616,0.4611225426197052,True,,7821.187330586138,5214124.887057425,True,True
2025-03-14,SH688526,sell,10135728.171968902,10135728.171968902,0.509869396686554,0.03321624547243118,15.350000863575485,0.5101329684257507,True,,7751.846412031038,5167897.608020692,True,True
2025-03-14,SH600459,buy,882812.8628250947,882812.8628250947,5.85446834564209,0.3969131112098694,14.749999887372116,5.755239963531494,True,,2584.1999802675946,5168399.960535189,True,True
2025-03-14,SH603279,buy,3126610.570828373,3126610.570828373,1.6530168056488037,0.09003359824419022,18.35999935452398,1.6559139490127563,True,,2584.16990914925,5168339.8182985,True,True
2025-03-17,SH600882,sell,1184456.2233522458,1184456.2233522458,4.5794267654418945,0.22219440340995789,20.61000050029461,4.537383079528809,True,,8136.195797570245,5424130.531713497,True,True
2025-03-17,SZ000603,sell,1348319.7859195499,1348319.7859195499,3.794454574584961,0.24963517487049103,15.199999665726184,3.80930233001709,True,,7674.207269528778,5116138.179685852,True,True
2025-03-17,SH688439,buy,7835094.656562023,7835094.656562023,0.67001873254776,0.010121128521859646,66.20000241086272,0.6684967279434204,True,,2624.830095590707,5249660.191181414,True,True
2025-03-17,SZ000758,buy,1299327.5229224933,1299327.5229224933,4.044892311096191,0.7778639197349548,5.199999908048732,4.037378787994385,True,,2627.8199535324266,5255639.907064853,True,True
2025-03-18,SH600315,sell,797446.3405321091,797446.3405321091,6.413103103637695,0.3350628614425659,19.139999807877793,6.420000076293945,True,,7671.1584021764875,5114105.601450992,True,True
2025-03-18,SZ002468,sell,9446916.187920619,9446916.187920619,0.6600267887115479,0.053660716861486435,12.299999465442562,0.6610938906669617,True,,9352.826632110575,6235217.7547403835,True,True
2025-03-18,SH603877,buy,8771472.80085769,8771472.80085769,0.6436269283294678,0.04117894545197487,15.630000265065082,0.6423214673995972,True,,2822.7780478707537,5645556.095741508,True,True
2025-03-18,SH603355,buy,3139222.077656633,3139222.077656633,1.7978976964950562,0.06769192963838577,26.56000066920134,1.7936681509017944,True,,2822.0000711026423,5644000.142205285,True,True
2025-03-19,SH688183,sell,3620136.8035044717,3620136.8035044717,1.6762319803237915,0.049300942569971085,33.99999863987944,1.6963618993759155,True,,9102.283624772012,6068189.083181341,True,True
2025-03-19,SZ002011,sell,976450.6304415183,976450.6304415183,5.959827899932861,0.44476327300071716,13.40000009381002,5.955523490905762,True,,8729.21656531859,5819477.710212393,True,True
2025-03-19,SZ301217,buy,10341100.181699168,10341100.181699168,0.572298526763916,0.04721934720873833,12.120000817334626,0.5774193406105042,True,,2959.0981995522493,5918196.399104498,True,True
2025-03-19,SZ002773,buy,2475625.05767368,2475625.05767368,2.3908274173736572,0.1055087074637413,22.660001006981147,2.400305986404419,True,,2959.396131511738,5918792.263023476,True,True
2025-03-20,SH603877,sell,8771472.80085769,8771472.80085769,0.6248051524162292,0.04115976020693779,15.179999817173707,0.6283012628555298,True,,8220.692100382046,5480461.400254698,True,True
2025-03-20,SZ301217,sell,10341100.181699168,10341100.181699168,0.5549765825271606,0.04723205044865608,11.749999783101766,0.5552995204925537,True,,8608.602657615605,5739068.438410404,True,True
2025-03-20,SZ002233,buy,3383493.531460022,3383493.531460022,1.6593676805496216,0.20511344075202942,8.089999731200958,1.6472749710083008,True,,2807.229906726732,5614459.813453465,True,True
2025-03-20,SZ002626,buy,2092987.4655324055,2092987.4655324055,2.682363986968994,0.17577745020389557,15.260000551023738,2.677061080932617,True,,2807.077101360817,5614154.202721634,True,True
2025-03-21,SH601886,sell,8749167.270301057,8749167.270301057,0.640301525592804,0.1034412831068039,6.189999837218646,0.6474383473396301,True,,8403.157726260593,5602105.150840395,True,True
2025-03-21,SH603355,sell,3139222.077656633,3139222.077656633,2.0306434631347656,0.06768811494112015,30.000000220144425,2.00291109085083,True,,9561.96118698267,6374640.79132178,True,True
2025-03-21,SH600987,buy,863614.9110831532,863614.9110831532,6.899846076965332,0.9650134444236755,7.149999947499231,6.8797383308410645,True,,2979.4049781229296,5958809.956245859,True,True
2025-03-21,SH603323,buy,6237081.249927669,6237081.249927669,0.9553811550140381,0.18026059865951538,5.299999900802541,0.9593495726585388,True,,2979.394944236148,5958789.888472296,True,True
2025-03-24,SH600557,sell,649681.3167888774,649681.3167888774,7.895417213439941,0.5404118299484253,14.610000699269385,7.949614524841309,True,,7694.257577737845,5129505.05182523,True,True
2025-03-24,SZ300702,sell,3928215.7525833147,3928215.7525833147,1.5564382076263428,0.0852842852473259,18.250000021840425,1.5522156953811646,True,,9171.03762768051,6114025.08512034,True,True
2025-03-24,SH601963,buy,7561647.270966545,7561647.270966545,0.7442128658294678,0.07875268161296844,9.450000312204175,0.7442307472229004,True,,2813.737592958793,5627475.185917586,True,True
2025-03-24,SZ000600,buy,3139303.1351618855,3139303.1351618855,1.7928014993667603,0.3085716664791107,5.8100003795653965,1.7898733615875244,True,,2814.0736838424996,5628147.3676849995,True,True
2025-03-25,SH688439,sell,7835094.656562023,7835094.656562023,0.6397270560264587,0.010122262872755527,63.20000419553512,0.6396486163139343,True,,7518.483057496591,5012322.038331061,True,True
2025-03-25,SZ002626,sell,2092987.4655324058,2092987.4655324058,2.612149953842163,0.17578399181365967,14.859999064142201,2.601452350616455,True,,8200.795667224049,5467197.111482699,True,True
2025-03-25,SZ000736,buy,5385607.377429567,5385607.377429567,0.9746436476707458,0.18183650076389313,5.3600000196675515,1.001803994178772,True,,2624.5240096302164,5249048.019260433,True,True
2025-03-25,SZ002948,buy,5789783.123302603,5789783.123302603,0.9066694974899292,0.21183867752552032,4.279999800228654,0.9062979817390442,True,,2624.709877490222,5249419.754980444,True,True
2025-03-26,SZ000758,sell,1299327.5229224933,1299327.5229224933,4.12288236618042,0.7779023051261902,5.3000001915556885,4.107060432434082,True,,8035.461798225049,5356974.532150033,True,True
2025-03-26,SZ002237,sell,2903263.067239293,2903263.067239293,1.7555934190750122,0.15372972190380096,11.419999967043491,1.7478562593460083,True,,7645.424302033255,5096949.534688837,True,True
2025-03-26,SZ000968,buy,4120310.7014601566,4120310.7014601566,1.2663949728012085,0.18986432254314423,6.669999691560991,1.2721153497695923,True,,2608.9703793540816,5217940.758708163,True,True
2025-03-26,SH600017,buy,3011891.095125893,3011891.095125893,1.7325459718704224,0.5414206385612488,3.199999867892783,1.7333333492279053,True,,2609.119892286381,5218239.7845727615,True,True
2025-03-27,SH600335,sell,2742152.6709626885,2742152.6709626885,2.11806321144104,0.3092063069343567,6.850000028914988,2.1488778591156006,True,,8712.079038781287,5808052.692520858,True,True
2025-03-27,SH603075,sell,11280581.082199553,11280581.082199553,0.5585494637489319,0.026186097413301468,21.330000226196805,0.5585677623748779,True,,9451.14377135836,6300762.514238906,True,True
2025-03-27,SH600780,buy,1353394.824202724,1353394.824202724,4.434415817260742,0.758019745349884,5.850000404955046,4.434285640716553,True,,3000.7577077216906,6001515.415443381,True,True
2025-03-27,SH600138,buy,2185339.5830217325,2185339.5830217325,2.74587082862854,0.2473757416009903,11.100000391540203,2.7458715438842773,True,,3000.3301058333163,6000660.211666632,True,True
2025-03-28,SH688106,sell,9876451.976886423,9876451.976886423,0.516715407371521,0.02733943797647953,18.900001083272375,0.5196506381034851,True,,7654.972359933198,5103314.906622132,True,True
2025-03-28,SZ002773,sell,2475625.05767368,2475625.05767368,2.53520131111145,0.10550150275230408,24.0300018954572,2.5512492656707764,True,,9414.31183805201,6276207.892034673,True,True
2025-03-28,SZ000766,buy,1837049.5154544134,1837049.5154544134,3.0996806621551514,0.1702186018228531,18.20999954741137,3.113020896911621,True,,2847.1334292377683,5694266.858475536,True,True
2025-03-28,SZ002267,buy,3680018.5917328857,3680018.5917328857,1.5474244356155396,0.1912762075662613,8.08999956295916,1.5568749904632568,True,,2847.2753461834764,5694550.692366953,True,True
2025-03-31,SH600780,sell,1353394.824202724,1353394.824202724,4.244602203369141,0.7579646706581116,5.600000062910209,4.274920463562012,True,,8616.93397925891,5744622.652839273,True,True
2025-03-31,SZ000600,sell,3139303.1351618855,3139303.1351618855,1.7283644676208496,0.30863651633262634,5.599999922751014,1.7312235832214355,True,,8138.789987856804,5425859.991904536,True,True
2025-03-31,SZ301536,buy,4613155.320431166,4613155.320431166,1.2094974517822266,0.020853405818343163,57.999995891238214,1.2334719896316528,True,,2789.7998023685586,5579599.604737117,True,True
2025-03-31,SH603398,buy,2728599.314346375,2728599.314346375,2.0449817180633545,0.15586751699447632,13.119999326965766,2.1709742546081543,True,,2789.9678568792706,5579935.713758541,True,True
2025-04-01,SH600267,sell,2156060.348562186,2156060.348562186,2.413745880126953,0.2678963243961334,9.009999989987884,2.4272658824920654,True,,7806.272675470589,5204181.783647059,True,True
2025-04-01,SZ300827,sell,1245493.1580451513,1245493.1580451513,4.737512111663818,0.15006373822689056,31.569999305900826,4.8485236167907715,True,,8850.808381849984,5900538.9212333225,True,True
2025-04-01,SH601519,buy,4692777.859354482,4692777.859354482,1.1812747716903687,0.11468686908483505,10.300000175404278,1.1367218494415283,True,,2771.730047201291,5543460.094402582,True,True
2025-04-01,SZ000685,buy,828376.2881561719,828376.2881561719,6.692371368408203,0.751107931137085,8.909999603221838,6.662478446960449,True,,2771.9008765623144,5543801.753124628,True,True
2025-04-02,SH600138,sell,2185339.5830217325,2185339.5830217325,2.5777194499969482,0.24738189578056335,10.420000387916334,2.5752294063568115,True,,8449.788522005012,5633192.348003341,True,True
2025-04-02,SH601519,sell,4692777.859354482,4692777.859354482,1.0472451448440552,0.11470373719930649,9.13000021110373,1.0665878057479858,True,,7371.73324356099,4914488.82904066,True,True
2025-04-02,SH600757,buy,1788520.0186557176,1788520.0186557176,2.950819730758667,0.32786884903907776,9.000000272691253,2.9180328845977783,True,,2638.8000799530755,5277600.159906151,True,True
2025-04-02,SH600750,buy,334182.999094016,334182.999094016,15.788190841674805,0.689741849899292,22.889999851364696,15.74673080444336,True,,2638.072482869781,5276144.965739562,True,True
2025-04-03,SH600459,sell,882812.8628250946,882812.8628250946,5.497220516204834,0.39691123366355896,13.849999823548815,5.509127616882324,True,,7279.525472237451,4853016.981491634,True,True
2025-04-03,SZ002088,sell,1485671.798600442,1485671.798600442,3.346959114074707,0.2516510784626007,13.299999088110873,3.387258768081665,True,,7458.724150274268,4972482.766849512,True,True
2025-04-03,SZ002901,buy,2158067.3333706884,2158067.3333706884,2.279956817626953,0.06422413140535355,35.50000237818556,2.300300359725952,True,,2460.15016480826,4920300.32961652,True,True
2025-04-03,SH600012,buy,424624.56458748394,424624.56458748394,11.587789535522461,0.667884111404419,17.350000303429574,11.593533515930176,True,,2460.2300430263135,4920460.086052627,True,True
2025-04-07,SH600017,sell,3011891.095125893,3011891.095125893,1.6734402179718018,0.5415664315223694,3.089999897644469,1.7441860437393188,True,,7560.329536102206,5040219.690734804,True,True
2025-04-07,SH603279,sell,3126610.570828373,3126610.570828373,1.4947446584701538,0.09004485607147217,16.600000529555135,1.5458269119262695,True,,7010.226674793044,4673484.449862029,True,True
2025-04-07,SZ002550,buy,3046805.6431681146,3046805.6431681146,1.5924993753433228,0.2671978771686554,5.960000102613602,1.6407445669174194,True,,2426.0180417688666,4852036.083537733,True,True
2025-04-07,SH600033,buy,1270404.2899287243,1270404.2899287243,3.819500684738159,0.9768543839454651,3.910000044542351,3.9175140857696533,True,,2426.1550276385287,4852310.055277057,True,True
2025-04-08,SZ002550,sell,3046805.6431681146,3046805.6431681146,1.5044866800308228,0.2672267556190491,5.630000171747684,1.498980164527893,True,,6875.817760183758,4583878.506789172,True,True
2025-04-08,SZ002901,sell,2158067.3333706884,2158067.3333706884,2.1217141151428223,0.06421653181314468,33.039998505626585,2.1027026176452637,True,,6868.202883961831,4578801.9226412205,True,True
2025-04-08,SH688183,buy,4317575.247554597,4317575.247554597,1.0621392726898193,0.04931008443236351,21.54000109544954,1.0732276439666748,True,,2292.9331166106035,4585866.233221207,True,True
2025-04-08,SH688498,buy,4123244.591086826,4123244.591086826,1.1111637353897095,0.012077867053449154,91.99999722404523,1.1113210916519165,True,,2290.799930878726,4581599.861757453,True,True
2025-04-09,SZ000968,sell,4120310.7014601566,4120310.7014601566,1.0993789434432983,0.18987546861171722,5.789999895623461,1.1240384578704834,True,,6794.674238444074,4529782.825629382,True,True
2025-04-09,SZ002233,sell,3383493.531460022,3383493.531460022,1.6247397661209106,0.20514391362667084,7.919999854724804,1.6393141746520996,True,,8245.944733463955,5497296.48897597,True,True
2025-04-09,SH688503,buy,11139567.358577024,11139567.358577024,0.44750210642814636,0.014901835471391678,30.0299991425388,0.4592706859111786,True,,2492.4899288307206,4984979.857661441,True,True
2025-04-09,SZ002130,buy,789586.5335009304,789586.5335009304,6.3133039474487305,0.39957621693611145,15.799999298902641,6.465142726898193,True,,2492.4498894018916,4984899.7788037835,True,True
2025-04-10,SH600388,sell,1119261.1426952458,1119261.1426952458,4.7294111251831055,0.40216079354286194,11.760000480203571,4.705032825469971,True,,7940.169150372077,5293446.100248051,True,True
2025-04-10,SH600757,sell,1788520.0186557176,1788520.0186557176,3.0064010620117188,0.327851802110672,9.170000111809227,3.0195159912109375,True,,8065.512725273653,5377008.483515768,True,True
2025-04-10,SZ300827,buy,1320058.0121221677,1320058.0121221677,4.020352840423584,0.15006916224956512,26.789999891768133,3.865532636642456,True,,2653.5494892796332,5307098.978559267,True,True
2025-04-10,SZ300570,buy,1118454.5410911709,1118454.5410911709,4.744804382324219,0.06848736107349396,69.28000010443617,4.252951145172119,True,,2653.4240039999054,5306848.00799981,True,True
2025-04-11,SH601163,sell,8220886.758397947,8220886.758397947,0.5157226324081421,0.03786509484052658,13.620001074344861,0.5185651183128357,True,,6359.546039655341,4239697.359770227,True,True
2025-04-11,SZ000736,sell,5385607.377429567,5385607.377429567,0.9786074757575989,0.18189729750156403,5.380000083559155,0.9783523678779602,True,,7905.593461571777,5270395.641047851,True,True
2025-04-11,SH603920,buy,2651648.2081038994,2651648.2081038994,1.8003000020980835,0.0743311271071434,24.220001393266514,1.8061693906784058,True,,2386.8811373064145,4773762.274612829,True,True
2025-04-11,SZ300913,buy,2241927.668208306,2241927.668208306,2.127854585647583,0.05075988918542862,41.92000061060841,2.1665873527526855,True,,2385.2480347436185,4770496.069487237,True,True
2025-04-14,SH600012,sell,424624.5645874839,424624.5645874839,11.548521995544434,0.6679307222366333,17.289999712654396,11.586605072021484,True,,7355.6791859805535,4903786.123987036,True,True
2025-04-14,SH603323,sell,6237081.249927669,6237081.249927669,0.9016519784927368,0.18033039569854736,5.0,0.8993902206420898,True,,8435.514973525851,5623676.649017234,True,True
2025-04-14,SH688408,buy,5674273.929536379,5674273.929536379,0.9217919111251831,0.019385740160942078,47.549998270501284,0.9092544913291931,True,,2615.2499048775703,5230499.809755141,True,True
2025-04-14,SZ301171,buy,5826027.739398986,5826027.739398986,0.8979668617248535,0.03827650845050812,23.459999307040583,0.8746212124824524,True,,2615.7899227350254,5231579.84547005,True,True
2025-04-15,SZ000766,sell,1837049.5154544134,1837049.5154544134,3.203190326690674,0.1702014058828354,18.819999224305537,3.203125,True,,8826.628856333049,5884419.237555366,True,True
2025-04-15,SZ301171,sell,5826027.739398986,5826027.739398986,0.9132141470909119,0.038273852318525314,23.86000080396657,0.9113636612892151,True,,7980.616429444858,5320410.952963239,True,True
2025-04-15,SZ300366,buy,3769413.2808683217,3769413.2808683217,1.478752613067627,0.23287443816661835,6.349999702455967,1.483512282371521,True,,2787.014869407924,5574029.738815848,True,True
2025-04-15,SH603305,buy,3490703.84749854,3490703.84749854,1.5966565608978271,0.12722362577915192,12.550000450934096,1.5521283149719238,True,,2786.727600129916,5573455.200259832,True,True
2025-04-16,SH600750,sell,334182.999094016,334182.999094016,16.24339485168457,0.689740777015686,23.549999351879936,16.34686851501465,True,,8142.3996105063725,5428266.407004248,True,True
2025-04-16,SZ000685,sell,828376.2881561719,828376.2881561719,6.406991004943848,0.751112699508667,8.529999571482307,6.42201042175293,True,,7961.099140388049,5307399.426925366,True,True
2025-04-16,SZ301205,buy,2522208.94536382,2522208.94536382,2.127385139465332,0.03639666736125946,58.4499981371843,2.160775661468506,True,,2682.854914496759,5365709.828993518,True,True
2025-04-16,SZ000719,buy,1274261.241106264,1274261.241106264,4.212334156036377,0.35487228631973267,11.87000033088284,4.212524890899658,True,,2683.8070748126106,5367614.149625221,True,True
2025-04-17,SH601963,sell,7561647.270966545,7561647.270966545,0.7834445238113403,0.07873814553022385,9.949999692469428,0.7884615659713745,True,,8886.19671814756,5924131.145431706,True,True
2025-04-17,SH688408,sell,5674273.929536379,5674273.929536379,0.9012645483016968,0.019386202096939087,46.490000661037094,0.9023136496543884,True,,7671.032895065548,5114021.930043698,True,True
2025-04-17,SH603083,buy,1695843.2599441013,1695843.2599441013,3.244403600692749,0.103193499147892,31.439999878703837,3.2630364894866943,True,,2750.999989386586,5501999.978773172,True,True
2025-04-17,SZ002484,buy,1562970.991425194,1562970.991425194,3.5199239253997803,0.20429041981697083,17.229999960611824,3.5323052406311035,True,,2750.769493711678,5501538.987423356,True,True
2025-04-18,SH600033,sell,1270404.2899287243,1270404.2899287243,3.7903740406036377,0.9769005179405212,3.8800000317272993,3.799999952316284,True,,7222.9611624260015,4815307.441617334,True,True
2025-04-18,SH600987,sell,863614.9110831532,863614.9110831532,6.898857593536377,0.9648751616477966,7.150000194589558,7.024836540222168,True,,8936.934430825882,5957956.287217255,True,True
2025-04-18,SZ300085,buy,489488.719232658,489488.719232658,10.995564460754395,0.355268657207489,30.949998649423808,10.988680839538574,True,,2691.1023825674,5382204.7651348,True,True
2025-04-18,SZ300624,buy,1038428.3849556986,1038428.3849556986,5.181994438171387,0.09543267637491226,54.300001163266664,5.191355228424072,True,,2690.565057639863,5381130.115279726,True,True
2025-04-21,SZ000719,sell,1274261.241106264,1274261.241106264,4.2728071212768555,0.3548842966556549,12.040000534097372,4.255163192749023,True,,8167.008758048894,5444672.50536593,True,True
2025-04-21,SZ300085,sell,489488.719232658,489488.719232658,10.896246910095215,0.3552737832069397,30.669999941280143,11.063065528869629,True,,8000.384916697972,5333589.944465314,True,True
2025-04-21,SH688408,buy,6102350.397957679,6102350.397957679,0.8814801573753357,0.01938597299158573,45.469998217676896,0.8817480802536011,True,,2689.5503945755886,5379100.789151177,True,True
2025-04-21,SH603283,buy,1088989.872980907,1088989.872980907,4.937466621398926,0.10955106467008591,45.07000124798562,4.93460750579834,True,,2688.4255744423426,5376851.148884685,True,True
2025-04-22,SH603305,sell,3490703.84749854,3490703.84749854,1.5700174570083618,0.1272299438714981,12.339999604134661,1.5700185298919678,True,,8220.698966728443,5480465.977818962,True,True
2025-04-22,SH688498,sell,4123244.591086826,4123244.591086826,1.2907289266586304,0.012077560648322105,106.87000167024183,1.3017523288726807,True,,7982.986598106752,5321991.065404502,True,True
2025-04-22,SZ300379,buy,3517418.735251906,3517418.735251906,1.5327637195587158,0.20657193660736084,7.419999757624862,1.5369318723678589,True,,2695.6859119451124,5391371.823890225,True,True
2025-04-22,SZ300236,buy,886766.6013076318,886766.6013076318,6.0780930519104,0.16295155882835388,37.29999943303887,6.139873504638672,True,,2694.9249590370587,5389849.918074117,True,True
2025-04-23,SZ300827,sell,1320058.0121221677,1320058.0121221677,4.0938262939453125,0.15006695687770844,27.27999806967117,4.072849750518799,True,,8106.132299338366,5404088.19955891,True,True
2025-04-23,SZ301205,sell,2522208.94536382,2522208.94536382,2.2420599460601807,0.03639707714319229,61.59999983623783,2.3209452629089355,True,,8482.415477992368,5654943.651994912,True,True
2025-04-23,SZ002214,buy,3582662.7529352247,3582662.7529352247,1.5388190746307373,0.2019447684288025,7.619999698943735,1.5570865869522095,True,,2756.534891092896,5513069.782185792,True,True
2025-04-23,SZ300679,buy,3159997.5495548653,3159997.5495548653,1.7443636655807495,0.03787977620959282,46.04999923782549,1.7560499906539917,True,,2756.092454383856,5512184.908767711,True,True
2025-04-24,SH688183,sell,4317575.247554597,4317575.247554597,1.246797800064087,0.04930003359913826,25.289998992736596,1.2430037260055542,True,,8074.714980393341,5383143.320262227,True,True
2025-04-24,SZ300679,sell,3159997.5495548653,3159997.5495548653,1.8905695676803589,0.0378795750439167,49.90999939910826,1.9053527116775513,True,,8961.292801699403,5974195.2011329355,True,True
2025-04-24,SH601963,buy,7008030.311820584,7008030.311820584,0.8076519966125488,0.07879532128572464,10.249999409024191,0.8057692050933838,True,,2830.0248368315793,5660049.673663158,True,True
2025-04-24,SZ300757,buy,684518.6606612086,684518.6606612086,8.255721092224121,0.05945783853530884,138.85000355876525,8.500161170959473,True,,2825.597572420873,5651195.1448417455,True,True
2025-04-25,SZ300236,sell,886766.6013076318,886766.6013076318,6.130416393280029,0.16295629739761353,37.62000297737379,6.150000095367432,True,,8154.372764504283,5436248.509669522,True,True
2025-04-25,SZ300379,sell,3517418.735251906,3517418.735251906,1.3674466609954834,0.20656293630599976,6.6200001096506735,1.3652147054672241,True,,7214.823757264762,4809882.5048431745,True,True
2025-04-25,SZ000736,buy,7128496.476700851,7128496.476700851,0.7216565012931824,0.1817774623632431,3.969999866381165,0.7438364624977112,True,,2572.162913428357,5144325.826856714,True,True
2025-04-25,SZ002837,buy,509041.7715741939,509041.7715741939,10.101823806762695,0.32904961705207825,30.70000171179015,9.996527671813965,True,,2571.1251433624248,5142250.28672485,True,True
2025-04-28,SZ300570,sell,1118454.5410911709,1118454.5410911709,4.998778343200684,0.0684857964515686,72.99000087902448,5.005733489990234,True,,8386.359506791507,5590906.337861004,True,True
2025-04-28,SZ300379,buy,2712239.0108372294,2712239.0108372294,1.071969747543335,0.20654521882534027,5.190000299400873,1.3405934572219849,True,,1453.7190838621848,2907438.1677243696,True,True
2025-04-28,SZ300229,buy,506717.70098700275,506717.70098700275,5.736922264099121,0.318717896938324,18.0000003740276,5.769002437591553,True,,1453.5000302027288,2907000.0604054574,True,True
2025-04-29,SZ300913,sell,2241927.668208306,2241927.668208306,2.32983660697937,0.0507589690387249,45.899998583538945,2.3417420387268066,True,,7834.987727387417,5223325.151591611,True,True
2025-04-29,SZ002581,buy,6467023.141198618,6467023.141198618,0.8107476830482483,0.1348997801542282,6.010000032033683,0.9014018774032593,True,,2621.5620139730922,5243124.027946184,True,True
2025-04-30,SZ002581,sell,6467023.141198618,6467023.141198618,0.7674947381019592,0.13488483428955078,5.690000229784285,0.8107476830482483,True,,7445.109348080316,4963406.232053543,True,True
2025-04-30,SZ002851,buy,920824.5086221813,920824.5086221813,5.392232418060303,0.13314154744148254,40.49999809736521,5.728881359100342,True,,2482.6498833684877,4965299.766736975,True,True
2025-05-06,SZ002214,sell,3582662.7529352247,3582662.7529352247,1.631713628768921,0.2019447684288025,8.079999504142624,1.6137795448303223,True,,8768.819461870782,5845879.641247188,True,True
2025-05-06,SZ300366,sell,3769413.2808683217,3769413.2808683217,1.718628168106079,0.23287644982337952,7.379999864346688,1.6671779155731201,True,,9717.329762600173,6478219.841733449,True,True
2025-05-07,SH603398,sell,2728599.314346375,2728599.314346375,1.0521868467330933,0.15587954223155975,6.749999593725167,1.1083499193191528,True,,4306.494462840289,2870996.3085601926,True,True
2025-05-07,SZ300379,sell,2712239.0108372294,2712239.0108372294,0.9171164631843567,0.2065577656030655,4.439999922088361,0.9109848737716675,True,,3731.1585733945167,2487439.048929678,True,True
2025-05-07,SH600020,buy,2094109.2680622458,2094109.2680622458,2.7093331813812256,0.5889855027198792,4.59999977736257,2.696850299835205,True,,2836.819862699497,5673639.725398994,True,True
2025-05-07,SH601515,buy,5200594.464710017,5200594.464710017,1.0909976959228516,0.270719051361084,4.029999700566633,1.0801502466201782,True,,2836.918289213882,5673836.578427764,True,True
2025-05-07,SZ000089,buy,2711642.047406295,2711642.047406295,2.092385768890381,0.30280545353889465,6.9100002804989735,2.0833332538604736,True,,2836.9006151588537,5673801.230317707,True,True
2025-05-08,SH603920,sell,2651648.2081038994,2651648.2081038994,1.9955990314483643,0.07432398945093155,26.849998852199022,2.00368332862854,True,,7937.439893750899,5291626.595833932,True,True
2025-05-08,SH688408,sell,6102350.397957679,6102350.397957679,0.9317267537117004,0.019386740401387215,48.060000516901276,0.9253213405609131,True,,8528.584689450618,5685723.126300411,True,True
2025-05-08,SZ000690,buy,835046.8127765233,835046.8127765233,6.739857196807861,1.5601520538330078,4.320000207831837,6.771241664886475,True,,2814.0481353816585,5628096.270763317,True,True
2025-05-08,SZ002539,buy,2931587.761346265,2931587.761346265,1.919594645500183,0.2253045290708542,8.520000256614928,1.919594645500183,True,,2813.7300847470797,5627460.1694941595,True,True
2025-05-09,SZ002130,sell,789586.5335009304,789586.5335009304,8.387290954589844,0.399585098028183,20.989999366788908,8.475048065185547,True,,9933.737985447457,6622491.990298305,True,True
2025-05-09,SZ300624,sell,1038428.3849556986,1038428.3849556986,6.192444801330566,0.09542987495660782,64.89000225711587,6.16030216217041,True,,9645.615680959518,6430410.453973012,True,True
2025-05-09,SH600475,buy,1187969.7231781792,1187969.7231781792,5.445773124694824,0.5678595900535583,9.58999939435944,5.4175944328308105,True,,3234.706795717439,6469413.591434878,True,True
2025-05-09,SZ002588,buy,2410210.164636196,2410210.164636196,2.684070110321045,0.32067742943763733,8.370000080853899,2.684159755706787,True,,3234.586531245989,6469173.0624919785,True,True
2025-05-12,SH603083,sell,1695843.2599441013,1695843.2599441013,4.231005668640137,0.10319525748491287,41.000001082983,4.023534774780273,True,,10762.683668922991,7175122.445948661,True,True
2025-05-12,SZ002484,sell,1562970.991425194,1562970.991425194,3.8937056064605713,0.20428676903247833,19.059998965677185,3.832430124282837,True,,9128.623368071274,6085748.912047516,True,True
2025-05-12,SZ002081,buy,1167477.0653098063,1167477.0653098063,5.661867141723633,1.594892144203186,3.5500000186861054,5.661794185638428,True,,3305.050017396764,6610100.034793528,True,True
2025-05-12,SH603323,buy,6827254.791999833,6827254.791999833,0.9681684970855713,0.18029208481311798,5.3700000090915125,0.9705284833908081,True,,3304.966505595371,6609933.011190742,True,True
2025-05-13,SZ002267,sell,3680018.5917328857,3680018.5917328857,1.801777958869934,0.1912715584039688,9.419999365846898,1.7831250429153442,True,,9945.864580223832,6630576.386815888,True,True
2025-05-13,SZ301536,sell,4613155.320431166,4613155.320431166,1.2424236536026,0.020853031426668167,59.580001975813964,1.2268191576004028,True,,8597.239931769545,5731493.287846363,True,True
2025-05-13,SZ002839,buy,5949289.934676124,5949289.934676124,1.0405514240264893,0.2381124496459961,4.3700000801028525,1.0349761247634888,True,,3095.27105673685,6190542.113473699,True,True
2025-05-13,SH601718,buy,12182718.969209097,12182718.969209097,0.508175253868103,0.18412145972251892,2.7600001359643294,0.5056726336479187,True,,3095.478152490794,6190956.304981587,True,True
2025-05-14,SH601963,sell,7008030.311820584,7008030.311820584,0.9043791890144348,0.07877867668867111,11.47999975410212,0.9134615659713745,True,,9506.875154989315,6337916.769992877,True,True
2025-05-14,SH688503,sell,11139567.358577024,11139567.358577024,0.5325604677200317,0.014900964684784412,35.73999932124105,0.5349540114402771,True,,8898.739804023868,5932493.202682579,True,True
2025-05-14,SZ000968,buy,4866633.117920471,4866633.117920471,1.2588005065917969,0.18986432254314423,6.630000253500763,1.2567307949066162,True,,3063.060117117353,6126120.234234706,True,True
2025-05-14,SZ300492,buy,352447.03595056577,352447.03595056577,17.35954475402832,0.17704787850379944,98.05000150654607,17.40442657470703,True,,3059.160047004237,6118320.094008475,True,True
2025-05-15,SH601515,sell,5200594.464710017,5200594.464710017,1.1207767724990845,0.270719051361084,4.139999630111724,1.101440191268921,True,,8743.058218851445,5828705.479234297,True,True
2025-05-15,SZ002837,sell,509041.7715741939,509041.7715741939,11.26029109954834,0.3290558457374573,34.220000177515615,11.335648536682129,True,,8597.937794632822,5731958.529755215,True,True
2025-05-15,SH601208,buy,4418450.8104030825,4418450.8104030825,1.3103307485580444,0.13425520062446594,9.75999992896556,1.3143107891082764,True,,2894.8159789311844,5789631.957862369,True,True
2025-05-15,SH600269,buy,1415014.259786543,1415014.259786543,4.092047214508057,0.7648686170578003,5.350000148063109,4.0842695236206055,True,,2895.152580124351,5790305.160248702,True,True
2025-05-16,SZ000736,sell,7128496.476700851,7128496.476700851,0.7998993396759033,0.18179529905319214,4.400000131146724,0.8093806505203247,True,,8553.11943689252,5702079.624595013,True,True
2025-05-16,SZ300229,sell,506717.70098700275,506717.70098700275,5.931297302246094,0.3187156021595001,18.609999830751292,5.972683906555176,True,,4508.2399992968285,3005493.3328645523,True,True
2025-05-16,SH600057,buy,2209665.610449751,2209665.610449751,1.998771071434021,0.28800737857818604,6.939999528141985,2.007417678833008,True,,2208.3078498547793,4416615.699709559,True,True
2025-05-16,SH601528,buy,6570160.693327828,6570160.693327828,0.6722978353500366,0.12473058700561523,5.389999770623788,0.6740804314613342,True,,2208.552406013098,4417104.812026195,True,True
2025-05-19,SZ002851,sell,920824.5086221814,920824.5086221814,6.186995983123779,0.13313958048820496,46.469997580260475,6.232306003570557,True,,8545.706304011046,5697137.536007364,True,True
2025-05-19,SZ300757,sell,684518.6606612086,684518.6606612086,8.794057846069336,0.05945948511362076,147.89999996240846,8.45861530303955,True,,9029.545047852862,6019696.698568574,True,True
2025-05-19,SZ002936,buy,13803939.09286464,13803939.09286464,0.41843998432159424,0.21348978579044342,1.9600000195434415,0.41754916310310364,True,,2888.060028797261,5776120.057594522,True,True
2025-05-19,SZ002511,buy,4921950.199094164,4921950.199094164,1.1734853982925415,0.1678806096315384,6.989999624543228,1.1700527667999268,True,,2887.918344880035,5775836.689760069,True,True
2025-05-20,SH603283,sell,1088989.872980907,1088989.872980907,4.820342063903809,0.10955323278903961,43.99999836778952,4.851106643676758,True,,7873.9555378426985,5249303.691895132,True,True
2025-05-20,SZ002539,sell,2931587.761346265,2931587.761346265,1.928480625152588,0.22528979182243347,8.560000031748253,1.9287161827087402,True,,8480.265298036082,5653510.198690721,True,True
2025-05-20,SZ000650,buy,767537.7114228205,767537.7114228205,7.109842300415039,1.2880148887634277,5.520000088850617,7.097244739532471,True,,2728.5360439188603,5457072.08783772,True,True
2025-05-20,SH603398,buy,6556079.771494082,6556079.771494082,0.8323489427566528,0.15587058663368225,5.340000065007708,0.8180914521217346,True,,2728.4730332156887,5456946.066431377,True,True
2025-05-21,SZ000089,sell,2711642.047406295,2711642.047406295,2.1378040313720703,0.302805095911026,7.060000179125872,2.1407034397125244,True,,8695.438950874788,5796959.300583192,True,True
2025-05-21,SZ002511,sell,4921950.199094164,4921950.199094164,1.2069865465164185,0.1678701639175415,7.190000404772912,1.212108850479126,True,,8911.091509395696,5940727.672930463,True,True
2025-05-21,SH600323,buy,799525.9792044646,799525.9792044646,7.30038595199585,0.2934238612651825,24.880000966922417,7.2648606300354,True,,2918.4241134199992,5836848.226839999,True,True
2025-05-21,SH601963,buy,6528307.05457858,6528307.05457858,0.8941529393196106,0.07877999544143677,11.34999988651057,0.8942307829856873,True,,2918.6524708161937,5837304.941632387,True,True
2025-05-22,SH601208,sell,4418450.8104030825,4418450.8104030825,1.2860779762268066,0.13424614071846008,9.579999613724159,1.2941176891326904,True,,8523.708414451336,5682472.27630089,True,True
2025-05-22,SH603398,sell,6556079.771494082,6556079.771494082,0.8757972717285156,0.155835822224617,5.619999684451038,0.8682902455329895,True,,8612.695165663541,5741796.777109027,True,True
2025-05-22,SZ000030,buy,1794241.392997856,1794241.392997856,3.181036949157715,0.49859511852264404,6.380000186490486,3.1956522464752197,True,,2853.774083417194,5707548.166834388,True,True
2025-05-22,SZ000089,buy,2658595.0527347596,2658595.0527347596,2.146791696548462,0.3027915060520172,7.089999731299133,2.149916172027588,True,,2853.7248918479013,5707449.783695802,True,True
2025-05-23,SH600475,sell,1187969.7231781792,1187969.7231781792,5.939392566680908,0.5678195357322693,10.460000392591937,5.9621381759643555,True,,10583.727814929682,7055818.543286454,True,True
2025-05-23,SH601718,sell,12182718.969209097,12182718.969209097,0.4980163872241974,0.18445052206516266,2.6999998788198507,0.49756887555122375,True,,9100.79053141982,6067193.6876132125,True,True
2025-05-23,SH605090,buy,6918711.822172667,6918711.822172667,0.9404299259185791,0.03493424877524376,26.919998536937683,0.9403019547462463,True,,3253.281823188919,6506563.646377838,True,True
2025-05-23,SZ002511,buy,5428452.717967399,5428452.717967399,1.1986255645751953,0.16787472367286682,7.1400002236842175,1.2003250122070312,True,,3253.341101921714,6506682.203843428,True,True
2025-05-26,SZ000030,sell,1794241.3929978558,1794241.3929978558,3.0809178352355957,0.49853038787841797,6.180000076518851,3.0809178352355957,True,,8291.86546260758,5527910.308405054,True,True
2025-05-26,SZ002936,sell,13803939.09286464,13803939.09286464,0.41513949632644653,0.2128920555114746,1.9499999440048201,0.41603630781173706,True,,8595.840483499158,5730560.3223327715,True,True
2025-05-26,SZ002317,buy,3217661.653135578,3217661.653135578,1.7597695589065552,0.12471789866685867,14.110000069895175,1.7260228395462036,True,,2831.171514024467,5662343.0280489335,True,True
2025-05-26,SH603997,buy,2753660.798130554,2753660.798130554,2.056102752685547,0.14834797382354736,13.859998891061231,2.076655149459839,True,,2830.904773499256,5661809.546998512,True,True
2025-05-27,SH601963,sell,6528307.054578581,6528307.054578581,0.8819049000740051,0.07874150574207306,11.200000454179616,0.8839743733406067,True,,8636.01897093082,5757345.980620546,True,True
2025-05-27,SZ002317,sell,3217661.653135578,3217661.653135578,1.6799437999725342,0.12471742928028107,13.470000221036853,1.6575008630752563,True,,8108.236116891734,5405490.744594489,True,True
2025-05-27,SH601107,buy,6803388.466774058,6803388.466774058,0.8194409608840942,0.1332424283027649,6.150000201302922,0.8183486461639404,True,,2787.487591240549,5574975.182481098,True,True
2025-05-27,SZ002275,buy,6867736.181002576,6867736.181002576,0.8117060661315918,0.05712217092514038,14.210000302603117,0.8116143345832825,True,,2787.2915593556013,5574583.118711202,True,True
2025-05-28,SZ002948,sell,5789783.123302603,5789783.123302603,1.0484105348587036,0.21180011332035065,4.949999876879046,1.0491551160812378,True,,9105.104431526368,6070069.621017578,True,True
2025-05-28,SZ300492,sell,352447.03595056577,352447.03595056577,16.031705856323242,0.17704811692237854,90.5499936119166,16.09557342529297,True,,8475.490815438681,5650327.210292454,True,True
2025-05-28,SH603699,buy,3639574.749131548,3639574.749131548,1.6030584573745728,0.0532754547894001,30.090000427242224,1.602999210357666,True,,2917.2255414211336,5834451.082842267,True,True
2025-05-28,SZ000029,buy,1128817.193677228,1128817.193677228,5.168985366821289,0.2903924584388733,17.799998645313803,5.200253486633301,True,,2917.419777966932,5834839.555933864,True,True
2025-05-29,SH603699,sell,3639574.749131548,3639574.749131548,1.656925082206726,0.053277332335710526,31.100000874032663,1.6621941328048706,True,,9045.754035603473,6030502.690402315,True,True
2025-05-29,SZ000690,sell,835046.8127765233,835046.8127765233,6.930154323577881,1.6154205799102783,4.290000022138376,6.84934663772583,True,,8680.504919929728,5787003.279953152,True,True
2025-05-29,SZ002516,buy,2811383.0088157654,2811383.0088157654,2.0965898036956787,0.4055299460887909,5.169999956641007,2.096343994140625,True,,2947.158475283206,5894316.950566412,True,True
2025-05-29,SH600908,buy,4951232.818687817,4951232.818687817,1.1905689239501953,0.1977689266204834,6.019999927667531,1.1909937858581543,True,,2947.3919645860233,5894783.9291720465,True,True
2025-05-30,SH601107,sell,6803388.466774057,6803388.466774057,0.8567055463790894,0.13323570787906647,6.429999585071383,0.8568807244300842,True,,8742.750950485295,5828500.633656863,True,True
2025-05-30,SZ000029,sell,1128817.193677228,1128817.193677228,5.229187488555908,0.2903491258621216,18.00999907621247,5.281368732452393,True,,8854.195119065627,5902796.746043752,True,True
2025-05-30,SH601033,buy,7507488.789964972,7507488.789964972,0.7800191640853882,0.0484183207154274,16.110000358538926,0.7762269377708435,True,,2927.9925651644503,5855985.1303289,True,True
2025-05-30,SZ002807,buy,5327558.571776032,5327558.571776032,1.0991495847702026,0.2437138855457306,4.509999839807887,1.10029935836792,True,,2927.8918960032797,5855783.79200656,True,True
2025-06-03,SH601033,sell,7507488.789964972,7507488.789964972,0.8114042282104492,0.04841314256191254,16.759999150495037,0.815848708152771,True,,9137.412221130193,6091608.147420128,True,True
2025-06-03,SZ002511,sell,5428452.717967399,5428452.717967399,1.2002739906311035,0.16787047684192657,7.1500004837737405,1.2086549997329712,True,,9773.445910120487,6515630.606746991,True,True
2025-06-03,SH601187,buy,7479223.4404875515,7479223.4404875515,0.8382461667060852,0.12975946068763733,6.460000390445119,0.8405951261520386,True,,3134.7151894634944,6269430.378926989,True,True
2025-06-03,SH603393,buy,2860563.3662563646,2860563.3662563646,2.191760540008545,0.07379665225744247,29.699999565867888,2.191977024078369,True,,3134.8349541773555,6269669.908354711,True,True
2025-06-04,SZ000089,sell,2658595.0527347596,2658595.0527347596,2.1680846214294434,0.302805095911026,7.160000444862055,2.1679229736328125,True,,8646.088572663948,5764059.048442632,True,True
2025-06-04,SZ002275,sell,6867736.181002576,6867736.181002576,0.8636012673377991,0.05854924023151398,14.749999554613655,0.8588497042655945,True,,8896.47850448322,5930985.66965548,True,True
2025-06-04,SZ002461,buy,3595176.0422612475,3595176.0422612475,1.6292721033096313,0.1380739063024521,11.800000064752979,1.6293532848358154,True,,2928.7600160716893,5857520.032143379,True,True
2025-06-04,SH600064,buy,1009161.258818666,1009161.258818666,5.804319381713867,0.761721670627594,7.620000330214579,5.789072036743164,True,,2928.7471269179737,5857494.253835947,True,True
2025-06-05,SH601528,sell,6570160.693327829,6570160.693327829,0.7365490794181824,0.12462759017944336,5.910000172174332,0.7356715202331543,True,,7258.8687154502095,4839245.81030014,True,True
2025-06-05,SZ000968,sell,4866633.117920471,4866633.117920471,1.260527491569519,0.1898384839296341,6.6399997802171065,1.2586538791656494,True,,9201.787254782159,6134524.836521439,True,True
2025-06-05,SH601827,buy,5584426.259733472,5584426.259733472,0.9839575290679932,0.11258094757795334,8.740000419579706,0.982741117477417,True,,2747.419131894881,5494838.263789762,True,True
2025-06-05,SZ002332,buy,4066423.7464532685,4066423.7464532685,1.3510854244232178,0.14162321388721466,9.539999745375006,1.3494757413864136,True,,2747.042926680733,5494085.853361466,True,True
2025-06-06,SH600057,sell,2209665.610449751,2209665.610449751,1.9266870021820068,0.2879950702190399,6.689999938945586,1.9267500638961792,True,,6386.001016233156,4257334.010822104,True,True
2025-06-06,SH603997,sell,2753660.798130554,2753660.798130554,2.007106304168701,0.14834488928318024,13.529999677557294,2.0043554306030273,True,,8290.334921205078,5526889.947470052,True,True
2025-06-06,SH603132,buy,5797278.617243512,5797278.617243512,0.847384512424469,0.07224079221487045,11.730000273308722,0.8469453454017639,True,,2456.2620572308465,4912524.114461693,True,True
2025-06-06,SH601528,buy,6732823.3945383495,6732823.3945383495,0.729683518409729,0.12473221868276596,5.850000313596187,0.7228400111198425,True,,2456.415131679039,4912830.263358078,True,True
2025-06-09,SH603132,sell,5797278.617243512,5797278.617243512,0.869287371635437,0.07225996255874634,12.030000305199696,0.8726688027381897,True,,7559.2516377329,5039501.091821933,True,True
2025-06-09,SZ000650,sell,767537.7114228205,767537.7114228205,7.302883625030518,1.2879865169525146,5.670000057383954,7.27714729309082,True,,8407.85787651467,5605238.584343114,True,True
2025-06-09,SZ002327,buy,1933668.5189256002,1933668.5189256002,2.7366273403167725,0.3234784007072449,8.460000217428677,2.720374584197998,True,,2645.865068000819,5291730.136001638,True,True
2025-06-09,SZ002060,buy,2422331.2395434547,2422331.2395434547,2.1848044395446777,0.6206830739974976,3.5200000307298316,2.1853933334350586,True,,2646.160023101151,5292320.046202302,True,True
2025-06-10,SZ002327,sell,1933668.5189256002,1933668.5189256002,2.7742972373962402,0.3480924963951111,7.97000011815022,2.8369057178497314,True,,8046.856845143059,5364571.230095373,True,True
2025-06-10,SZ002461,sell,3595176.0422612475,3595176.0422612475,1.6070148944854736,0.13805970549583435,11.639999438749793,1.6113183498382568,True,,8666.252172316743,5777501.448211161,True,True
2025-06-10,SH688739,buy,15279260.419026785,15279260.419026785,0.36296260356903076,0.013960099779069424,26.000000667131747,0.3622500002384186,True,,2772.9000711496005,5545800.142299201,True,True
2025-06-10,SH605589,buy,6372248.629012911,6372248.629012911,0.8701255321502686,0.031009461730718613,28.060001160494323,0.874168336391449,True,,2772.3281146568393,5544656.229313678,True,True
2025-06-11,SH600064,sell,1009161.258818666,1009161.258818666,5.903336524963379,0.7617208361625671,7.7500000586874895,5.8882598876953125,True,,8936.127778143378,5957418.518762252,True,True
2025-06-11,SH605589,sell,6372248.629012911,6372248.629012911,0.857929527759552,0.03100576624274254,27.669999220237493,0.857101559638977,True,,8200.410385583247,5466940.257055499,True,True
2025-06-11,SZ000650,buy,771553.1519838533,771553.1519838533,7.380533218383789,1.2880512475967407,5.7299996658940895,7.367369174957275,True,,2847.2368339827726,5694473.667965545,True,True
2025-06-11,SZ002349,buy,2259885.557850147,2259885.557850147,2.519906520843506,0.32514920830726624,7.75000048120121,2.526629686355591,True,,2847.350176793325,5694700.3535866495,True,True
2025-06-12,SZ002332,sell,4066423.746453269,4066423.746453269,1.3494669198989868,0.14160197973251343,9.530000374628475,1.3494757413864136,True,,8231.256492195587,5487504.328130391,True,True
2025-06-12,SZ002349,sell,2259885.557850147,2259885.557850147,2.5006139278411865,0.3251773416996002,7.690000523318322,2.5003974437713623,True,,8476.65195193084,5651101.301287227,True,True
2025-06-12,SZ300770,buy,3079486.263354458,3079486.263354458,1.8066552877426147,0.0425395630300045,42.47000107801586,1.818164348602295,True,,2781.785070610039,5563570.141220078,True,True
2025-06-12,SZ002174,buy,2236830.086918692,2236830.086918692,2.4877614974975586,0.18427863717079163,13.499999433965163,2.504117727279663,True,,2782.34988334022,5564699.76668044,True,True
2025-06-13,SH605090,sell,6918711.822172667,6918711.822172667,0.9498364925384521,0.036005932837724686,26.379999563385148,0.9533101320266724,True,,9857.467455085212,6571644.970056809,True,True
2025-06-13,SZ002588,sell,2410210.164636196,2410210.164636196,3.100335121154785,0.33017411828041077,9.390000455825335,3.097231149673462,True,,11208.688834178784,7472459.222785856,True,True
2025-06-13,SH603699,buy,3866994.477590711,3866994.477590711,1.793646216392517,0.0532713457942009,33.67000006573464,1.8003157377243042,True,,3468.0100067706685,6936020.013541337,True,True
2025-06-13,SZ000758,buy,1738480.0840925577,1738480.0840925577,3.9904391765594482,0.7778633832931519,5.130000026052877,3.9981541633605957,True,,3468.649517615653,6937299.035231306,True,True
2025-06-16,SH601827,sell,5584426.259733472,5584426.259733472,0.9533880352973938,0.11256057024002075,8.470000047658056,0.9543147087097168,True,,7986.187770045702,5324125.180030468,True,True
2025-06-16,SZ300770,sell,3079486.263354458,3079486.263354458,1.7448569536209106,0.04253673925995827,41.01999786484392,1.7450076341629028,True,,8059.894530291152,5373263.020194101,True,True
2025-06-16,SH603132,buy,6139630.265226467,6139630.265226467,0.8823947310447693,0.07226819545030594,12.210000893844565,0.891961395740509,True,,2708.788698299417,5417577.396598834,True,True
2025-06-16,SZ002545,buy,4324441.525812725,4324441.525812725,1.2526898384094238,0.14300112426280975,8.75999992914189,1.242652416229248,True,,2708.5919780906725,5417183.956181345,True,True
2025-06-17,SZ000758,sell,1738480.0840925577,1738480.0840925577,3.936251640319824,0.777915358543396,5.059999904989972,3.9284725189208984,True,,10264.642624009015,6843095.082672676,True,True
2025-06-17,SZ002174,sell,2236830.086918692,2236830.086918692,2.434138298034668,0.18426482379436493,13.209999868184864,2.434117555618286,True,,8167.130671147505,5444753.7807650035,True,True
2025-06-17,SH601107,buy,6933680.597160577,6933680.597160577,0.8792603015899658,0.1395651251077652,6.300000096091663,0.8761467933654785,True,,3048.255046493952,6096510.092987903,True,True
2025-06-17,SH601369,buy,5458786.313317456,5458786.313317456,1.1168354749679565,0.12605366110801697,8.860000297896356,1.1131292581558228,True,,3048.283102491241,6096566.204982482,True,True
2025-06-18,SH688739,sell,15279260.419026785,15279260.419026785,0.3585934638977051,0.013963919132947922,25.680001472624,0.35837501287460327,True,,8218.564379180872,5479042.919453915,True,True
2025-06-18,SZ002545,sell,4324441.525812725,4324441.525812725,1.2754290103912354,0.14298531413078308,8.920000058360191,1.2698566913604736,True,,8273.277263643131,5515518.175762087,True,True
2025-06-18,SH600328,buy,2705200.2015638337,2705200.2015638337,2.0392420291900635,0.27820491790771484,7.329999931440873,2.0392038822174072,True,,2758.2789742012005,5516557.948402401,True,True
2025-06-18,SH601860,buy,6753467.173408013,6753467.173408013,0.8168913722038269,0.27320781350135803,2.9900000359973835,0.8163716793060303,True,,2758.424533209386,5516849.066418772,True,True
2025-06-19,SH600328,sell,2705200.2015638337,2705200.2015638337,2.0309343338012695,0.27821019291877747,7.299999732195988,2.025331735610962,True,,8241.125953743158,5494083.969162105,True,True
2025-06-19,SZ000650,sell,771553.1519838533,771553.1519838533,7.160176753997803,1.3235076665878296,5.41000020986478,7.146947383880615,True,,8286.68541496278,5524456.94330852,True,True
2025-06-19,SH603612,buy,2230354.8915203796,2230354.8915203796,2.4650075435638428,0.13997772336006165,17.609998822620923,2.465198278427124,True,,2748.920816211126,5497841.632422252,True,True
2025-06-19,SH688027,buy,7216611.250528632,7216611.250528632,0.7594519853591919,0.002702099271118641,281.0599867579205,0.762802004814148,True,,2740.334870889725,5480669.74177945,True,True
2025-06-20,SH603393,sell,2860563.3662563646,2860563.3662563646,2.1993136405944824,0.07380247116088867,29.8,2.2250585556030273,True,,9436.91404678874,6291276.031192493,True,True
2025-06-20,SH603612,sell,2230354.8915203796,2230354.8915203796,2.4150381088256836,0.14000220596790314,17.250000399131956,2.4132158756256104,True,,8079.588088841235,5386392.05922749,True,True
2025-06-20,SH600012,buy,480888.0671560405,480888.0671560405,12.10290813446045,0.6679309010505676,18.12000031054734,12.094688415527344,True,,2910.072049873903,5820144.099747806,True,True
2025-06-20,SH600502,buy,903600.0915567935,903600.0915567935,6.441266059875488,1.3447320461273193,4.789999671998319,6.441402912139893,True,,2910.164300722579,5820328.601445158,True,True
2025-06-23,SH601187,sell,7479223.440487552,7479223.440487552,0.8793545365333557,0.12969830632209778,6.78000015165605,0.8777895569801331,True,,9865.333593209012,6576889.062139342,True,True
2025-06-23,SH688027,sell,7216611.250528633,7216611.250528633,0.7187545895576477,0.002702085068449378,265.9999856962731,0.7225266695022583,True,,7780.458686056216,5186972.45737081,True,True
2025-06-23,SH601963,buy,6533113.57582706,6533113.57582706,0.8980603218078613,0.08054352551698685,11.150000152631238,0.8993589878082275,True,,2933.5650401572784,5867130.080314557,True,True
2025-06-23,SZ000498,buy,3336818.101827597,3336818.101827597,1.7585196495056152,0.30319303274154663,5.800000196589758,1.7622790336608887,True,,2933.930099444929,5867860.198889858,True,True
2025-06-24,SH603132,sell,6139630.265226467,6139630.265226467,0.8851109147071838,0.07225394994020462,12.250000386687194,0.8643086552619934,True,,8151.380640027762,5434253.760018508,True,True
2025-06-24,SZ002839,sell,5949289.934676124,5949289.934676124,1.1614749431610107,0.24924355745315552,4.659999861297543,1.1637519598007202,True,,10364.926783089488,6909951.188726325,True,True
2025-06-24,SH605365,buy,9365471.928755546,9365471.928755546,0.6560664772987366,0.04426899179816246,14.820000425805246,0.6534369587898254,True,,3072.1860882694273,6144372.176538855,True,True
2025-06-24,SZ002270,buy,1722029.3323508222,1722029.3323508222,3.5683865547180176,0.20638440549373627,17.290000890238375,3.5729334354400635,True,,3072.4331581953593,6144866.316390718,True,True
2025-06-25,SH603323,sell,6827254.791999833,6827254.791999833,1.172701120376587,0.2043033391237259,5.739999773896991,1.1788617372512817,True,,12009.494015511938,8006329.343674625,True,True
2025-06-25,SH603699,sell,3866994.477590711,3866994.477590711,1.7567851543426514,0.055192746222019196,31.830000762704945,1.7458564043045044,True,,10190.217735234566,6793478.490156378,True,True
2025-06-25,SH601200,buy,16280568.444117263,16280568.444117263,0.44986698031425476,0.056945186108350754,7.900000176630976,0.4493001103401184,True,,3662.045081877289,7324090.163754578,True,True
2025-06-25,SH600114,buy,763876.9771575482,763876.9771575482,9.587918281555176,0.47324374318122864,20.26000009446186,9.583218574523926,True,,3661.995017073981,7323990.034147962,True,True
2025-06-26,SH605365,sell,9365471.928755546,9365471.928755546,0.6511082649230957,0.04426296800374985,14.71000012624403,0.6509820222854614,True,,9146.904266576972,6097936.177717982,True,True
2025-06-26,SZ002270,sell,1722029.3323508222,1722029.3323508222,3.5272104740142822,0.20639030635356903,17.090000670728145,3.5267422199249268,True,,9110.939846441463,6073959.897627641,True,True
2025-06-26,SH603323,buy,5205859.458678788,5205859.458678788,1.1787477731704712,0.2042890340089798,5.77000022976592,1.1849592924118042,True,,3068.197622178028,6136395.244356056,True,True
2025-06-26,SH603301,buy,3482049.464825966,3482049.464825966,1.7621461153030396,0.08351403474807739,21.099999785887565,1.7603363990783691,True,,3067.939968868052,6135879.937736103,True,True
2025-06-27,SH601528,sell,6732823.3945383495,6732823.3945383495,0.7493133544921875,0.12467775493860245,6.010000379467747,0.7519246935844421,True,,7567.491724447511,5044994.482965007,True,True
2025-06-27,SH601963,sell,6533113.57582706,6533113.57582706,0.9211626052856445,0.08052120357751846,11.44000045154359,0.9269230961799622,True,,9027.089883203802,6018059.922135868,True,True
2025-06-27,SZ002221,buy,2291073.2268894305,2291073.2268894305,2.4228668212890625,0.24900993704795837,9.730000537377862,2.415062189102173,True,,2775.482653287035,5550965.30657407,True,True
2025-06-27,SH688066,buy,9902757.448270598,9902757.448270598,0.560495913028717,0.029577620327472687,18.95000026449422,0.5647059082984924,True,,2775.2275387351788,5550455.0774703575,True,True
2025-06-30,SH600012,sell,480888.0671560405,480888.0671560405,11.372882843017578,0.6678146123886108,17.02999999107467,11.420323371887207,True,,8203.625472556227,5469083.648370818,True,True
2025-06-30,SH601860,sell,6753467.173408013,6753467.173408013,0.8344764113426208,0.2735988199710846,3.0500000381244803,0.8340708017349243,True,,8453.413576478568,5635609.050985712,True,True
2025-06-30,SZ300236,buy,888825.720578976,888825.720578976,6.234385013580322,0.16414916515350342,37.979998300632616,6.170253276824951,True,,2770.6408760311497,5541281.752062299,True,True
2025-06-30,SZ002643,buy,1980660.606461887,1980660.606461887,2.7982096672058105,0.24395900964736938,11.469999289021887,2.7784860134124756,True,,2771.151828227688,5542303.656455376,True,True
2025-07-01,SH603301,sell,3482049.464825966,3482049.464825966,1.7612297534942627,0.08351018279790878,21.089999979479945,1.762789011001587,True,,9199.033680885397,6132689.120590265,True,True
2025-07-01,SH688066,sell,9902757.448270598,9902757.448270598,0.5791102647781372,0.0295766219496727,19.580000236793296,0.5792016983032227,True,,8602.182731852485,5734788.487901657,True,True
2025-07-01,SZ000049,buy,624079.4239988014,624079.4239988014,9.457104682922363,0.41533175110816956,22.7700017099327,9.452738761901855,True,,2950.9922216072778,5901984.443214555,True,True
2025-07-01,SH603327,buy,2831880.789114381,2831880.789114381,2.084634304046631,0.22560977935791016,9.239999746374208,2.087099313735962,True,,2951.717918979241,5903435.837958482,True,True
2025-07-02,SZ000049,sell,624079.4239988014,624079.4239988014,9.336678504943848,0.4153326749801636,22.479999931114907,9.344964981079102,True,,8740.24341514102,5826828.943427347,True,True
2025-07-02,SZ002516,sell,2811383.0088157654,2811383.0088157654,2.173640489578247,0.4055299460887909,5.3599999470873305,2.1815054416656494,True,,9166.403909511399,6110935.939674266,True,True
2025-07-02,SZ300861,buy,16034473.585317312,16034473.585317312,0.3713034987449646,0.017911408096551895,20.730000497082294,0.36954039335250854,True,,2976.8280713810173,5953656.142762034,True,True
2025-07-02,SH688432,buy,10091704.767783232,10091704.767783232,0.5900114178657532,0.05320211127400398,11.09000007212212,0.5915789604187012,True,,2977.110519361183,5954221.038722366,True,True
2025-07-03,SZ002221,sell,2291073.2268894305,2291073.2268894305,2.3850696086883545,0.24896343052387238,9.579999776150487,2.3901472091674805,True,,8196.55368710031,5464369.124733539,True,True
2025-07-03,SZ300236,sell,888825.7205789761,888825.7205789761,6.293789386749268,0.16415725648403168,38.34000105479037,6.323417663574219,True,,8391.122830274595,5594081.886849729,True,True
2025-07-03,SZ002913,buy,3622292.9320677146,3622292.9320677146,1.5295904874801636,0.051762793213129044,29.549998996039502,1.5213714838027954,True,,2770.312405878703,5540624.811757406,True,True
2025-07-03,SZ000927,buy,7798434.248580849,7798434.248580849,0.7104998826980591,0.27432429790496826,2.58999982183201,0.7108843326568604,True,,2770.39330942261,5540786.61884522,True,True
2025-07-04,SH600114,sell,763876.9771575482,763876.9771575482,9.815669059753418,0.4732723832130432,20.739999644844904,9.862448692321777,True,,11246.945415214972,7497963.610143314,True,True
2025-07-04,SZ002913,sell,3622292.932067714,3622292.932067714,1.637336015701294,0.051765285432338715,31.630000723968198,1.6372570991516113,True,,8896.366015642065,5930910.677094709,True,True
2025-07-04,SZ301626,buy,7385488.121235481,7385488.121235481,0.8988058567047119,0.00854378193616867,105.19999965118114,0.8941256403923035,True,,3319.0599889947653,6638119.97798953,True,True
2025-07-04,SH600888,buy,909631.7255922043,909631.7255922043,7.303683280944824,1.0524039268493652,6.940000027185597,7.303921699523926,True,,3321.8310130123864,6643662.026024773,True,True
2025-07-07,SZ300861,sell,16034473.585317312,16034473.585317312,0.3589392304420471,0.017911138013005257,20.04000137687632,0.3571224808692932,True,,8633.102413885692,5755401.609257128,True,True
2025-07-07,SZ301626,sell,7385488.121235481,7385488.121235481,0.897108256816864,0.008543888106942177,105.00000065402723,0.9181147813796997,True,,9938.373561274828,6625582.374183219,True,True
2025-07-07,SH603588,buy,3996715.515578258,3996715.515578258,1.55219304561615,0.2685455083847046,5.780000026634433,1.555047631263733,True,,3101.8370142933686,6203674.028586737,True,True
2025-07-07,SZ000813,buy,10280370.04273727,10280370.04273727,0.6034640073776245,0.1790694296360016,3.370000164764579,0.6016408205032349,True,,3101.9166516575574,6203833.303315114,True,True
2025-07-08,SH601369,sell,5458786.313317456,5458786.313317456,1.134331226348877,0.12603680789470673,8.99999964531406,1.1328489780426025,True,,9288.107659742782,6192071.773161855,True,True
2025-07-08,SH603327,sell,2831880.789114381,2831880.789114381,2.080383539199829,0.22563812136650085,9.220000266801952,2.059983491897583,True,,8837.097267974672,5891398.178649781,True,True
2025-07-08,SH603368,buy,4157594.9765847404,4157594.9765847404,1.4523833990097046,0.08473648875951767,17.139999783700876,1.4499469995498657,True,,3019.2109618989093,6038421.923797819,True,True
2025-07-08,SH601126,buy,3536654.426697732,3536654.426697732,1.706994652748108,0.1022152453660965,16.70000053939406,1.7068467140197754,True,,3018.525097495477,6037050.194990953,True,True
2025-07-09,SH600020,sell,2094109.2680622458,2094109.2680622458,2.8859219551086426,0.5889636874198914,4.899999807715098,2.8740158081054688,True,,9065.153869645987,6043435.913097325,True,True
2025-07-09,SH688432,sell,10091704.767783232,10091704.767783232,0.5989982485771179,0.05319700390100479,11.259999711483825,0.5989473462104797,True,,9067.37022158926,6044913.481059507,True,True
2025-07-09,SZ002233,buy,3408584.240891799,3408584.240891799,1.7698514461517334,0.21689356863498688,8.159999659234895,1.698714017868042,True,,3016.3438740361794,6032687.748072359,True,True
2025-07-09,SZ003039,buy,3491763.4961348027,3491763.4961348027,1.7274881601333618,0.1238342747092247,13.950000225621519,1.728672981262207,True,,3015.9900487793725,6031980.097558745,True,True
2025-07-10,SH601126,sell,3536654.426697732,3536654.426697732,1.7703042030334473,0.10221155732870102,17.320000294490626,1.7499196529388428,True,,9391.431294389762,6260954.196259841,True,True
2025-07-10,SZ002233,sell,3408584.240891799,3408584.240891799,1.7613013982772827,0.2169090360403061,8.120000118160117,1.7611757516860962,True,,9005.316284442953,6003544.1896286355,True,True
2025-07-10,SH601096,buy,10434547.411995094,10434547.411995094,0.5861395001411438,0.13474470376968384,4.350000287529068,0.5834445953369141,True,,3058.0502021329353,6116100.40426587,True,True
2025-07-10,SH601619,buy,2568602.4101226535,2568602.4101226535,2.3812155723571777,0.6366886496543884,3.740000035574319,2.3867404460906982,True,,3058.19802908912,6116396.05817824,True,True
2025-07-11,SH603588,sell,3996715.515578258,3996715.515578258,1.5952208042144775,0.2685557007789612,5.939999782493718,1.5923810005187988,True,,9563.465608465842,6375643.738977228,True,True
2025-07-11,SZ002643,sell,1980660.6064618872,1980660.6064618872,2.7809746265411377,0.2439451366662979,11.40000028098671,2.780876398086548,True,,8262.250335540135,5508166.89036009,True,True
2025-07-11,SH600075,buy,3133493.597135151,3133493.597135151,1.8954246044158936,0.4278610944747925,4.4299998969117835,1.8953622579574585,True,,2969.6504308948147,5939300.861789629,True,True
2025-07-11,SH600252,buy,1029927.9296946742,1029927.9296946742,5.766663551330566,2.1679186820983887,2.6599999340145235,5.766520023345947,True,,2969.623926333814,5939247.852667628,True,True
2025-07-14,SH601619,sell,2568602.4101226535,2568602.4101226535,2.3707051277160645,0.6355777978897095,3.729999908095355,2.364640951156616,True,,9134.098357112423,6089398.904741616,True,True
2025-07-14,SH603323,sell,5205859.458678788,5205859.458678788,1.1666347980499268,0.20431432127952576,5.710000115233404,1.1666666269302368,True,,9110.005197378043,6073336.798252028,True,True
2025-07-14,SH600094,buy,12093446.729006903,12093446.729006903,0.5013124942779541,0.1514539271593094,3.3099999694999,0.5013608932495117,True,,3031.297972068008,6062595.944136016,True,True
2025-07-14,SZ000090,buy,2872766.535778458,2872766.535778458,2.1103873252868652,0.5781883001327515,3.6500000515443194,2.104705810546875,True,,3031.325042807557,6062650.085615114,True,True
2025-07-15,SH600323,sell,799525.9792044646,799525.9792044646,7.611966609954834,0.30338647961616516,25.089999460705204,7.451467037200928,True,,9128.947586243741,6085965.057495828,True,True
2025-07-15,SZ000813,sell,10280370.04273727,10280370.04273727,0.6050894260406494,0.17902055382728577,3.3799997436295692,0.6125797629356384,True,,9330.814812968072,6220543.208645381,True,True
2025-07-15,SZ002242,buy,5140538.55922587,5140538.55922587,1.193870186805725,0.12169931083917618,9.809999568390381,1.1973483562469482,True,,3068.5678649925117,6137135.729985023,True,True
2025-07-15,SZ002233,buy,3457877.402141415,3457877.402141415,1.774682879447937,0.21695390343666077,8.179999766475978,1.7764849662780762,True,,3068.3179124051394,6136635.824810279,True,True
2025-07-16,SH600094,sell,12093446.729006903,12093446.729006903,0.48635461926460266,0.15151233971118927,3.2100000580261985,0.4877517819404602,True,,8822.555519224361,5881703.679482907,True,True
2025-07-16,SZ000090,sell,2872766.535778458,2872766.535778458,2.0642178058624268,0.5782122611999512,3.5700000577272455,2.064117670059204,True,,8895.02375285942,5930015.835239613,True,True
2025-07-16,SH603588,buy,3647811.0673742406,3647811.0673742406,1.6191586256027222,0.2685171961784363,6.0299997491659765,1.6194285154342651,True,,2953.1923771540373,5906384.754308075,True,True
2025-07-16,SZ000557,buy,5700099.944244321,5700099.944244321,1.0362133979797363,0.1918913722038269,5.3999999378766805,1.0342411994934082,True,,2953.259966024757,5906519.932049514,True,True
2025-07-17,SH600252,sell,1029927.9296946742,1029927.9296946742,5.787940502166748,2.1677680015563965,2.669999971404306,5.7879958152771,True,,8941.742367888828,5961161.578592552,True,True
2025-07-17,SZ002233,sell,3457877.402141415,3457877.402141415,1.7419642210006714,0.2169320285320282,8.030000146997589,1.742192268371582,True,,9035.248072705643,6023498.715137095,True,True
2025-07-17,SZ002698,buy,2253750.2479654364,2253750.2479654364,2.6513354778289795,0.1634608805179596,16.219999974475083,2.6549999713897705,True,,2987.723995298311,5975447.990596621,True,True
2025-07-17,SZ001323,buy,9158558.439550903,9158558.439550903,0.6524520516395569,0.02061459794640541,31.650001292085623,0.652515172958374,True,,2987.7601219728826,5975520.243945765,True,True
2025-07-18,SH601096,sell,10434547.411995094,10434547.411995094,0.5874621868133545,0.13473904132843018,4.3599997522722385,0.5821094512939453,True,,9194.8530615874,6129902.041058267,True,True
2025-07-18,SZ002060,sell,2422331.2395434547,2422331.2395434547,2.2283434867858887,0.6207084655761719,3.5900001536428725,2.221909999847412,True,,8096.679060711969,5397786.040474646,True,True
2025-07-18,SH600662,buy,1823632.8193187977,1823632.8193187977,3.160858154296875,0.5535653829574585,5.709999670517307,3.149869918823242,True,,2882.1223336936105,5764244.667387221,True,True
2025-07-18,SH688352,buy,8619478.944226291,8619478.944226291,0.6687620282173157,0.05835619568824768,11.460000439199248,0.6670493483543396,True,,2882.1901104586104,5764380.220917221,True,True
2025-07-21,SH600908,sell,4951232.818687817,4951232.818687817,1.285644769668579,0.20472049713134766,6.280000232921063,1.2903727293014526,True,,9548.289865136114,6365526.576757409,True,True
2025-07-21,SH601107,sell,6933680.597160577,6933680.597160577,0.8342709541320801,0.13951019942760468,5.9799997244287795,0.8330275416374207,True,,8676.852491160367,5784568.327440245,True,True
2025-07-21,SH603027,buy,1116900.4074169116,1116900.4074169116,5.414538383483887,0.4588591754436493,11.800000246805189,5.410430908203125,True,,3023.750063243829,6047500.126487658,True,True
2025-07-21,SH600597,buy,3428063.505927684,3428063.505927684,1.7643722295761108,0.20515955984592438,8.600000072632058,1.7599687576293945,True,,3024.1900255410633,6048380.051082127,True,True
2025-07-22,SH600075,sell,3133493.597135151,3133493.597135151,1.9468556642532349,0.4278803765773773,4.549999885075748,1.9551552534103394,True,,9150.689637725718,6100459.758483812,True,True
2025-07-22,SZ003039,sell,3491763.4961348027,3491763.4961348027,1.7912569046020508,0.12379107624292374,14.47000025338615,1.792654037475586,True,,9381.968207533293,6254645.471688862,True,True
2025-07-22,SZ002332,buy,4384569.6235929765,4384569.6235929765,1.4047735929489136,0.141610249876976,9.919999393894944,1.3989017009735107,True,,3079.6638118346855,6159327.623669371,True,True
2025-07-23,SH600888,sell,909631.7255922043,909631.7255922043,7.777915954589844,1.0524920225143433,7.389999912786842,7.777526378631592,True,,10612.558666927045,7075039.1112846965,True,True
2025-07-23,SZ000927,sell,7798434.248580849,7798434.248580849,0.7978248000144958,0.27416661381721497,2.909999831512674,0.7789115905761719,True,,9332.676367200316,6221784.244800211,True,True
2025-07-23,SZ000650,buy,834142.6053321944,834142.6053321944,7.6234450340271,1.323514699935913,5.760000273813536,7.623446941375732,True,,3179.5201511450723,6359040.302290144,True,True
2025-07-23,SZ002643,buy,2134924.780805558,2134924.780805558,2.978544235229492,0.2439430207014084,12.209999805140134,2.993227005004883,True,,3179.483949258491,6358967.898516982,True,True
2025-07-23,SZ300039,buy,3606222.703086469,3606222.703086469,1.7633165121078491,0.26798123121261597,6.580000040035774,1.7660510540008545,True,,3179.4560193452858,6358912.038690572,True,True
2025-07-24,SH600502,sell,903600.0915567935,903600.0915567935,7.063511848449707,1.3987151384353638,5.050000285512832,7.133447170257568,True,,9573.884929457477,6382589.952971651,True,True
2025-07-24,SZ002332,sell,4384569.6235929765,4384569.6235929765,1.5235425233840942,0.14159317314624786,10.759999861084173,1.516724944114685,True,,10020.117402423137,6680078.268282091,True,True
2025-07-24,SH605368,buy,7591487.432998896,7591487.432998896,0.8784254789352417,0.08688679337501526,10.109999975989878,0.8811513185501099,True,,3334.277992081462,6668555.984162924,True,True
2025-07-24,SZ002434,buy,3547774.196628354,3547774.196628354,1.8796416521072388,0.24474500119686127,7.680000175347174,1.8843319416046143,True,,3334.2720761269757,6668544.152253951,True,True
2025-07-25,SZ000498,sell,3336818.101827597,3336818.101827597,1.898080825805664,0.31218433380126953,6.080000244387489,1.8978389501571655,True,,9500.32568742032,6333550.458280213,True,True
2025-07-25,SZ000650,sell,834142.6053321944,834142.6053321944,7.782546520233154,1.3235623836517334,5.879999776633847,7.808752059936523,True,,9737.63044575943,6491753.630506286,True,True
2025-07-25,SH605507,buy,12803314.328047508,12803314.328047508,0.5008785128593445,0.023548590019345284,21.27000013367553,0.4993603527545929,True,,3206.4525201515867,6412905.0403031735,True,True
2025-07-25,SH688128,buy,6030811.633470032,6030811.633470032,1.0632787942886353,0.04143720865249634,25.66000048906719,1.06240713596344,True,,3206.2170611089455,6412434.122217891,True,True
2025-07-28,SZ000557,sell,5700099.944244321,5700099.944244321,1.0651079416275024,0.19191132485866547,5.5500004619941485,1.066926121711731,True,,9106.832578027666,6071221.718685111,True,True
2025-07-28,SZ300039,sell,3606222.703086469,3606222.703086469,1.8197424411773682,0.26800331473350525,6.789999754245082,1.806288480758667,True,,9843.594757715728,6562396.505143818,True,True
2025-07-28,SH688389,buy,8192510.765296456,8192510.765296456,0.7702146768569946,0.054586440324783325,14.110000070975538,0.7615894079208374,True,,3154.99601587013,6309992.03174026,True,True
2025-07-28,SZ003012,buy,14351411.080242494,14351411.080242494,0.43968361616134644,0.07023699581623077,6.260000318233169,0.4394124746322632,True,,3155.0401603895175,6310080.320779035,True,True
2025-07-29,SH600597,sell,3428063.505927684,3428063.505927684,1.8790656328201294,0.2051381766796112,9.15999968038563,1.7802971601486206,True,,9662.334481670392,6441556.321113595,True,True
2025-07-29,SH603588,sell,3647811.0673742406,3647811.0673742406,1.726763129234314,0.268547922372818,6.429999956719436,1.729523777961731,True,,9448.358480332061,6298905.653554707,True,True
2025-07-29,SH603599,buy,2530053.581766188,2530053.581766188,2.5114388465881348,0.2050154209136963,12.249999709267506,2.525861978530884,True,,3177.037424598527,6354074.849197054,True,True
2025-07-29,SH605111,buy,1447584.051719116,1447584.051719116,4.390106201171875,0.13684870302677155,32.07999859752448,4.405301570892334,True,,3177.5238610847996,6355047.7221695995,True,True
2025-07-30,SH605368,sell,7591487.432998896,7591487.432998896,0.8691993951797485,0.08691994100809097,9.999999828564526,0.8709377646446228,True,,9897.774427915952,6598516.285277301,True,True
2025-07-30,SZ002807,sell,5327558.571776032,5327558.571776032,1.1478205919265747,0.24369865655899048,4.709999669812417,1.1482036113739014,True,,9172.622150069195,6115081.433379463,True,True
2025-07-30,SH688139,buy,5538708.978138302,5538708.978138302,1.1453044414520264,0.03453873470425606,33.159999961171,1.1499836444854736,True,,3171.7539962860064,6343507.992572012,True,True
2025-07-30,SZ002791,buy,5441781.360103469,5441781.360103469,1.1658406257629395,0.0505349226295948,23.069999222284103,1.1690276861190796,True,,3172.1248930640645,6344249.786128129,True,True
2025-07-31,SH605507,sell,12803314.328047508,12803314.328047508,0.56098872423172,0.023541279137134552,23.83000180082838,0.5575693249702454,True,,10773.772456243609,7182514.970829072,True,True
2025-07-31,SZ002791,sell,5441781.360103469,5441781.360103469,1.1495815515518188,0.050531055778265,22.750000645074394,1.1542176008224487,True,,9383.65718873027,6255771.459153513,True,True
2025-07-31,SH688575,buy,18208116.71554838,18208116.71554838,0.3673385679721832,0.0233082864433527,15.759998868425813,0.3673437535762787,True,,3344.2717598799577,6688543.519759915,True,True
2025-07-31,SH688798,buy,16946723.61849202,16946723.61849202,0.3943558931350708,0.005416976287961006,72.80000357607427,0.3970091938972473,True,,3341.52016414181,6683040.328283619,True,True
2025-08-01,SH605111,sell,1447584.051719116,1447584.051719116,4.377957344055176,0.13685394823551178,31.989996638760868,4.37774658203125,True,,9506.191845541278,6337461.230360852,True,True
2025-08-01,SH688139,sell,5538708.978138302,5538708.978138302,1.1410706043243408,0.034546490758657455,33.03000042163139,1.1421070098876953,True,,9480.087001291387,6320058.000860925,True,True
2025-08-01,SZ002396,buy,2192838.562142638,2192838.562142638,2.8892359733581543,0.10894554853439331,26.520000240726162,2.89558482170105,True,,3167.81402875474,6335628.05750948,True,True
2025-08-01,SH600158,buy,1552105.40623738,1552105.40623738,4.083104133605957,0.45570358633995056,8.96,4.201809406280518,True,,3168.704,6337408.0,True,True
2025-08-04,SH600158,sell,1552105.40623738,1552105.40623738,3.9827370643615723,0.45569074153900146,8.739999963375817,3.996520519256592,True,,9272.441593826383,6181627.729217589,True,True
2025-08-04,SH603368,sell,4157594.9765847404,4157594.9765847404,1.570974588394165,0.08473433554172516,18.540000087928707,1.5836864709854126,True,,9797.214085574791,6531476.057049861,True,True
2025-08-04,SZ300596,buy,2027613.6519673686,2027613.6519673686,3.1276795864105225,0.09829288721084595,31.81999913891434,3.137146472930908,True,,3170.8629141928145,6341725.828385629,True,True
2025-08-04,SZ300232,buy,1512082.3228141188,1512082.3228141188,4.195956707000732,0.5893197655677795,7.119999959543428,4.219185829162598,True,,3172.3159819745742,6344631.963949149,True,True
2025-08-05,SH688128,sell,6030811.633470032,6030811.633470032,1.0827791690826416,0.041438162326812744,26.12999969793604,1.0813521146774292,True,,9795.055814073916,6530037.20938261,True,True
2025-08-05,SZ003012,sell,14351411.080242494,14351411.080242494,0.4178122282028198,0.07022054493427277,5.949999798405108,0.4167686700820923,True,,8994.29256193613,5996195.0412907535,True,True
2025-08-05,SH600129,buy,1527684.5301514058,1527684.5301514058,4.095197677612305,0.16613377630710602,24.650000551616554,4.127109527587891,True,,3128.085070000141,6256170.140000282,True,True
2025-08-05,SH688088,buy,7876847.970432256,7876847.970432256,0.7942473888397217,0.015818510204553604,50.209999460700494,0.791304349899292,True,,3128.0829664016405,6256165.932803281,True,True
2025-08-06,SH600129,sell,1527684.5301514058,1527684.5301514058,3.973971128463745,0.16613592207431793,23.919999232231426,4.0121307373046875,True,,9106.461324333583,6070974.216222389,True,True
2025-08-06,SZ300596,sell,2027613.6519673688,2027613.6519673688,3.241514205932617,0.09828726947307587,32.98000059733651,3.246617555618286,True,,9858.80768549271,6572538.45699514,True,True
2025-08-06,SH601515,buy,5308777.248386558,5308777.248386558,1.188053846359253,0.27062729001045227,4.390000159678529,1.1884783506393433,True,,3153.556614705071,6307113.229410142,True,True
2025-08-06,SZ001311,buy,10314628.729823139,10314628.729823139,0.6114281415939331,0.026118244975805283,23.41000102266946,0.6121899485588074,True,,3153.327137753576,6306654.275507152,True,True
2025-08-07,SH688088,sell,7876847.970432256,7876847.970432256,0.8139423727989197,0.01581699214875698,51.459997270270215,0.8140350580215454,True,,9616.950490844978,6411300.327229985,True,True
2025-08-07,SZ002434,sell,3547774.196628354,3547774.196628354,2.126566171646118,0.2447141706943512,8.690000115695002,2.126882314682007,True,,11316.864886783262,7544576.5911888415,True,True
2025-08-07,SH600933,buy,5070776.016827781,5070776.016827781,1.36670982837677,0.07316434383392334,18.679998435837568,1.3665615320205688,True,,3465.1397098478687,6930279.419695738,True,True
2025-08-07,SZ000801,buy,1314662.608396601,1314662.608396601,5.271442413330078,0.3024350106716156,17.430000586320407,5.289610862731934,True,,3465.084116560497,6930168.233120994,True,True
2025-08-08,SH688575,sell,18208116.71554838,18208116.71554838,0.36788442730903625,0.023313334211707115,15.780000576850048,0.3685937523841858,True,,10047.72388541341,6698482.590275606,True,True
2025-08-08,SZ002643,sell,2134924.780805558,2134924.780805558,3.0397372245788574,0.24395965039730072,12.459999920595436,3.0227091312408447,True,,9734.415491835769,6489610.3278905125,True,True
2025-08-08,SH600552,buy,857567.6206470339,857567.6206470339,7.694522857666016,0.6322533488273621,12.169999371196718,7.688340663909912,True,,3299.28682953143,6598573.6590628605,True,True
2025-08-08,SZ300596,buy,2048217.4845932787,2048217.4845932787,3.221637487411499,0.09828057885169983,32.780001146236415,3.2293972969055176,True,,3299.3071153686956,6598614.230737391,True,True
2025-08-11,SH600662,sell,1823632.8193187977,1823632.8193187977,3.338002920150757,0.5535659790039062,6.030000120594843,3.343538522720337,True,,9130.937514253355,6087291.676168904,True,True
2025-08-11,SH688389,sell,8192510.765296457,8192510.765296457,0.7700338363647461,0.054573625326156616,14.109999688726493,0.7727967500686646,True,,9462.765741091069,6308510.494060713,True,True
2025-08-11,SH605020,buy,1628136.733547635,1628136.733547635,3.8110477924346924,0.14562658965587616,26.16999959581841,3.784569025039673,True,,3102.4534520842726,6204906.904168545,True,True
2025-08-11,SH688439,buy,10293021.706469413,10293021.706469413,0.6025514602661133,0.010152509436011314,59.350002485970776,0.6007186770439148,True,,3101.037629891973,6202075.259783946,True,True
2025-08-12,SH600552,sell,857567.6206470339,857567.6206470339,7.795843601226807,0.6322663426399231,12.3299993617825,7.820627689361572,True,,10028.194572060715,6685463.048040477,True,True
2025-08-12,SH601515,sell,5308777.248386558,5308777.248386558,1.223524570465088,0.27069127559661865,4.520000017615534,1.2179086208343506,True,,9743.129103790492,6495419.402526995,True,True
2025-08-12,SZ002176,buy,2850231.937796365,2850231.937796365,2.3020811080932617,0.25159355998039246,9.150000136222369,2.1838834285736084,True,,3280.7325488425304,6561465.09768506,True,True
2025-08-12,SH600874,buy,3409034.7704473855,3409034.7704473855,1.9248428344726562,0.31868258118629456,6.0400001384055475,1.9152823686599731,True,,3280.9280751818933,6561856.150363786,True,True
2025-08-13,SH605020,sell,1628136.733547635,1628136.733547635,4.109551906585693,0.1456255167722702,28.21999878642304,4.120240688323975,True,,10036.36862629933,6690912.417532886,True,True
2025-08-13,SZ002176,sell,2850231.937796365,2850231.937796365,2.390103816986084,0.25158989429473877,9.499999289264242,2.4027185440063477,True,,10218.525350734102,6812350.233822735,True,True
2025-08-13,SH603609,buy,3790878.5787516586,3790878.5787516586,1.7751364707946777,0.19528454542160034,9.08999975887662,1.769775629043579,True,,3364.6634107481814,6729326.821496363,True,True
2025-08-13,SH601777,buy,10482510.345777506,10482510.345777506,0.641975998878479,0.06577622890472412,9.760000072493842,0.6412982940673828,True,,3364.7600249922525,6729520.0499845045,True,True
2025-08-14,SH688352,sell,8619478.944226291,8619478.944226291,0.7085832953453064,0.05836765095591545,12.140000218280035,0.7078071236610413,True,,9161.428191689021,6107618.794459348,True,True
2025-08-14,SZ002698,sell,2253750.2479654364,2253750.2479654364,2.759392738342285,0.16347114741802216,16.879998592571642,2.762777805328369,True,,9328.473102409425,6218982.06827295,True,True
2025-08-14,SH603733,buy,4155888.848283134,4155888.848283134,1.4868111610412598,0.05837499722838402,25.46999968538446,1.4787940979003906,True,,3089.5109618371353,6179021.9236742705,True,True
2025-08-14,SZ000029,buy,935025.504050054,935025.504050054,6.608739376068115,0.29036641120910645,22.75999950734265,6.623574256896973,True,,3089.6699331217646,6179339.866243529,True,True
2025-08-15,SZ000029,sell,935025.504050054,935025.504050054,6.464582920074463,0.2904125452041626,22.25999884243914,6.446134567260742,True,,9066.824854973993,6044549.903315995,True,True
2025-08-15,SZ300232,sell,1512082.3228141188,1512082.3228141188,4.549332141876221,0.5892916917800903,7.7200004774103,4.643604755401611,True,,10318.447068511688,6878964.712341126,True,True
2025-08-15,SZ002034,buy,1019356.8253928727,1019356.8253928727,6.312609672546387,0.3542429804801941,17.81999932359797,6.273809432983398,True,,3217.4008778756133,6434801.755751226,True,True
2025-08-15,SZ301035,buy,3382549.3708375003,3382549.3708375003,1.9026453495025635,0.028262706473469734,67.31999822057314,1.8930997848510742,True,,3217.8959149433963,6435791.829886792,True,True
2025-08-18,SH600269,sell,1415014.259786543,1415014.259786543,4.045614719390869,0.7901591658592224,5.119999734473308,4.037640571594238,True,,8586.90377631062,5724602.517540414,True,True
2025-08-18,SZ000801,sell,1314662.608396601,1314662.608396601,5.374244689941406,0.302433580160141,17.769999902443708,5.292619228363037,True,,10597.977813359927,7065318.542239951,True,True
2025-08-18,SZ000923,buy,2002098.5830909708,2002098.5830909708,3.1896204948425293,0.21951965987682343,14.529999256705686,3.188901901245117,True,,3192.9673366610746,6385934.673322149,True,True
2025-08-18,SH603033,buy,1882896.2042093358,1882896.2042093358,3.391413688659668,0.26767274737358093,12.66999992317633,3.3755440711975098,True,,3192.8399806404354,6385679.961280871,True,True
2025-08-19,SH688798,sell,16946723.61849202,16946723.61849202,0.42578577995300293,0.005418500397354364,78.58000345647238,0.42868098616600037,True,,10823.5109003214,7215673.9335476,True,True
2025-08-19,SZ002081,sell,1167477.0653098063,1167477.0653098063,5.875787734985352,1.6412814855575562,3.5800000101684573,5.842741966247559,True,,10289.771131836078,6859847.421224052,True,True
2025-08-19,SH600621,buy,1822621.0565710866,1822621.0565710866,3.835766553878784,0.23093116283416748,16.609999736732206,3.8704094886779785,True,,3495.574444595293,6991148.889190585,True,True
2025-08-19,SZ000028,buy,870967.6592523425,870967.6592523425,8.025641441345215,0.31022965908050537,25.870000518752917,8.025641441345215,True,,3495.037070083519,6990074.140167038,True,True
2025-08-20,SH600933,sell,5070776.016827781,5070776.016827781,1.4381072521209717,0.07318612188100815,19.64999941463166,1.4599368572235107,True,,10938.47964552169,7292319.763681126,True,True
2025-08-20,SH603733,sell,4155888.848283134,4155888.848283134,1.5177772045135498,0.05835360661149025,26.009998227165077,1.5370465517044067,True,,9461.570037624317,6307713.358416211,True,True
2025-08-20,SH600633,buy,900805.6874339157,900805.6874339157,7.54634428024292,0.4932251274585724,15.299999655586815,7.5714287757873535,True,,3398.8949234886104,6797789.846977221,True,True
2025-08-20,SH603713,buy,1754312.8608788247,1754312.8608788247,3.873466968536377,0.06401366740465164,60.50999927954302,3.885397434234619,True,,3397.63645954634,6795272.91909268,True,True
2025-08-21,SH601777,sell,10482510.345777506,10482510.345777506,0.7390308976173401,0.06575008481740952,11.239999152391317,0.7386681437492371,True,,11620.348545184508,7746899.030123005,True,True
2025-08-21,SZ002396,sell,2192838.562142638,2192838.562142638,3.454719066619873,0.10894730687141418,31.709999685419753,3.474379539489746,True,,11363.461785980218,7575641.190653479,True,True
2025-08-21,SZ000930,buy,3684702.769841605,3684702.769841605,2.0640363693237305,0.3276247978210449,6.300000436631013,2.064016580581665,True,,3802.68026355048,7605360.52710096,True,True
2025-08-22,SH600621,sell,1822621.0565710866,1822621.0565710866,3.879645824432373,0.23093129694461823,16.80000015486332,3.978940963745117,True,,10606.686257472804,7071124.171648536,True,True
2025-08-22,SH603033,sell,1882896.2042093358,1882896.2042093358,3.2629711627960205,0.26767605543136597,12.190000175912893,3.257617712020874,True,,9215.754025309725,6143836.01687315,True,True
2025-08-22,SZ000650,buy,737098.3842322205,737098.3842322205,9.278213500976562,1.3235682249069214,7.01000018463653,9.291193962097168,True,,3419.4780900656992,6838956.180131398,True,True
2025-08-22,SH600894,buy,965851.1832104579,965851.1832104579,7.080501079559326,0.6378829479217529,11.100000560648109,7.061340808868408,True,,3419.35517270765,6838710.3454153,True,True
2025-08-25,SZ000650,sell,737098.3842322205,737098.3842322205,8.722312927246094,1.3235679864883423,6.589999921642044,8.801729202270508,True,,9643.804148161356,6429202.765440905,True,True
2025-08-25,SZ301035,sell,3382549.3708375003,3382549.3708375003,2.032855749130249,0.028265515342354774,71.91999595648956,2.0465238094329834,True,,10314.352402835879,6876234.935223919,True,True
2025-08-25,SZ000950,buy,4801687.680044525,4801687.680044525,1.39795982837677,0.2574511468410492,5.430000392423472,1.394818663597107,True,,3356.2832425569477,6712566.4851138955,True,True
2025-08-25,SH603613,buy,1243391.0217600076,1243391.0217600076,5.396918296813965,0.2071753740310669,26.049999050585384,5.396512031555176,True,,3355.2398777153976,6710479.755430795,True,True
2025-08-25,SZ002649,buy,1590139.55295799,1590139.55295799,4.220761775970459,0.2641277611255646,15.980000579961517,4.141495227813721,True,,3355.8001217919186,6711600.2435838375,True,True
2025-08-26,SH688439,sell,10293021.706469413,10293021.706469413,0.6142469048500061,0.010151163674890995,60.50999910181253,0.6176881790161133,True,,9483.685087129148,6322456.724752765,True,True
2025-08-26,SZ000923,sell,2002098.5830909708,2002098.5830909708,3.2482669353485107,0.21947748959064484,14.80000040736281,3.2573790550231934,True,,9755.025943143755,6503350.628762503,True,True
2025-08-26,SZ300925,buy,4638576.270162208,4638576.270162208,1.418921947479248,0.05538337305188179,25.619998734097265,1.4206753969192505,True,,3290.8888373947934,6581777.674789587,True,True
2025-08-26,SH600305,buy,1216280.4291295377,1216280.4291295377,5.412923336029053,0.6451637148857117,8.389999640615144,5.309673309326172,True,,3291.8163589953524,6583632.717990705,True,True
2025-08-27,SH603609,sell,3790878.5787516586,3790878.5787516586,1.7674692869186401,0.19530047476291656,9.049999950405882,1.761511206626892,True,,10050.392187572013,6700261.458381342,True,True
2025-08-27,SH603713,sell,1754312.8608788247,1754312.8608788247,4.1930670738220215,0.0640065148472786,65.51000447105739,4.193469047546387,True,,11033.927241200268,7355951.4941335125,True,True
2025-08-27,SH603043,buy,4868612.874163721,4868612.874163721,1.4365077018737793,0.08450045436620712,16.99999973548377,1.4383561611175537,True,,3496.899945589011,6993799.891178022,True,True
2025-08-27,SZ300079,buy,5361484.622993114,5361484.622993114,1.304352879524231,0.20285426080226898,6.429999914054758,1.296308159828186,True,,3496.6339532629772,6993267.906525955,True,True
2025-08-28,SH603027,sell,1116900.4074169116,1116900.4074169116,5.831892490386963,0.4780240058898926,12.199999201986257,6.00907039642334,True,,9770.46464778724,6513643.098524826,True,True
2025-08-28,SH603613,sell,1243391.0217600076,1243391.0217600076,5.96898889541626,0.20718462765216827,28.80999890318741,6.035337448120117,True,,11132.680802318644,7421787.201545763,True,True
2025-08-28,SH605577,buy,4243923.926038722,4243923.926038722,1.6389718055725098,0.11998330056667328,13.659999331838291,1.6454229354858398,True,,3477.835829886029,6955671.659772058,True,True
2025-08-28,SH600787,buy,2085258.9813486307,2085258.9813486307,3.335611343383789,0.5495240688323975,6.070000446879673,3.335672378540039,True,,3477.806756039709,6955613.512079418,True,True
2025-08-29,SH600633,sell,900805.6874339157,900805.6874339157,7.541588306427002,0.4932366609573364,15.289999514207498,7.591071605682373,True,,10190.258458071834,6793505.638714556,True,True
2025-08-29,SZ300596,sell,2048217.4845932787,2048217.4845932787,3.565450429916382,0.09827592223882675,36.27999970584603,3.563960552215576,True,,10954.226866508034,7302817.911005355,True,True
2025-08-29,SZ002048,buy,217753.00083615203,217753.00083615203,32.27642822265625,1.2854013442993164,25.110000363544366,31.87920570373535,True,,3514.1445508780334,7028289.101756067,True,True
2025-08-29,SZ000801,buy,1264737.5175292972,1264737.5175292972,5.558742523193359,0.3024342954158783,18.3800005735114,5.583032608032227,True,,3515.1751096840553,7030350.21936811,True,True
2025-09-01,SZ002048,sell,217753.00083615203,217753.00083615203,35.40094757080078,1.2854374647140503,27.539999838635353,35.06575012207031,True,,11562.993848977736,7708662.565985157,True,True
2025-09-01,SZ002649,sell,1590139.55295799,1590139.55295799,4.136460304260254,0.2641417682170868,15.660000810097836,4.012042045593262,True,,9866.323708567308,6577549.139044872,True,True
2025-09-01,SH603220,buy,2458616.1529543786,2458616.1529543786,2.8978049755096436,0.1212470680475235,23.900000405567184,2.890265464782715,True,,3562.2950604497887,7124590.120899578,True,True
2025-09-01,SH688019,buy,2526325.9259363827,2526325.9259363827,2.818321943283081,0.01583326980471611,177.9999948237864,2.7803173065185547,True,,3559.999896475728,7119999.792951455,True,True
2025-09-02,SH688019,sell,2526325.9259363827,2526325.9259363827,2.9559061527252197,0.015833232551813126,186.68999795539082,3.0081627368927,True,,11201.373522396887,7467582.348264592,True,True
2025-09-02,SZ002242,sell,5140538.55922587,5140538.55922587,1.182740330696106,0.1216811090707779,9.719999593430273,1.1816996335983276,True,,9119.883413242336,6079922.27549489,True,True
2025-09-02,SZ002946,buy,2602449.117472947,2602449.117472947,2.6054704189300537,0.13471925258636475,19.34000054862062,2.605095624923706,True,,3390.3020961731945,6780604.1923463885,True,True
2025-09-02,SH603888,buy,3554945.4361946792,3554945.4361946792,1.9070671796798706,0.08911529183387756,21.39999926426646,1.8999247550964355,True,,3389.7598834598075,6779519.766919615,True,True
2025-09-03,SZ002946,sell,2602449.117472947,2602449.117472947,2.4915573596954346,0.13475161790847778,18.489999588633363,2.4815287590026855,True,,9726.226877808916,6484151.25187261,True,True
2025-09-03,SZ300925,sell,4638576.270162208,4638576.270162208,1.3204610347747803,0.05538846552371979,23.840000301313648,1.3144689798355103,True,,9187.588832370195,6125059.22158013,True,True
2025-09-03,SZ002859,buy,2091629.1378125432,2091629.1378125432,3.020191192626953,0.09934839606285095,30.399999520035372,3.0242197513580322,True,,3158.559950131675,6317119.90026335,True,True
2025-09-03,SH600997,buy,1953558.136108114,1953558.136108114,3.2334814071655273,0.481889933347702,6.70999990537766,3.233944892883301,True,,3158.3969554612645,6316793.910922529,True,True
2025-09-04,SH600305,sell,1216280.4291295377,1216280.4291295377,5.251440525054932,0.6451401710510254,8.139999275660646,5.2449750900268555,True,,9580.836503043087,6387224.335362057,True,True
2025-09-04,SZ000801,sell,1264737.5175292972,1264737.5175292972,4.851085186004639,0.3024367392063141,16.039999633428664,4.850982666015625,True,,9203.024153205983,6135349.435470656,True,True
2025-09-04,SH688696,buy,17170680.11253592,17170680.11253592,0.36344054341316223,0.0027197524905204773,133.63000665682296,0.36335164308547974,True,,3120.2606554368163,6240521.310873632,True,True
2025-09-04,SH600033,buy,1793315.2133922798,1793315.2133922798,3.486405611038208,0.9904561042785645,3.5200001251722925,3.4870057106018066,True,,3126.112111165513,6252224.222331026,True,True
2025-09-05,SH603043,sell,4868612.874163721,4868612.874163721,1.492106556892395,0.08449074625968933,17.659999738980662,1.4683877229690552,True,,10896.733788765625,7264489.192510417,True,True
2025-09-05,SH603888,sell,3554945.4361946792,3554945.4361946792,1.7653021812438965,0.08911167085170746,19.809999794320674,1.7634812593460083,True,,9413.329399076254,6275552.932717502,True,True
2025-09-05,SH688776,buy,8713869.663012229,8713869.663012229,0.7725284099578857,0.010316886007785797,74.87999861342708,0.7716535329818726,True,,3365.8559376735475,6731711.875347095,True,True
2025-09-05,SH600057,buy,3060939.071057311,3060939.071057311,2.2009315490722656,0.2986338436603546,7.370000406167803,2.194946765899658,True,,3368.4586856389947,6736917.371277989,True,True
2025-09-08,SH688696,sell,17170680.11253592,17170680.11253592,0.35496407747268677,0.0027198230382055044,130.50998998335066,0.3551442325115204,True,,9142.461938587383,6094974.625724922,True,True
2025-09-08,SZ002859,sell,2091629.1378125432,2091629.1378125432,3.1286494731903076,0.09935375303030014,31.489997889019413,3.113646984100342,True,,9815.961600190067,6543974.4001267105,True,True
2025-09-08,SH600395,buy,2248768.463616933,2248768.463616933,2.815056324005127,0.5351818203926086,5.259999904219478,2.8204081058502197,True,,3165.2049423640706,6330409.884728141,True,True
2025-09-08,SH600420,buy,777918.2373435977,777918.2373435977,8.137287139892578,0.7188416123390198,11.320000122718096,8.144011497497559,True,,3165.07203431198,6330144.06862396,True,True
2025-09-09,SH688776,sell,8713869.663012229,8713869.663012229,0.8872412443161011,0.010316758416593075,86.0000019860014,0.9012831449508667,True,,11596.956843928941,7731304.562619294,True,True
2025-09-09,SZ001311,sell,10314628.729823139,10314628.729823139,0.6226840019226074,0.02611929550766945,23.83999988589921,0.6276798844337463,True,,9634.13144374826,6422754.295832173,True,True
2025-09-09,SH688326,buy,6030602.7784315795,6030602.7784315795,1.1639835834503174,0.00999900046736002,116.40999390388443,1.170582890510559,True,,3509.7613162021153,7019522.632404231,True,True
2025-09-09,SZ001337,buy,2556938.3276092666,2556938.3276092666,2.7475030422210693,0.10086281597614288,27.239999355867052,2.692458391189575,True,,3512.5979169390566,7025195.833878113,True,True
2025-09-10,SZ001337,sell,2556938.3276092666,2556938.3276092666,2.768935203552246,0.10087195038795471,27.450001639731248,2.9098923206329346,True,,10619.994822943956,7079996.548629304,True,True
2025-09-10,SZ300079,sell,5361484.622993114,5361484.622993114,1.1786073446273804,0.20285840332508087,5.81000010504204,1.17447829246521,True,,9478.62773214967,6319085.154766446,True,True
2025-09-10,SZ000899,buy,2739084.465211462,2739084.465211462,2.4486284255981445,0.24486283957958221,10.00000012171027,2.4559485912323,True,,3353.5000408155393,6707000.081631078,True,True
2025-09-10,SZ301035,buy,2994488.8367198105,2994488.8367198105,2.239046573638916,0.028385479003190994,78.87999964302911,2.238891839981079,True,,3352.3999848287376,6704799.969657475,True,True
2025-09-11,SH603220,sell,2458616.1529543786,2458616.1529543786,2.752115488052368,0.12123856693506241,22.700000153634704,2.7814159393310547,True,,10149.593390582213,6766395.593721475,True,True
2025-09-11,SH688326,sell,6030602.7784315795,6030602.7784315795,1.1488851308822632,0.00999900046736002,114.8999977180316,1.1518847942352295,True,,10392.704793595958,6928469.862397305,True,True
2025-09-11,SH603530,buy,1755181.9322787984,1755181.9322787984,3.889394998550415,0.12374785542488098,31.42999921248256,3.8853800296783447,True,,3413.297914475606,6826595.828951212,True,True
2025-09-11,SH600477,buy,1112186.634588067,1112186.634588067,6.140250205993652,2.2574448585510254,2.720000084491483,6.162790775299072,True,,3414.5521060663827,6829104.212132765,True,True
2025-09-12,SH600894,sell,965851.1832104579,965851.1832104579,6.500391483306885,0.6379187107086182,10.189999719691661,6.4935808181762695,True,,9417.616208224708,6278410.805483138,True,True
2025-09-12,SH605577,sell,4243923.926038722,4243923.926038722,1.7763155698776245,0.12002132087945938,14.800000173815999,1.7879489660263062,True,,11307.822220798136,7538548.147198757,True,True
2025-09-12,SZ301219,buy,6970129.897261296,6970129.897261296,0.9887009263038635,0.013758710585534573,71.85999881001561,0.9771822094917297,True,,3445.6869429402486,6891373.885880497,True,True
2025-09-12,SH688097,buy,3774922.4635030893,3774922.4635030893,1.8253376483917236,0.04863676056265831,37.53000050322343,1.8199234008789062,True,,3445.2540461959106,6890508.092391822,True,True
2025-09-15,SH600787,sell,2085258.9813486307,2085258.9813486307,3.3575923442840576,0.5495240688323975,6.110000516297875,3.3577022552490234,True,,10502.174387438603,7001449.591625735,True,True
2025-09-15,SZ301219,sell,6970129.897261296,6970129.897261296,0.9906671047210693,0.013759265653789043,71.99999837551347,1.0116779804229736,True,,10357.61760727442,6905078.404849613,True,True
2025-09-15,SZ000058,buy,8253864.142616975,8253864.142616975,0.8406088352203369,0.08952170610427856,9.390000166453053,0.8459042906761169,True,,3469.13556149608,6938271.12299216,True,True
2025-09-15,SH600323,buy,845073.8561599089,845073.8561599089,8.210150718688965,0.30340543389320374,27.05999893719396,8.209932327270508,True,,3469.0918637482655,6938183.727496531,True,True
2025-09-16,SZ002034,sell,1019356.8253928727,1019356.8253928727,6.1853203773498535,0.35425660014152527,17.460000392028892,6.15293025970459,True,,9457.572815839789,6305048.543893192,True,True
2025-09-16,SZ301035,sell,2994488.8367198105,2994488.8367198105,2.1826181411743164,0.02838624268770218,76.88999791860076,2.182435989379883,True,,9803.73848785295,6535825.658568634,True,True
2025-09-16,SZ002859,buy,2013107.5890881182,2013107.5890881182,3.1950602531433105,0.09934888780117035,32.16000021598301,3.2000465393066406,True,,3216.0000215983014,6432000.043196603,True,True
2025-09-16,SZ301219,buy,6657528.0569540085,6657528.0569540085,0.9661471843719482,0.013758860528469086,70.21999985920702,0.9625982046127319,True,,3216.075993551681,6432151.987103363,True,True
2025-09-17,SZ000058,sell,8253864.142616974,8253864.142616974,0.853137195110321,0.08952121436595917,9.53000024801641,0.8529332280158997,True,,10562.51775518085,7041678.5034539,True,True
2025-09-17,SZ301219,sell,6657528.0569540085,6657528.0569540085,0.9357367753982544,0.013758811168372631,68.01000202322943,0.958992600440979,True,,9344.540754206326,6229693.83613755,True,True
2025-09-17,SH600657,buy,5968912.683276737,5968912.683276737,1.1082172393798828,0.25244128704071045,4.389999957499677,1.1081323623657227,True,,3307.425967980257,6614851.9359605145,True,True
2025-09-17,SZ300443,buy,2541051.435572733,2541051.435572733,2.602710008621216,0.09362266212701797,27.80000001591619,2.6120896339416504,True,,3306.810001893231,6613620.003786461,True,True
2025-09-18,SH600420,sell,777918.2373435977,777918.2373435977,7.97908353805542,0.7253711819648743,11.000000739541102,7.971344470977783,True,,9310.611902312085,6207074.60154139,True,True
2025-09-18,SZ300443,sell,2541051.435572733,2541051.435572733,2.882707357406616,0.0936247929930687,30.789999798664773,2.9369428157806396,True,,10987.661503311243,7325107.668874162,True,True
2025-09-18,SZ000552,buy,3466583.071685737,3466583.071685737,1.9461469650268555,0.7485180497169495,2.6000000477781224,1.939226508140564,True,,3373.240061987336,6746480.123974672,True,True
2025-09-18,SZ000517,buy,3842587.358427117,3842587.358427117,1.755755066871643,0.7873340845108032,2.2300000741903,1.7558088302612305,True,,3373.3211122276666,6746642.224455333,True,True
2025-09-19,SZ000028,sell,870967.6592523425,870967.6592523425,8.329455375671387,0.310221791267395,26.85000090303724,8.186579704284668,True,,10882.029377093024,7254686.251395349,True,True
2025-09-19,SZ000517,sell,3842587.358427117,3842587.358427117,1.7398972511291504,0.7872838377952576,2.209999961388298,1.7321350574493408,True,,10028.560773226447,6685707.182150965,True,True
2025-09-19,SZ002498,buy,10038704.961915888,10038704.961915888,0.6919169425964355,0.18956628441810608,3.6500000235819803,0.6938914060592651,True,,3472.975022438254,6945950.044876508,True,True
2025-09-19,SZ300926,buy,2612767.988906454,2612767.988906454,2.658106803894043,0.08557973802089691,31.060001647177103,2.656500816345215,True,,3472.5081841544,6945016.3683088,True,True
2025-09-22,SH600657,sell,5968912.683276737,5968912.683276737,1.042620301246643,0.25245043635368347,4.129999996458435,1.0551146268844604,True,,9334.96430992935,6223309.5399529,True,True
2025-09-22,SZ000950,sell,4801687.680044525,4801687.680044525,1.3438795804977417,0.2574481964111328,5.219999981478326,1.3430051803588867,True,,9679.335037709117,6452890.025139411,True,True
2025-09-22,SH600718,buy,3665812.1148254466,3665812.1148254466,1.734033226966858,0.15210817754268646,11.400000019592847,1.718833327293396,True,,3178.3200054624854,6356640.010924971,True,True
2025-09-22,SH600508,buy,1675019.4185769616,1675019.4185769616,3.794499158859253,0.309250146150589,12.269999565372965,3.797619104385376,True,,3177.9298874315978,6355859.774863196,True,True
2025-09-23,SH600718,sell,3665812.1148254466,3665812.1148254466,1.6731709241867065,0.15210644900798798,10.999999902034652,1.694485068321228,True,,9200.295366085977,6133530.244057318,True,True
2025-09-23,SZ002859,sell,2013107.5890881182,2013107.5890881182,3.1045942306518555,0.09934701770544052,31.249999268793744,3.1166744232177734,True,,9374.823310146658,6249882.206764438,True,True
2025-09-23,SZ002338,buy,1709847.321204568,1709847.321204568,3.618035316467285,0.06298808008432388,57.43999994322293,3.6380770206451416,True,,3093.1439969425546,6186287.993885109,True,True
2025-09-23,SH600116,buy,1659261.5121179798,1659261.5121179798,3.729654312133789,0.56000816822052,6.659999842475736,3.7296390533447266,True,,3094.2359268142272,6188471.853628455,True,True
2025-09-24,SH600477,sell,1112186.634588067,1112186.634588067,5.982077121734619,2.257387638092041,2.6499999471914846,5.982059955596924,True,,9979.779332802444,6653186.221868296,True,True
2025-09-24,SZ000899,sell,2739084.465211462,2739084.465211462,2.2651987075805664,0.2448863536119461,9.24999974139051,2.2745981216430664,True,,9306.855885826517,6204570.590551011,True,True
2025-09-24,SZ002174,buy,3084378.479565264,3084378.479565264,2.0768747329711914,0.18428348004817963,11.269999526969032,2.089411735534668,True,,3202.933865564599,6405867.731129197,True,True
2025-09-24,SH688116,buy,3886994.363338361,3886994.363338361,1.647363305091858,0.02935430034995079,56.11999895935587,1.6658883094787598,True,,3201.6459406312524,6403291.8812625045,True,True
2025-09-25,SH688116,sell,3886994.363338361,3886994.363338361,1.7475690841674805,0.029356108978390694,59.52999716188145,1.740416407585144,True,,10189.186769555068,6792791.179703378,True,True
2025-09-25,SZ002338,sell,1709847.321204568,1709847.321204568,3.650005340576172,0.06298542767763138,57.94999693036034,3.69038462638855,True,,9361.427780949802,6240951.853966534,True,True
2025-09-25,SH605368,buy,7360464.981445617,7360464.981445617,0.8830083608627319,0.08691027015447617,10.160000185170913,0.8848653435707092,True,,3249.6760592269165,6499352.118453833,True,True
2025-09-25,SZ000682,buy,4700022.14451871,4700022.14451871,1.3828409910202026,0.11325478553771973,12.21000052628809,1.3828293085098267,True,,3249.6916400715754,6499383.280143151,True,True
2025-09-26,SZ002174,sell,3084378.479565264,3084378.479565264,2.1671643257141113,0.18428269028663635,11.759999391930235,2.175882339477539,True,,10026.532511871257,6684355.007914172,True,True
2025-09-26,SZ300926,sell,2612767.988906454,2612767.988906454,2.814629077911377,0.08557704836130142,32.88999950112994,2.8282504081726074,True,,11030.959133118204,7353972.755412135,True,True
2025-09-26,SH688166,buy,3158895.1507476643,3158895.1507476643,2.209535598754883,0.033271126449108124,66.41000274320776,2.20973539352417,True,,3489.845644155568,6979691.288311136,True,True
2025-09-26,SZ002338,buy,1943223.2017415406,1943223.2017415406,3.5909533500671387,0.06298813223838806,57.00999890704229,3.6430768966674805,True,,3489.011933110988,6978023.8662219765,True,True
2025-09-29,SH603530,sell,1755181.9322787984,1755181.9322787984,3.9802615642547607,0.12372587621212006,32.1700010225093,4.004678249359131,True,,10479.124774985556,6986083.183323704,True,True
2025-09-29,SZ000552,sell,3466583.071685737,3466583.071685737,1.894227385520935,0.7487064599990845,2.5300000557271156,1.8867403268814087,True,,9849.744882855608,6566496.588570406,True,True
2025-09-29,SH688116,buy,3811918.0437419857,3811918.0437419857,1.7762892246246338,0.029355300590395927,60.50999951967027,1.7524809837341309,True,,3385.5344731255514,6771068.946251103,True,True
2025-09-29,SH600750,buy,434979.5850086279,434979.5850086279,15.575340270996094,0.7115276455879211,21.890000153299034,15.511012077331543,True,,3387.4775237230256,6774955.047446051,True,True
2025-09-30,SH688116,sell,3811918.0437419857,3811918.0437419857,1.9932239055633545,0.029355285689234734,67.90000024746195,2.004086494445801,True,,11397.009256252235,7598006.170834823,True,True
2025-09-30,SZ001323,sell,9158558.439550903,9158558.439550903,0.633978009223938,0.023045366629958153,27.509998838542636,0.6339635848999023,True,,8709.486970301366,5806324.646867577,True,True
2025-09-30,SH601163,buy,12305954.438255616,12305954.438255616,0.5440528392791748,0.03928179666399956,13.849998866721412,0.5443675518035889,True,,3347.5447260865653,6695089.452173131,True,True
2025-09-30,SH600064,buy,1059353.1706226037,1059353.1706226037,6.319725513458252,0.7909543514251709,7.990000310474474,6.327590465545654,True,,3347.410630073281,6694821.260146562,True,True
2025-10-09,SH605368,sell,7360464.981445617,7360464.981445617,0.8727223873138428,0.09043755382299423,9.649999921735482,0.8718662858009338,True,,9635.463855520738,6423642.570347158,True,True
2025-10-09,SZ000682,sell,4700022.14451871,4700022.14451871,1.361314058303833,0.11325407773256302,12.020000388139891,1.3624608516693115,True,,9597.309329508975,6398206.219672649,True,True
2025-10-09,SH605111,buy,1290484.1109769968,1290484.1109769968,4.9675774574279785,0.1368478685617447,36.29999874778208,4.933379650115967,True,,3205.2898894291575,6410579.778858315,True,True
2025-10-09,SH600273,buy,2482580.7253452726,2482580.7253452726,2.583066940307617,0.3067775368690491,8.420000260352257,2.5838067531585693,True,,3206.3360991421396,6412672.198284279,True,True
2025-10-10,SH605111,sell,1290484.1109769968,1290484.1109769968,5.019736289978027,0.13685214519500732,36.67999710801142,5.093477725982666,True,,9716.834885266895,6477889.923511263,True,True
2025-10-10,SH688097,sell,3774922.4635030893,3774922.4635030893,1.6824272871017456,0.04862506687641144,34.59999944838965,1.6977969408035278,True,,9526.54883893641,6351032.559290941,True,True
2025-10-10,SZ001337,buy,2062064.5283569917,2062064.5283569917,3.104771852493286,0.10086978226900101,30.779999546478997,3.074436902999878,True,,3201.119952833816,6402239.905667632,True,True
2025-10-10,SH601126,buy,3033866.553109353,3033866.553109353,2.110694169998169,0.1022128015756607,20.64999821412561,2.0922532081604004,True,,3201.7822231001755,6403564.446200351,True,True
2025-10-13,SZ001337,sell,2062064.528356992,2062064.528356992,3.0586509704589844,0.1008789911866188,30.31999958049444,3.0381977558135986,True,,9460.703506212243,6307135.670808162,True,True
2025-10-13,SZ002338,sell,1943223.2017415406,1943223.2017415406,3.892652988433838,0.06298790872097015,61.800003643205294,3.6621153354644775,True,,11346.440405179768,7564293.603453179,True,True
2025-10-13,SZ000686,buy,874019.5171925961,874019.5171925961,7.890682220458984,0.9164555072784424,8.610000330394213,8.092277526855469,True,,3448.305132322882,6896610.264645764,True,True
2025-10-13,SH600649,buy,4258292.022776834,4258292.022776834,1.6196633577346802,0.34098178148269653,4.749999694094717,1.6536016464233398,True,,3448.499777912765,6896999.55582553,True,True
2025-10-14,SH601126,sell,3033866.553109353,3033866.553109353,2.4446587562561035,0.10220145434141159,23.919999690900077,2.385406732559204,True,,11125.152651556955,7416768.434371303,True,True
2025-10-14,SZ002498,sell,10038704.961915888,10038704.961915888,0.7108907699584961,0.1895708590745926,3.7500002554652867,0.7072398066520691,True,,10704.63404964384,7136422.69976256,True,True
2025-10-14,SH603300,buy,2025197.1046686114,2025197.1046686114,3.576673984527588,0.47373166680336,7.5499997892524675,3.8614864349365234,True,,3621.7348989044085,7243469.797808817,True,True
2025-10-14,SH688658,buy,9496373.509840313,9496373.509840313,0.7628055810928345,0.03526609390974045,21.629999144366497,0.7632743120193481,True,,3621.94335672417,7243886.71344834,True,True
2025-10-15,SH600057,sell,3060939.071057311,3060939.071057311,2.281557083129883,0.2986331284046173,7.639999940122539,2.2753825187683105,True,,10475.560827899717,6983707.218599811,True,True
2025-10-15,SH600508,sell,1675019.4185769616,1675019.4185769616,3.931368350982666,0.3115188777446747,12.620000365450956,3.950000047683716,True,,9877.677494212281,6585118.329474853,True,True
2025-10-15,SH600618,buy,3146079.343302276,3146079.343302276,2.1596150398254395,0.1942099779844284,11.120000435809716,2.1595919132232666,True,,3397.160133139869,6794320.266279737,True,True
2025-10-15,SH600623,buy,3162629.2352962745,3162629.2352962745,2.1481950283050537,0.24055933952331543,8.93000052528348,2.150587320327759,True,,3396.9721998178356,6793944.399635671,True,True
2025-10-16,SH600997,sell,1953558.136108114,1953558.136108114,3.4554874897003174,0.48193687200546265,7.170000243644255,3.460550546646118,True,,10125.743549585786,6750495.699723857,True,True
2025-10-16,SH603599,sell,2530053.581766188,2530053.581766188,2.4396770000457764,0.2050148844718933,11.899999389460163,2.4461207389831543,True,,9258.770298477608,6172513.532318405,True,True
2025-10-16,SZ002063,buy,720667.2729510274,720667.2729510274,8.97250747680664,1.367760181427002,6.560000502021858,8.972768783569336,True,,3233.096247421473,6466192.494842946,True,True
2025-10-16,SZ301175,buy,9055430.850969145,9055430.850969145,0.7140448689460754,0.13125824928283691,5.43999994550775,0.7135741114616394,True,,3232.991967615256,6465983.935230511,True,True
2025-10-17,SH688658,sell,9496373.509840313,9496373.509840313,0.7816906571388245,0.035274848341941833,22.160000506916237,0.7765486836433411,True,,11134.8396740142,7423226.449342799,True,True
2025-10-17,SZ000686,sell,874019.5171925961,874019.5171925961,7.89923620223999,0.9163846969604492,8.620000124883052,7.890052318572998,True,,10356.12991750811,6904086.611672073,True,True
2025-10-17,SZ301551,buy,7976449.704721265,7976449.704721265,0.8919915556907654,0.02558782510459423,34.85999892701356,0.8917957544326782,True,,3557.4628905017335,7114925.781003467,True,True
2025-10-17,SH600993,buy,455815.81931522454,455815.81931522454,15.610818862915039,0.5416661500930786,28.820000770276145,15.713482856750488,True,,3557.8290950905903,7115658.190181181,True,True
2025-10-20,SH601163,sell,12305954.438255616,12305954.438255616,0.5573423504829407,0.03927712142467499,14.189999935504504,0.5550661087036133,True,,10287.944357330041,6858629.571553361,True,True
2025-10-20,SZ301551,sell,7976449.704721265,7976449.704721265,0.9031922817230225,0.025586184114217758,35.29999931569068,0.8999238014221191,True,,10806.401713284193,7204267.808856128,True,True
2025-10-20,SZ002488,buy,2915886.3803775385,2915886.3803775385,2.4082112312316895,0.2432536482810974,9.900000465558588,2.3960630893707275,True,,3511.0351651103533,7022070.330220707,True,True
2025-10-20,SH600057,buy,3014986.19057205,3014986.19057205,2.3291449546813965,0.29860833287239075,7.7999998602743235,2.3173389434814453,True,,3511.169937102487,7022339.874204974,True,True
2025-10-21,SH600057,sell,3014986.19057205,3014986.19057205,2.2514920234680176,0.29860636591911316,7.540000081839864,2.251506805419922,True,,10182.326038408793,6788217.358939195,True,True
2025-10-21,SZ002063,sell,720667.2729510274,720667.2729510274,8.521132469177246,1.36775803565979,6.229999932017766,8.521180152893066,True,,9211.35194852463,6140901.299016421,True,True
2025-10-21,SH600908,buy,5129245.486555572,5129245.486555572,1.2634121179580688,0.20476695895195007,6.169999908308141,1.2608696222305298,True,,3240.1754518480197,6480350.90369604,True,True
2025-10-21,SZ002839,buy,5694628.420587269,5694628.420587269,1.1379811763763428,0.25515273213386536,4.459999964959432,1.1351351737976074,True,,3240.189974543028,6480379.949086055,True,True
2025-10-22,SH600649,sell,4258292.022776834,4258292.022776834,1.6160781383514404,0.340944766998291,4.739999832170883,1.6194915771484375,True,,10322.598967088963,6881732.644725975,True,True
2025-10-22,SH600993,sell,455815.81931522454,455815.81931522454,15.183001518249512,0.5416697263717651,28.029998316407543,15.269662857055664,True,,10380.978415057798,6920652.276705199,True,True
2025-10-22,SH601963,buy,8325732.794715275,8325732.794715275,0.8247854709625244,0.08054546266794205,10.239999171186062,0.8294872045516968,True,,3433.4717220986863,6866943.4441973725,True,True
2025-10-22,SZ000735,buy,2439641.81572212,2439641.81572212,2.8146097660064697,0.41391322016716003,6.799999683193935,2.8267881870269775,True,,3433.3198400446176,6866639.680089235,True,True
2025-10-23,SH600623,sell,3162629.2352962745,3162629.2352962745,1.9245187044143677,0.24056483805179596,8.0,1.938913345336914,True,,9129.808677683082,6086539.118455389,True,True
2025-10-23,SZ000735,sell,2439641.81572212,2439641.81572212,2.7570016384124756,0.4139642119407654,6.659999968323296,2.756661891937256,True,,10089.144724628208,6726096.483085471,True,True
2025-10-23,SH600185,buy,2527479.3695512507,2527479.3695512507,2.5390632152557373,0.3478168845176697,7.299999880042479,2.392857074737549,True,,3208.7149472726715,6417429.894545343,True,True
2025-10-23,SH600780,buy,1406268.2869793382,1406268.2869793382,4.563368320465088,0.7580345869064331,6.020000141534915,4.55555534362793,True,,3208.6600754381093,6417320.150876218,True,True
2025-10-24,SH600185,sell,2527479.3695512507,2527479.3695512507,2.3443264961242676,0.3478229343891144,6.739999765230078,2.344285726547241,True,,8887.855281669685,5925236.854446457,True,True
2025-10-24,SH600874,sell,3409034.7704473855,3409034.7704473855,2.077561140060425,0.31864434480667114,6.520000037411394,2.0764119625091553,True,,10623.717246294447,7082478.164196298,True,True
2025-10-24,SH603323,buy,5876694.919602568,5876694.919602568,1.1038904190063477,0.20788896083831787,5.310000177762588,1.107723593711853,True,,3243.6136085862768,6487227.217172554,True,True
2025-10-24,SH600020,buy,2386508.576286052,2386508.576286052,2.718226194381714,0.6094677448272705,4.460000086062122,2.724409341812134,True,,3243.5350625886786,6487070.125177357,True,True
2025-10-27,SH603323,sell,5876694.919602568,5876694.919602568,1.0935423374176025,0.20789779722690582,5.259999634455376,1.0934959650039673,True,,9639.622048008514,6426414.698672342,True,True
2025-10-27,SZ000930,sell,3684702.769841605,3684702.769841605,1.965968370437622,0.327661395072937,6.0,1.9592152833938599,True,,10866.013649958739,7244009.099972492,True,True
2025-10-27,SH601163,buy,12152872.348722603,12152872.348722603,0.5599393844604492,0.039266437292099,14.259999711588744,0.5588420629501343,True,,3402.4359311850744,6804871.862370148,True,True
2025-10-27,SZ000901,buy,1076584.4786927428,1076584.4786927428,6.319685935974121,0.33922094106674194,18.629999421912807,6.316580295562744,True,,3401.837894441279,6803675.788882557,True,True
2025-10-28,SH601963,sell,8325732.794715275,8325732.794715275,0.8459195494651794,0.08056376874446869,10.499999722558389,0.8416666388511658,True,,10564.350202009524,7042900.134673015,True,True
2025-10-28,SZ000901,sell,1076584.4786927428,1076584.4786927428,6.3810014724731445,0.33923453092575073,18.80999984010995,6.536787509918213,True,,10304.530715670187,6869687.143780124,True,True
2025-10-28,SH600269,buy,1656320.8012496594,1656320.8012496594,4.187661170959473,0.7901247143745422,5.3000002338547265,4.092696666717529,True,,3468.0551530228404,6936110.30604568,True,True
2025-10-28,SH600195,buy,1503478.3625120795,1503478.3625120795,4.613130569458008,0.6077905893325806,7.589999994115936,4.516099452972412,True,,3467.870997311571,6935741.994623142,True,True
2025-10-29,SH600033,sell,1793315.2133922798,1793315.2133922798,3.6643402576446533,0.9903622269630432,3.7000000180554076,3.694915294647217,True,,9856.975696619915,6571317.131079943,True,True
2025-10-29,SH600269,sell,1656320.8012496594,1656320.8012496594,4.298497200012207,0.7901648879051208,5.44000026552477,4.306180000305176,True,,10679.535489740454,7119690.326493636,True,True
2025-10-29,SZ000735,buy,2429266.1080721966,2429266.1080721966,2.8145947456359863,0.41391101479530334,6.7999996255908375,2.8267881870269775,True,,3418.699811765793,6837399.6235315865,True,True
2025-10-29,SH600017,buy,3775152.2772262827,3775152.2772262827,1.811145544052124,0.5572755336761475,3.2500001069572253,1.8108527660369873,True,,3418.6751125083056,6837350.225016611,True,True
2025-10-30,SH600116,sell,1659261.5121179798,1659261.5121179798,3.7912020683288574,0.5600003004074097,6.770000061733349,3.7858941555023193,True,,9435.89351496023,6290595.676640153,True,True
2025-10-30,SH600195,sell,1503478.3625120795,1503478.3625120795,4.66756010055542,0.6077552437782288,7.6799997175485055,4.6798529624938965,True,,10526.363425364669,7017575.61690978,True,True
2025-10-30,SH600201,buy,563842.8914230543,563842.8914230543,11.794907569885254,1.0951632261276245,10.769999657120279,11.861035346984863,True,,3325.237394135886,6650474.788271772,True,True
2025-10-30,SH605368,buy,7512749.975395347,7512749.975395347,0.8852080702781677,0.09041962027549744,9.78999986486393,0.8871866464614868,True,,3325.1734541010337,6650346.908202067,True,True
2025-10-31,SH600780,sell,1406268.2869793382,1406268.2869793382,4.6618733406066895,0.7580282092094421,6.149999807353634,4.661587238311768,True,,9833.76695521442,6555844.636809614,True,True
2025-10-31,SZ301175,sell,9055430.850969145,9055430.850969145,0.7185553908348083,0.13136295974254608,5.4700000079404525,0.7173100709915161,True,,9760.242981443573,6506828.6542957155,True,True
2025-10-31,SH603169,buy,1049298.657221309,1049298.657221309,6.218391418457031,0.6722585558891296,9.249999667512721,6.2272725105285645,True,,3262.4748827317367,6524949.765463473,True,True
2025-10-31,SZ002557,buy,3035273.216541486,3035273.216541486,2.1493592262268066,0.09738826751708984,22.070001664724487,2.1504054069519043,True,,3261.946246046279,6523892.492092558,True,True
2025-11-03,SH600064,sell,1059353.1706226037,1059353.1706226037,7.2767205238342285,0.7909479141235352,9.199999638279222,7.292640686035156,True,,11562.925437987546,7708616.958658364,True,True
2025-11-03,SH603169,sell,1049298.657221309,1049298.657221309,6.287483215332031,0.6724581122398376,9.349999800566833,5.855371952056885,True,,9896.171542724127,6597447.695149418,True,True
2025-11-03,SZ000915,buy,819200.676655948,819200.676655948,8.67554759979248,0.2525632679462433,34.34999740991245,8.629911422729492,True,,3553.5072320554427,7107014.464110886,True,True
2025-11-03,SZ301039,buy,10327611.245902346,10327611.245902346,0.6882731914520264,0.07154607027769089,9.61999993543517,0.6873822808265686,True,,3554.1089761465228,7108217.952293046,True,True
2025-11-04,SH600395,sell,2248768.463616933,2248768.463616933,2.7400455474853516,0.5351651310920715,5.120000142561503,2.7453060150146484,True,,9242.592024088579,6161728.016059052,True,True
2025-11-04,SZ000735,sell,2429266.1080721966,2429266.1080721966,3.3361611366271973,0.4139157831668854,8.059999817117632,3.335904598236084,True,,12156.6347704141,8104423.180276067,True,True
2025-11-04,SZ002096,buy,1618226.7074674894,1618226.7074674894,4.3992600440979,0.31423285603523254,14.000000189683044,4.411620616912842,True,,3559.500048226914,7119000.096453828,True,True
2025-11-04,SH601038,buy,4264665.0834556315,4264665.0834556315,1.6692354679107666,0.12732535600662231,13.110000397909337,1.6685456037521362,True,,3559.365108032385,7118730.21606477,True,True
2025-11-05,SH603300,sell,2025197.1046686114,2025197.1046686114,3.638701915740967,0.4737893044948578,7.680000120771951,3.690878391265869,True,,11053.632876766103,7369088.584510735,True,True
2025-11-05,SH688166,sell,3158895.1507476643,3158895.1507476643,1.8309202194213867,0.03327131271362305,55.02999641705482,1.8533159494400024,True,,8675.527503804102,5783685.002536068,True,True
2025-11-05,SZ000690,buy,853356.4696501191,853356.4696501191,7.723917484283447,1.6329635381698608,4.7299999686092224,7.772875785827637,True,,3295.6274781284756,6591254.956256951,True,True
2025-11-05,SZ000791,buy,2852118.5034037437,2852118.5034037437,2.3109569549560547,0.333471417427063,6.930000096519541,2.3243463039398193,True,,3295.5615458998677,6591123.091799735,True,True
2025-11-06,SZ002488,sell,2915886.3803775385,2915886.3803775385,2.4301869869232178,0.24326196312904358,9.989999898315679,2.4303150177001953,True,,10629.223705410208,7086149.136940138,True,True
2025-11-06,SZ301039,sell,10327611.245902346,10327611.245902346,0.6988145709037781,0.07152657210826874,9.769999460424199,0.6974262595176697,True,,10825.627831899421,7217085.221266281,True,True
2025-11-06,SH603638,buy,751437.7236315144,751437.7236315144,9.46055793762207,0.49531716108322144,19.100000324908066,9.459915161132812,True,,3554.5100604653912,7109020.1209307825,True,True
2025-11-06,SH600461,buy,1370334.139376549,1370334.139376549,5.188544750213623,0.5531497597694397,9.380000006465298,5.176753044128418,True,,3555.0200024503483,7110040.004900697,True,True
2025-11-07,SH600201,sell,563842.8914230543,563842.8914230543,11.302084922790527,1.0951632261276245,10.32000039186254,11.335149765014648,True,,9558.900362962679,6372600.241975118,True,True
2025-11-07,SH600273,sell,2482580.7253452726,2482580.7253452726,2.6906862258911133,0.30680572986602783,8.769999918404553,2.684659004211426,True,,10019.768643523941,6679845.762349294,True,True
2025-11-07,SH603915,buy,3476004.0014353245,3476004.0014353245,1.8820395469665527,0.10267537087202072,18.329999989115333,1.8838926553726196,True,,3270.988498057631,6541976.996115263,True,True
2025-11-07,SH601801,buy,6058135.729164191,6058135.729164191,1.080126404762268,0.15608762204647064,6.920000385685235,1.0765739679336548,True,,3271.7761823519795,6543552.364703959,True,True
2025-11-10,SH600618,sell,3146079.343302276,3146079.343302276,2.6606600284576416,0.1942087709903717,13.699999309452142,2.4276325702667236,True,,12555.971332620948,8370647.555080632,True,True
2025-11-10,SH601801,sell,6058135.729164191,6058135.729164191,1.0737379789352417,0.15606656670570374,6.88,1.0692002773284912,True,,9757.275620922203,6504850.4139481345,True,True
2025-11-10,SH600773,buy,1705615.6027793956,1705615.6027793956,4.326385974884033,0.3346005976200104,12.93000074015797,4.300000190734863,True,,3689.575711204077,7379151.422408153,True,True
2025-11-10,SZ000990,buy,7761298.3661032505,7761298.3661032505,0.9508228898048401,0.12066280096769333,7.880000150662975,0.9472891688346863,True,,3689.8100705479383,7379620.141095877,True,True
2025-11-11,SH600773,sell,1705615.6027793956,1705615.6027793956,4.27650260925293,0.33462461829185486,12.77999996259398,4.282887935638428,True,,10941.104363502891,7294069.575668594,True,True
2025-11-11,SH603915,sell,3476004.0014353245,3476004.0014353245,1.8016202449798584,0.10265642404556274,17.550000029031132,1.8020133972167969,True,,9393.658770925316,6262439.180616877,True,True
2025-11-11,SH601801,buy,6339991.149466639,6339991.149466639,1.071894884109497,0.1560254544019699,6.870000079268885,1.0737379789352417,True,,3397.9020392063903,6795804.078412781,True,True
2025-11-11,SH600388,buy,963318.5448675862,963318.5448675862,7.054230690002441,0.4118056297302246,17.13000061369655,7.083150863647461,True,,3397.7356217267106,6795471.243453421,True,True
2025-11-12,SH600323,sell,845073.8561599089,845073.8561599089,9.313668251037598,0.30606862902641296,30.429999574487102,9.313769340515137,True,,11806.106315847686,7870737.543898458,True,True
2025-11-12,SZ000915,sell,819200.676655948,819200.676655948,8.968304634094238,0.2525571584701538,35.50999974983515,8.968314170837402,True,,11020.261837060012,7346841.224706675,True,True
2025-11-12,SH600746,buy,4383986.589636814,4383986.589636814,1.7231309413909912,0.2246585339307785,7.669999938314919,1.7300268411636353,True,,3777.091469623182,7554182.939246364,True,True
2025-11-12,SH603599,buy,2891958.027640478,2891958.027640478,2.6119141578674316,0.20501680672168732,12.740000196243107,2.6142241954803467,True,,3776.7730581762694,7553546.116352539,True,True
2025-11-13,SH600750,sell,434979.5850086279,434979.5850086279,15.970909118652344,0.7279356718063354,21.94000065832925,15.94184398651123,True,,10420.529130962861,6947019.4206419075,True,True
2025-11-13,SH601200,sell,16280568.444117263,16280568.444117263,0.48924708366394043,0.05695542320609093,8.589999970566796,0.48787981271743774,True,,11947.830947513321,7965220.631675547,True,True
2025-11-13,SH603866,buy,6156031.752607767,6156031.752607767,1.209700107574463,0.20929066836833954,5.780000212171239,1.212014079093933,True,,3723.4761366807124,7446952.273361425,True,True
2025-11-13,SH600572,buy,1307400.9902785625,1307400.9902785625,5.695952415466309,1.179286241531372,4.829999888805437,5.672366619110107,True,,3723.446914280111,7446893.828560222,True,True
2025-11-14,SH600388,sell,963318.5448675862,963318.5448675862,6.692138195037842,0.41182389855384827,16.249999620075005,6.716848850250244,True,,9669.991242144974,6446660.828096649,True,True
2025-11-14,SH603638,sell,751437.7236315144,751437.7236315144,9.168225288391113,0.49531203508377075,18.509999028875843,9.197257041931152,True,,10334.025510674253,6889350.340449503,True,True
2025-11-14,SH688631,buy,3415118.932015698,3415118.932015698,1.9600605964660645,0.030247848480939865,64.8000004926354,1.970711350440979,True,,3346.920025444619,6693840.050889238,True,True
2025-11-14,SH600195,buy,1371631.01572873,1371631.01572873,4.880180835723877,0.6077436208724976,8.029999276204203,4.880404949188232,True,,3346.903698321912,6693807.396643824,True,True
2025-11-17,SZ002096,sell,1618226.7074674894,1618226.7074674894,4.424105167388916,0.31421202421188354,14.07999957508181,4.430581092834473,True,,10738.807707770507,7159205.138513671,True,True
2025-11-17,SZ002839,sell,5694628.420587269,5694628.420587269,1.1885946989059448,0.2550632357597351,4.660000079453156,1.1907789707183838,True,,10152.907729423741,6768605.152949161,True,True
2025-11-17,SH603883,buy,3444831.0883209878,3444831.0883209878,2.0135819911956787,0.11408396810293198,17.64999959835662,2.004655122756958,True,,3468.224921077076,6936449.842154152,True,True
2025-11-17,SZ003039,buy,3960386.8370648716,3960386.8370648716,1.7517846822738647,0.12380103766918182,14.149999993981812,1.7571090459823608,True,,3468.8724985246413,6937744.997049282,True,True
2025-11-18,SH603866,sell,6156031.752607767,6156031.752607767,1.1993328332901,0.20930764079093933,5.730000246326496,1.203432559967041,True,,11074.69650551834,7383131.003678893,True,True
2025-11-18,SH603883,sell,3444831.0883209878,3444831.0883209878,1.9568781852722168,0.11410368233919144,17.150000290569796,1.9576809406280518,True,,10111.672213024334,6741114.80868289,True,True
2025-11-18,SZ002254,buy,3088901.444284871,3088901.444284871,2.280133008956909,0.21551351249217987,10.580000217107715,2.2931323051452637,True,,3521.553072264303,7043106.144528606,True,True
2025-11-18,SH600662,buy,2242680.0117660505,2242680.0117660505,3.1405138969421387,0.5773003697395325,5.439999801765382,3.1462271213531494,True,,3521.5838716728204,7043167.743345641,True,True
2025-11-19,SH600746,sell,4383986.589636814,4383986.589636814,1.6874250173568726,0.22469040751457214,7.510000253337187,1.6895442008972168,True,,11096.472970665296,7397648.647110197,True,True
2025-11-19,SZ002254,sell,3088901.444284871,3088901.444284871,2.247917413711548,0.21552421152591705,10.429999477999404,2.2542712688446045,True,,10415.39301877007,6943595.345846713,True,True
2025-11-19,SH600929,buy,5367992.268783005,5367992.268783005,1.332005262374878,0.21449360251426697,6.20999995692776,1.3370786905288696,True,,3575.0969752033116,7150193.950406623,True,True
2025-11-19,SH600012,buy,672737.6772258831,672737.6772258831,10.628175735473633,0.6928406357765198,15.340000552308569,10.635104179382324,True,,3574.987128715512,7149974.257431024,True,True
2025-11-20,SH603599,sell,2891958.027640478,2891958.027640478,2.478607654571533,0.20501303672790527,12.090000197700396,2.474569082260132,True,,10752.043956013924,7168029.304009283,True,True
2025-11-20,SZ000791,sell,2852118.5034037437,2852118.5034037437,2.250462293624878,0.3334018290042877,6.7499998435699515,2.254085063934326,True,,9627.877723289916,6418585.148859943,True,True
2025-11-20,SZ000059,buy,3419572.1518979175,3419572.1518979175,1.9881744384765625,0.3695491552352905,5.379999954838754,1.9919191598892212,True,,3399.352971464866,6798705.942929733,True,True
2025-11-20,SZ000915,buy,773307.269548865,773307.269548865,8.788796424865723,0.2525516152381897,34.80000084963512,8.71863079071045,True,,3398.220082966869,6796440.165933738,True,True
2025-11-21,SH600929,sell,5367992.268783005,5367992.268783005,1.303728699684143,0.2144290655851364,6.079999911049902,1.307116150856018,True,,10497.6083707425,6998405.580495,True,True
2025-11-21,SH601163,sell,12152872.348722603,12152872.348722603,0.5819422602653503,0.03926735743880272,14.820000586295986,0.5821270942687988,True,,10608.405004997863,7072270.003331909,True,True
2025-11-21,SH601860,buy,8974784.234939285,8974784.234939285,0.7812210321426392,0.27315419912338257,2.8600000829193366,0.7876105904579163,True,,3505.645101638377,7011290.203276754,True,True
2025-11-21,SH601963,buy,7636741.325066478,7636741.325066478,0.9180617332458496,0.08053173124790192,11.39999996299307,0.9102563858032227,True,,3505.499988620368,7010999.977240737,True,True
2025-11-24,SH600195,sell,1371631.01572873,1371631.01572873,4.637308597564697,0.6077730655670166,7.630000176527008,4.612695693969727,True,,9541.014452887857,6360676.301925238,True,True
2025-11-24,SZ000915,sell,773307.269548865,773307.269548865,8.52382755279541,0.2525578439235687,33.750001268521146,8.508872032165527,True,,9887.306716436406,6591537.810957603,True,True
2025-11-24,SZ300085,buy,482161.41567300487,482161.41567300487,13.457825660705566,0.3552752137184143,37.88000159046286,13.344114303588867,True,,3244.4221362231438,6488844.272446288,True,True
2025-11-24,SH600750,buy,410607.69216282654,410607.69216282654,15.803695678710938,0.7279454469680786,21.71000003438987,15.752580642700195,True,,3244.5595051395667,6489119.010279133,True,True
2025-11-25,SZ000690,sell,853356.469650119,853356.469650119,7.070953845977783,1.6330147981643677,4.329999859110934,7.054574966430664,True,,9051.066316593799,6034044.211062532,True,True
2025-11-25,SZ000990,sell,7761298.3661032505,7761298.3661032505,0.8951008915901184,0.12063354253768921,7.420000049409678,0.8904367685317993,True,,10420.717631093923,6947145.087395948,True,True
2025-11-25,SH603008,buy,2332870.474901337,2332870.474901337,2.7772653102874756,0.14617185294628143,19.000000713599274,2.7716739177703857,True,,3239.5001216686765,6479000.243337353,True,True
2025-11-25,SH603279,buy,4128898.512485447,4128898.512485447,1.5691109895706177,0.092300646007061,17.000000080720785,1.5591397285461426,True,,3239.3500153813457,6478700.030762691,True,True
2025-11-26,SH603008,sell,2332870.474901337,2332870.474901337,2.9453814029693604,0.1482325941324234,19.869998364449504,2.9716737270355225,True,,10306.789968466048,6871193.312310698,True,True
2025-11-26,SZ002557,sell,3035273.216541486,3035273.216541486,2.1142961978912354,0.0973881259560585,21.709999829396093,2.113523483276367,True,,9626.199931942147,6417466.621294764,True,True
2025-11-26,SH603323,buy,6125947.607021201,6125947.607021201,1.0813478231430054,0.20795150101184845,5.200000085988288,1.0792683362960815,True,,3312.1400547702397,6624280.109540479,True,True
2025-11-26,SH605599,buy,5343229.576169958,5343229.576169958,1.2396516799926758,0.08144886791706085,15.219998898634287,1.2395833730697632,True,,3311.8717603428213,6623743.520685642,True,True
2025-11-27,SH688631,sell,3415118.932015698,3415118.932015698,2.0172512531280518,0.030248181894421577,66.69000008559446,2.0146443843841553,True,,10333.729417785,6889152.94519,True,True
2025-11-27,SZ000059,sell,3419572.1518979175,3419572.1518979175,1.8690335750579834,0.36937421560287476,5.060000119411251,1.8666666746139526,True,,9586.94274634573,6391295.164230486,True,True
2025-11-27,SZ002839,buy,5736903.081324682,5736903.081324682,1.155141830444336,0.25499820709228516,4.529999813003721,1.1573927402496338,True,,3313.468363221572,6626936.726443144,True,True
2025-11-27,SZ000915,buy,759800.024260377,759800.024260377,8.718594551086426,0.25256645679473877,34.520001831328074,8.711026191711426,True,,3312.194175715929,6624388.351431858,True,True
2025-11-28,SH601860,sell,8974784.234939285,8974784.234939285,0.7566371560096741,0.27315419912338257,2.7700000894656003,0.7566371560096741,True,,10185.982828987379,6790655.219324918,True,True
2025-11-28,SH603279,sell,4128898.512485447,4128898.512485447,1.536920428276062,0.09230753034353256,16.650000520610234,1.5366103649139404,True,,9518.682705176292,6345788.470117528,True,True
2025-11-28,SH603638,buy,665832.6002542332,665832.6002542332,9.851908683776855,0.4953196942806244,19.889999928400254,9.856539726257324,True,,3279.860988193202,6559721.976386404,True,True
2025-11-28,SZ000597,buy,2114767.0899997666,2114767.0899997666,3.1018311977386475,0.54899662733078,5.650000461423127,3.107642650604248,True,,3279.825267856125,6559650.53571225,True,True
2025-12-01,SH600017,sell,3775152.2772262827,3775152.2772262827,1.687005877494812,0.5623353123664856,2.999999894005154,1.6930232048034668,True,,9553.056120177995,6368704.080118663,True,True
2025-12-01,SH600662,sell,2242680.0117660505,2242680.0117660505,3.0135080814361572,0.5773004293441772,5.2199997232975415,3.007719039916992,True,,10137.501509298494,6758334.33953233,True,True
2025-12-01,SZ300406,buy,2189146.9001912773,2189146.9001912773,2.9921984672546387,0.22447100281715393,13.329999998672331,2.9922404289245605,True,,3275.1809996737916,6550361.999347583,True,True
2025-12-01,SH603043,buy,4392225.247451892,4392225.247451892,1.491252064704895,0.08449020236730576,17.649999916226363,1.4789252281188965,True,,3274.957484455801,6549914.968911602,True,True
2025-12-02,SH600750,sell,410607.69216282654,410607.69216282654,16.487823486328125,0.7279391884803772,22.65000119137367,16.502408981323242,True,,10155.04072576386,6770027.15050924,True,True
2025-12-02,SZ300406,sell,2189146.9001912773,2189146.9001912773,3.118182897567749,0.2244912087917328,13.890000033188741,3.124636173248291,True,,10239.24063665984,6826160.424439893,True,True
2025-12-02,SZ002043,buy,326247.5773174847,326247.5773174847,20.759538650512695,1.545758605003357,13.430000378660425,20.85141944885254,True,,3386.374595479226,6772749.190958452,True,True
2025-12-02,SH605507,buy,11855456.142976288,11855456.142976288,0.5713619589805603,0.023541903123259544,24.269998733282154,0.574200451374054,True,,3386.878323229525,6773756.64645905,True,True
2025-12-03,SH605368,sell,7512749.975395347,7512749.975395347,0.8592594265937805,0.09044835716485977,9.500000370682384,0.860260009765625,True,,9683.101854000968,6455401.236000645,True,True
2025-12-03,SZ300085,sell,482161.41567300487,482161.41567300487,13.720709800720215,0.3552747368812561,38.61999848670947,13.763259887695312,True,,9923.395292330597,6615596.861553731,True,True
2025-12-03,SZ300779,buy,732321.4592726828,732321.4592726828,8.910561561584473,0.07305534929037094,121.97000833118909,8.956055641174316,True,,3262.697722859308,6525395.445718616,True,True
2025-12-03,SZ000719,buy,1417822.8894905243,1417822.8894905243,4.608816623687744,0.371978759765625,12.389999435966855,4.601598739624023,True,,3267.24285126446,6534485.70252892,True,True
2025-12-04,SZ000915,sell,759800.024260377,759800.024260377,8.485956192016602,0.25255823135375977,33.59999848957714,8.508872032165527,True,,9671.444580850066,6447629.72056671,True,True
2025-12-04,SZ002839,sell,5736903.081324682,5736903.081324682,1.2184367179870605,0.25490307807922363,4.780000018706606,1.2241653203964233,True,,10485.08004272865,6990053.3618191,True,True
2025-12-04,SH600335,buy,3354665.476985108,3354665.476985108,1.9979413747787476,0.3146364390850067,6.349999957376059,1.9945265054702759,True,,3351.2124775052152,6702424.95501043,True,True
2025-12-04,SH603317,buy,3663751.0960440845,3663751.0960440845,1.8290895223617554,0.1403752565383911,13.029999498960981,1.8276573419570923,True,,3350.6643711578163,6701328.742315632,True,True
2025-12-05,SH601038,sell,4264665.0834556315,4264665.0834556315,1.6226332187652588,0.12736524641513824,12.739999838546204,1.6257046461105347,True,,10379.980846985132,6919987.231323422,True,True
2025-12-05,SH603317,sell,3663751.0960440845,3663751.0960440845,1.7827435731887817,0.14037349820137024,12.70000104030591,1.7827657461166382,True,,9797.29308035392,6531528.720235947,True,True
2025-12-05,SH600750,buy,397012.4205390184,397012.4205390184,16.902694702148438,0.7279369235038757,23.21999909111417,16.880935668945312,True,,3355.289868665997,6710579.737331994,True,True
2025-12-05,SZ000048,buy,6765981.365776802,6765981.365776802,0.9919979572296143,0.07848085463047028,12.63999942279515,0.9998460412025452,True,,3355.919846752112,6711839.693504224,True,True
2025-12-08,SH603638,sell,665832.6002542332,665832.6002542332,10.22866153717041,0.4977450966835022,20.549999598839726,10.17827033996582,True,,10215.864462621954,6810576.308414636,True,True
2025-12-08,SZ003039,sell,3960386.8370648716,3960386.8370648716,1.8141332864761353,0.1238316223025322,14.650000159442623,1.7914692163467407,True,,10777.004382661982,7184669.588441322,True,True
2025-12-08,SZ002233,buy,3458829.190095968,3458829.190095968,2.01548433303833,0.21695202589035034,9.29000005769467,2.0281689167022705,True,,3485.60802164704,6971216.04329408,True,True
2025-12-08,SZ002390,buy,8481481.00799691,8481481.00799691,0.8219133019447327,0.20860743522644043,3.940000034287164,0.8198403716087341,True,,3485.5210303321396,6971042.060664279,True,True
2025-12-09,SZ000048,sell,6765981.365776802,6765981.365776802,1.0673456192016602,0.07848130166530609,13.599998936733963,1.0477253198623657,True,,10832.460855542904,7221640.5703619355,True,True
2025-12-09,SZ000719,sell,1417822.8894905243,1417822.8894905243,4.441206455230713,0.371960312128067,11.940000882947944,4.4450364112854,True,,9445.266253768767,6296844.169179178,True,True
2025-12-09,SH688003,buy,5286847.226550092,5286847.226550092,1.2775146961212158,0.022792411968111992,56.050000232908154,1.2694092988967896,True,,3377.012514032717,6754025.028065434,True,True
2025-12-09,SZ002833,buy,1524359.2689659654,1524359.2689659654,4.432036399841309,0.2697526812553406,16.429999432131922,4.440247058868408,True,,3378.007883246323,6756015.766492646,True,True
2025-12-10,SH603043,sell,4392225.247451892,4392225.247451892,1.469441533088684,0.08449922502040863,17.3900001181523,1.469441533088684,True,,9681.1773019298,6454118.201286533,True,True
2025-12-10,SZ300779,sell,732321.4592726828,732321.4592726828,9.571259498596191,0.07305747270584106,131.0099999918414,9.630045890808105,True,,10513.858084634234,7009238.723089489,True,True
2025-12-10,SH688127,buy,6248711.5511276955,6248711.5511276955,1.075336217880249,0.02986215613782406,36.00999917478178,1.0867068767547607,True,,3359.7329230071405,6719465.846014281,True,True
2025-12-10,SZ000030,buy,2322769.7922512563,2322769.7922512563,2.8938796520233154,0.5112861394882202,5.660000200513922,2.8937199115753174,True,,3360.908119065167,6721816.238130334,True,True
2025-12-11,SH688003,sell,5286847.226550092,5286847.226550092,1.2307846546173096,0.022792307659983635,54.000001797895756,1.2455695867538452,True,,9760.455656615904,6506970.437743936,True,True
2025-12-11,SZ002390,sell,8481481.00799691,8481481.00799691,0.8116075992584229,0.2086394876241684,3.8899999635754847,0.8658304810523987,True,,10325.45165858442,6883634.43905628,True,True
2025-12-11,SZ002204,buy,5800888.41021888,5800888.41021888,1.1524109840393066,0.1587343066930771,7.259999479933263,1.1522436141967773,True,,3342.503760561274,6685007.521122548,True,True
2025-12-11,SH688439,buy,10598852.039906159,10598852.039906159,0.6305433511734009,0.010152042843401432,62.10999706164931,0.6272709369659424,True,,3341.5178419167332,6683035.683833466,True,True
2025-12-12,SH600020,sell,2386508.576286052,2386508.576286052,2.6515052318573,0.6095414757728577,4.349999691973986,2.6456692218780518,True,,9491.759963842174,6327839.975894783,True,True
2025-12-12,SZ002833,sell,1524359.2689659654,1524359.2689659654,4.28918981552124,0.2697603702545166,15.899999734855147,4.280906677246094,True,,9807.399377466334,6538266.251644222,True,True
2025-12-12,SZ002036,buy,598681.9491626576,598681.9491626576,10.746190071105957,0.963783860206604,11.150000030922206,10.756131172180176,True,,3216.7750089210563,6433550.017842112,True,True
2025-12-12,SH605123,buy,3355334.596383286,3355334.596383286,1.9157510995864868,0.024170465767383575,79.25999929102171,1.9150640964508057,True,,3213.992971250931,6427985.942501862,True,True
2025-12-15,SH600750,sell,397012.4205390184,397012.4205390184,17.67425537109375,0.727934718132019,24.28000056989771,17.747074127197266,True,,10525.348359154015,7016898.906102677,True,True
2025-12-15,SZ002233,sell,3458829.190095968,3458829.190095968,2.0432209968566895,0.21690243482589722,9.420000280295321,2.0740966796875,True,,10600.72863861735,7067152.4257449,True,True
2025-12-15,SZ002378,buy,5601203.715359904,5601203.715359904,1.2499313354492188,0.09497958421707153,13.160000075306261,1.2633510828018188,True,,3500.5600200314652,7001120.04006293,True,True
2025-12-15,SZ301061,buy,1803940.9092284169,1803940.9092284169,3.87900710105896,0.03448006510734558,112.49999351748852,3.834242582321167,True,,3498.7497983938933,6997499.596787786,True,True
2025-12-16,SH605123,sell,3355334.596383286,3355334.596383286,2.184135913848877,0.0241714920848608,90.35999541033112,2.243818759918213,True,,10992.760192410542,7328506.794940362,True,True
2025-12-16,SZ000597,sell,2114767.0899997666,2114767.0899997666,2.904090404510498,0.5489773750305176,5.290000165032412,2.8934338092803955,True,,9212.212220764368,6141474.813842911,True,True
2025-12-16,SZ300723,buy,1674826.8211567553,1674826.8211567553,4.022260665893555,0.11266836524009705,35.7000002380623,4.204887866973877,True,,3368.295022461178,6736590.0449223565,True,True
2025-12-16,SH600750,buy,381902.3781602097,381902.3781602097,17.637859344482422,0.727934718132019,24.230001544291778,17.703372955322266,True,,3367.970214656557,6735940.429313114,True,True
2025-12-17,SH605507,sell,11855456.142976288,11855456.142976288,0.5463482141494751,0.02354949153959751,23.20000044293155,0.5473347306251526,True,,9715.810937463779,6477207.291642519,True,True
2025-12-17,SH688127,sell,6248711.5511276955,6248711.5511276955,1.0353667736053467,0.029863478615880013,34.66999899518694,1.0447889566421509,True,,9704.562476822315,6469708.317881543,True,True
2025-12-17,SH601369,buy,4770509.301526473,4770509.301526473,1.3574965000152588,0.13243868947029114,10.249999493688547,1.3601453304290771,True,,3237.9748400562116,6475949.680112423,True,True
2025-12-17,SZ301611,buy,3741078.0630793963,3741078.0630793963,1.7302284240722656,0.026783723384141922,64.59999602208771,1.743459701538086,True,,3236.459800706594,6472919.601413188,True,True
2025-12-18,SH688439,sell,10598852.039906159,10598852.039906159,0.579876720905304,0.01015190314501524,57.120001306359335,0.5845478177070618,True,,9219.041349391913,6146027.566261276,True,True
2025-12-18,SZ002378,sell,5601203.715359904,5601203.715359904,1.3299527168273926,0.0949966236948967,13.999999843140097,1.3554739952087402,True,,11174.004148119884,7449336.098746589,True,True
2025-12-18,SH600428,buy,1617762.7140932432,1617762.7140932432,4.18455696105957,0.5852527022361755,7.1500002393340765,4.201639175415039,True,,3384.8101133007526,6769620.226601505,True,True
2025-12-18,SH600195,buy,1392205.6009167826,1392205.6009167826,4.862500190734863,0.6078125238418579,8.0,4.917203426361084,True,,3384.8000000000006,6769600.000000001,True,True
2025-12-19,SH601369,sell,4770509.301526473,4770509.301526473,1.31920325756073,0.13245011866092682,9.960000571520053,1.3165541887283325,True,,9439.90711619623,6293271.410797486,True,True
2025-12-19,SH600850,buy,279087.6599367563,279087.6599367563,11.888336181640625,0.40381577610969543,29.439999338736065,11.896353721618652,True,,1658.9439627377774,3317887.9254755545,True,True
2025-12-19,SZ002378,buy,2494873.4481747667,2494873.4481747667,1.3308771848678589,0.09499479830265045,14.010000638432073,1.327102780342102,True,,1660.1850756542008,3320370.1513084015,True,True
2025-12-22,SZ301611,sell,3741078.0630793963,3741078.0630793963,1.7968475818634033,0.026782643049955368,67.09000222688618,1.7023491859436035,True,,10083.220606809657,6722147.071206437,True,True
2025-12-22,SH600993,buy,412800.8479209124,412800.8479209124,16.24996566772461,0.5416655540466309,29.999998239366878,16.315038681030273,True,,3353.999803161217,6707999.606322434,True,True
2025-12-23,SZ002204,sell,5800888.41021888,5800888.41021888,1.2140814065933228,0.15870346128940582,7.649999544618427,1.2141025066375732,True,,10564.126140854161,7042750.760569441,True,True
2025-12-23,SZ002557,buy,3238339.841376526,3238339.841376526,2.1651039123535156,0.09739558398723602,22.230000824649903,2.1640074253082275,True,,3505.67113004729,7011342.260094579,True,True
2025-12-24,SZ002378,sell,2494873.4481747667,2494873.4481747667,1.5360420942306519,0.09499332308769226,16.17000063059872,1.544392466545105,True,,5748.345954262224,3832230.636174816,True,True
2025-12-24,SH603027,buy,637321.3879515379,637321.3879515379,6.2511820793151855,0.6269991993904114,9.970000097915252,6.2517008781433105,True,,1992.0060195634674,3984012.0391269345,True,True
2025-12-25,SZ002036,sell,598681.9491626576,598681.9491626576,11.275793075561523,0.9637430310249329,11.699999597994301,,True,,10125.920665247955,6750613.776831971,True,True
2025-12-25,SZ301061,sell,1803940.9092284169,1803940.9092284169,3.418443441390991,0.03448097035288811,99.14000117762534,3.4184560775756836,True,,9250.004954713175,6166669.969808783,True,True
2025-12-25,SZ000902,buy,2002197.5681775003,2002197.5681775003,6.218074798583984,0.3888727128505707,15.990000308850057,6.194222927093506,True,,6224.907120235327,12449814.240470653,True,True
2025-12-26,SH600335,sell,3354665.476985108,3354665.476985108,2.0039896965026855,0.31459805369377136,6.370000300298622,2.007115602493286,True,,10084.072576637134,6722715.051091423,True,True
2025-12-26,SH600850,sell,279087.6599367563,279087.6599367563,11.552949905395508,0.4038081169128418,28.60999920882993,11.605489730834961,True,,4836.428631695104,3224285.7544634026,True,True
2025-12-26,SZ300470,buy,1629900.7607223145,1629900.7607223145,3.082496166229248,0.08239765465259552,37.40999885525443,3.0734643936157227,True,,2512.0814231303348,5024162.84626067,True,True
2025-12-26,SZ300087,buy,955479.2534148478,955479.2534148478,5.260195732116699,0.4546409547328949,11.569999748938379,5.260309219360352,True,,2513.003945469416,5026007.890938832,True,True
2025-12-29,SH600428,sell,1617762.7140932432,1617762.7140932432,4.2075114250183105,0.5851894021034241,7.189999357293028,4.207376956939697,True,,10210.132653773928,6806755.102515952,True,True
2025-12-29,SH600572,sell,1307400.9902785625,1307400.9902785625,5.307259559631348,1.1793910264968872,4.4999999494615075,5.318741321563721,True,,10408.074605891088,6938716.403927391,True,True
2025-12-29,SH600388,buy,978854.8986414361,978854.8986414361,6.914251327514648,0.41180771589279175,16.78999946012346,6.852516174316406,True,,3384.024391187883,6768048.782375766,True,True
2025-12-29,SH601528,buy,9548001.602124302,9548001.602124302,0.7089853286743164,0.12460198998451233,5.690000045444228,0.7091531157493591,True,,3384.6965270324986,6769393.0540649975,True,True
2025-12-30,SH600993,sell,412800.8479209124,412800.8479209124,15.30190658569336,0.5416604280471802,28.2499990646548,15.350907325744629,True,,9474.960020071218,6316640.013380812,True,True
2025-12-30,SH603323,sell,6125947.607021201,6125947.607021201,1.0498430728912354,0.20788972079753876,5.0499999175700685,1.0497967004776,True,,9646.925490188773,6431283.660125848,True,True
2025-12-30,SH600783,buy,755434.0792400806,755434.0792400806,8.445405006408691,0.33080318570137024,25.52999901891123,7.677974700927734,True,,3189.973377412958,6379946.754825916,True,True
2025-12-30,SH605376,buy,1541363.941035311,1541363.941035311,4.140018939971924,0.06208786740899086,66.67999905199535,4.269756317138672,True,,3190.637954637977,6381275.909275955,True,True
2025-12-31,SH600461,sell,1370334.139376549,1370334.139376549,5.155419826507568,0.5531566143035889,9.3200003275711,5.144092082977295,True,,10596.97168662307,7064647.791082047,True,True
2025-12-31,SH600783,sell,755434.0792400806,755434.0792400806,7.826800346374512,0.3308030664920807,23.659999374769647,7.436455726623535,True,,8868.94756958906,5912631.713059373,True,True
2025-12-31,SZ002408,buy,3749722.7396890125,3749722.7396890125,1.7260977029800415,0.3494125008583069,4.939999853296621,1.7294867038726807,True,,3236.193903894616,6472387.807789233,True,True
2025-12-31,SZ300031,buy,2382964.4686909514,2382964.4686909514,2.715373992919922,0.11909535527229309,22.799999099139,2.720069408416748,True,,3235.3198721678245,6470639.744335649,True,True
2026-01-05,SH600195,sell,1392205.6009167826,1392205.6009167826,4.78361177444458,0.607828676700592,7.870000146111765,4.782888889312744,True,,9989.65665748982,6659771.104993214,True,True
2026-01-05,SH600908,sell,5129245.486555572,5129245.486555572,1.2381092309951782,0.20843589305877686,5.940000125823069,1.2360248565673828,True,,9525.849277417212,6350566.184944808,True,True
2026-01-05,SH603915,buy,3424523.1663550986,3424523.1663550986,1.895310878753662,0.10267122834920883,18.46000003338099,1.8899328708648682,True,,3245.2680058683777,6490536.011736755,True,True
2026-01-05,SZ300747,buy,2927597.262094577,2927597.262094577,2.216693162918091,0.08146612346172333,27.209999306762143,2.201894998550415,True,,3244.7924173313854,6489584.834662771,True,True
2026-01-06,SH600750,sell,381902.3781602097,381902.3781602097,16.830114364624023,0.7279461026191711,23.12000064849415,16.815553665161133,True,,9641.191050837331,6427460.700558221,True,True
2026-01-06,SZ300747,sell,2927597.262094577,2927597.262094577,2.4316368103027344,0.08146186918020248,29.850000187494963,2.4602770805358887,True,,10678.279902376013,7118853.268250675,True,True
2026-01-06,SZ000923,buy,1411637.9765983596,1411637.9765983596,4.7792158126831055,0.21953220665454865,21.769998514175104,4.6930341720581055,True,,3373.261269771432,6746522.539542864,True,True
2026-01-06,SZ301363,buy,5040042.46575184,5040042.46575184,1.338465690612793,0.03865046799182892,34.629999587476085,1.1153430938720703,True,,3372.9619598201703,6745923.91964034,True,True
2026-01-07,SH603915,sell,3424523.1663550986,3424523.1663550986,1.8441746234893799,0.10268232971429825,17.95999982295477,1.845637559890747,True,,9473.12808141536,6315418.720943573,True,True
2026-01-07,SZ301293,buy,1478951.0111132895,1478951.0111132895,2.251617431640625,0.024882500991225243,90.48999666209811,2.1135237216949463,True,,1665.0159385826053,3330031.8771652104,True,True
2026-01-07,SZ300674,buy,980852.8427036974,980852.8427036974,3.3964664936065674,0.14252902567386627,23.829998679555516,3.4285714626312256,True,,1665.7169077009305,3331433.815401861,True,True
2026-01-08,SZ301293,sell,1478951.0111132895,1478951.0111132895,2.334475517272949,0.024882493540644646,93.8199989265412,2.3344762325286865,True,,5178.862390035071,3452574.9266900476,True,True
2026-01-08,SZ301363,sell,5040042.46575184,5040042.46575184,1.6347757577896118,0.038647182285785675,42.29999863122952,1.6061588525772095,True,,12359.008861861932,8239339.241241287,True,True
2026-01-08,SH603588,buy,4945362.003347169,4945362.003347169,2.309570074081421,0.2685546576976776,8.600000066583814,2.223618984222412,True,,5710.830044214983,11421660.088429965,True,True
2026-01-09,SH605599,sell,5343229.576169958,5343229.576169958,1.4082132577896118,0.08144669234752655,17.289999350506193,1.4076389074325562,True,,11286.610092864157,7524406.728576104,True,True
2026-01-09,SZ300087,sell,955479.2534148478,955479.2534148478,4.8874640464782715,0.45464780926704407,10.750000213038632,,True,,7004.805747331455,4669870.49822097,True,True
2026-01-09,SZ000156,buy,13285535.20113444,13285535.20113444,0.45659881830215454,0.057506151497364044,7.939999572447202,0.4573823809623718,True,,3033.079836674831,6066159.673349662,True,True
2026-01-09,SZ300415,buy,991376.3574316303,991376.3574316303,6.117095947265625,0.22514154016971588,27.170001336290248,6.12825870513916,True,,3032.1721491299913,6064344.298259983,True,True
2026-01-12,SZ300031,sell,2382964.4686909514,2382964.4686909514,2.8808562755584717,0.11909285932779312,24.190000070694047,2.8569939136505127,True,,10297.46721609178,6864978.144061186,True,True
2026-01-12,SZ300674,sell,980852.8427036974,980852.8427036974,3.4777846336364746,0.14253215491771698,24.400000376365462,3.4235880374908447,True,,5116.79241632036,3411194.944213573,True,True
2026-01-12,SZ000758,buy,925188.2173857597,925188.2173857597,5.594027042388916,0.785677969455719,7.119999872548541,5.523303985595703,True,,2587.7639536777674,5175527.907355535,True,True
2026-01-12,SH600872,buy,700765.9691065544,700765.9691065544,7.384776592254639,0.41026535630226135,18.00000043584946,7.388617515563965,True,,2587.50006265336,5175000.12530672,True,True
2026-01-13,SH601801,sell,6339991.149466639,6339991.149466639,1.134010672569275,0.1583813726902008,7.160000278488792,1.129325032234192,True,,10784.426441234871,7189617.627489914,True,True
2026-01-13,SZ300723,sell,1674826.8211567553,1674826.8211567553,4.361382961273193,0.11266811937093735,38.71000053630263,4.220773696899414,True,,10956.841741314627,7304561.160876418,True,True
2026-01-13,SH603496,buy,1302966.8267028015,1302966.8267028015,5.471132278442383,0.14014171063899994,39.03999925144217,4.973477363586426,True,,3564.35193165667,7128703.86331334,True,True
2026-01-13,SZ301047,buy,21403639.557417523,21403639.557417523,0.3330155611038208,0.004443169571459293,74.95000038777425,0.328164279460907,True,,3563.872518438666,7127745.036877331,True,True
2026-01-14,SH603496,sell,1302966.8267028015,1302966.8267028015,5.255243301391602,0.14013981819152832,37.500000850645385,5.0338897705078125,True,,10271.111531948054,6847407.68796537,True,True
2026-01-14,SZ301047,sell,21403639.557417523,21403639.557417523,0.36185187101364136,0.004443171434104443,81.43999761885748,0.3644287586212158,True,,11617.420530529676,7744947.020353117,True,True
2026-01-14,SH600420,buy,942864.4417882013,942864.4417882013,7.717648029327393,0.725342869758606,10.639999855372984,7.739162445068359,True,,3638.347950544792,7276695.901089584,True,True
2026-01-14,SH688016,buy,7264410.653947387,7264410.653947387,1.0016220808029175,0.010172883048653603,98.46000155634187,1.005306363105774,True,,3638.0970575068322,7276194.115013665,True,True
2026-01-15,SH605376,sell,1541363.941035311,1541363.941035311,3.767721176147461,0.0620916485786438,60.67999904005376,3.7688651084899902,True,,8711.144341183272,5807429.5607888475,True,True
2026-01-15,SZ000923,sell,1411637.9765983596,1411637.9765983596,5.324754238128662,0.21948698163032532,24.260000290572904,5.262101650238037,True,,11274.937947893226,7516625.298595484,True,True
2026-01-15,SH603056,buy,2601068.5307740476,2601068.5307740476,2.5681493282318115,0.15124553442001343,16.980001016757182,2.3357245922088623,True,,3339.9661999961377,6679932.399992275,True,True
2026-01-15,SZ002219,buy,2822993.8303267285,2822993.8303267285,2.366326093673706,0.7967427968978882,2.9699999835417126,2.1912293434143066,True,,3340.06198149101,6680123.96298202,True,True
2026-01-16,SZ002219,sell,2822993.8303267285,2822993.8303267285,1.8724539279937744,0.7967888712882996,2.3500001009881957,2.071531295776367,True,,7928.88882944621,5285925.886297474,True,True
2026-01-16,SZ002557,sell,3238339.841376526,3238339.841376526,2.2497811317443848,0.09739312529563904,23.099999357399437,2.2448339462280273,True,,10928.333809957518,7285555.873305012,True,True
2026-01-16,SZ000682,buy,4190446.367871023,4190446.367871023,1.5017961263656616,0.11325762420892715,13.260000259190388,1.4485228061676025,True,,3146.5980615058793,6293196.123011759,True,True
2026-01-16,SH600063,buy,898988.2429726562,898988.2429726562,7.000714302062988,1.0356086492538452,6.759999838845489,6.949175834655762,True,,3146.7799249825753,6293559.8499651505,True,True
2026-01-19,SH603056,sell,2601068.5307740476,2601068.5307740476,2.8476061820983887,0.15130744874477386,18.81999997833381,2.8263988494873047,True,,11110.228242440628,7406818.828293751,True,True
2026-01-19,SZ000156,sell,13285535.20113444,13285535.20113444,0.47108039259910583,0.05751897394657135,8.189999930052412,0.4732184410095215,True,,9387.83270765948,6258555.1384396525,True,True
2026-01-19,SZ000899,buy,2662054.7167057027,2662054.7167057027,2.5517125129699707,0.24488602578639984,10.420000507483772,2.5614147186279297,True,,3396.399165414336,6792798.330828672,True,True
2026-01-20,SH688016,sell,7264410.653947387,7264410.653947387,0.9868065118789673,0.010173263028264046,96.9999998169078,0.9840176701545715,True,,10752.851607417344,7168567.738278229,True,True
2026-01-20,SZ000030,sell,2322769.7922512563,2322769.7922512563,2.8376004695892334,0.5112793445587158,5.550000209842939,2.832125663757324,True,,9886.638979859776,6591092.653239851,True,True
2026-01-20,SZ002015,buy,1556365.8683125635,1556365.8683125635,4.322288990020752,0.3835216462612152,11.27000009557963,4.321938991546631,True,,3363.5315285257407,6727063.057051481,True,True
2026-01-20,SZ300779,buy,863733.9596908314,863733.9596908314,7.778155326843262,0.07305490225553513,106.46999840799782,7.820643901824951,True,,3359.1284497723314,6718256.899544663,True,True
2026-01-20,SZ000966,buy,4963399.439020395,4963399.439020395,1.355394959449768,0.3018697202205658,4.489999720606054,1.3525018692016602,True,,3363.6832906920254,6727366.581384051,True,True
2026-01-21,SZ000682,sell,4190446.367871023,4190446.367871023,1.6229228973388672,0.11325351893901825,14.329999743431687,1.660340666770935,True,,10201.15704073256,6800771.360488373,True,True
2026-01-21,SZ002408,sell,3749722.7396890125,3749722.7396890125,1.9043446779251099,0.34942102432250977,5.450000272929861,1.8415136337280273,True,,10711.1468145323,7140764.543021533,True,True
2026-01-21,SZ000498,buy,3636639.5617193235,3636639.5617193235,1.9567780494689941,0.31358620524406433,6.240000410560256,1.9666011333465576,True,,3558.048234101458,7116096.468202916,True,True
2026-01-21,SZ301665,buy,9188404.76588392,9188404.76588392,0.7741931080818176,0.025466879829764366,30.399998478689994,0.7785268425941467,True,,3556.7998220067293,7113599.644013459,True,True
2026-01-22,SH600012,sell,672737.6772258831,672737.6772258831,9.79676628112793,0.6928406357765198,14.139999554367852,9.824480056762695,True,,9885.980688436284,6590653.792290856,True,True
2026-01-22,SZ002015,sell,1556365.8683125635,1556365.8683125635,4.214766979217529,0.3835092782974243,10.990000027975428,4.214418888092041,True,,9839.579204017515,6559719.46934501,True,True
2026-01-22,SZ000880,buy,556215.5937288227,556215.5937288227,11.846456527709961,0.3221772313117981,36.76999916932412,10.770528793334961,True,,3294.591925571441,6589183.851142882,True,True
2026-01-22,SZ000778,buy,1121850.5132446738,1121850.5132446738,5.874910354614258,1.258010745048523,4.670000139297423,5.874792575836182,True,,3295.3855982952273,6590771.196590454,True,True
2026-01-23,SZ000758,sell,925188.2173857597,925188.2173857597,6.159829616546631,0.785692572593689,7.839999805791863,6.05768346786499,True,,8548.502673499179,5699001.782332785,True,True
2026-01-23,SZ002043,sell,326247.5773174847,326247.5773174847,22.799976348876953,1.5457611083984375,14.75,22.846410751342773,True,,11157.655570075585,7438437.046717057,True,True
2026-01-23,SZ002488,buy,2181226.439961325,2181226.439961325,3.006664276123047,0.24325764179229736,12.359999274720632,3.006692886352539,True,,3279.107807583384,6558215.6151667675,True,True
2026-01-23,SH603358,buy,1677157.6505550535,1677157.6505550535,3.9091525077819824,0.07232474535703659,54.0500002935946,3.916926622390747,True,,3278.1325178065126,6556265.035613026,True,True
2026-01-26,SH600063,sell,898988.2429726562,898988.2429726562,7.663365364074707,1.0355899333953857,7.399999861865066,7.539148330688477,True,,10333.913045860545,6889275.36390703,True,True
2026-01-26,SZ000880,sell,556215.5937288227,556215.5937288227,12.561786651611328,0.3221797049045563,38.98999986772189,12.323396682739258,True,,10480.592431081192,6987061.620720794,True,True
2026-01-26,SZ000581,buy,435897.6363799855,435897.6363799855,15.844969749450684,0.7251702547073364,21.849999564371792,15.77237606048584,True,,3453.3924311489623,6906784.862297924,True,True
2026-01-26,SZ002267,buy,4383880.249944345,4383880.249944345,1.5755038261413574,0.19993703067302704,7.8800001222280045,1.5774999856948853,True,,3453.410053566423,6906820.107132846,True,True
2026-01-27,SH600388,sell,978854.898641436,978854.898641436,7.322257995605469,0.4118255376815796,17.779999843688625,7.330415725708008,True,,10751.142162172255,7167428.108114836,True,True
2026-01-27,SH601963,sell,7636741.325066478,7636741.325066478,0.8417099714279175,0.08179882913827896,10.290000239551436,0.8442307710647583,True,,9641.881983786152,6427921.3225241015,True,True
2026-01-27,SH600888,buy,706659.345854416,706659.345854416,9.608563423156738,1.0524165630340576,9.130000192562337,9.703619956970215,True,,3394.9905716043045,6789981.143208609,True,True
2026-01-27,SZ002170,buy,1689966.9619631376,1689966.9619631376,4.017678737640381,0.29716557264328003,13.520000657893286,4.0116400718688965,True,,3394.872165197004,6789744.330394008,True,True
2026-01-28,SH603588,sell,4945362.003347169,4945362.003347169,2.7955570220947266,0.26854532957077026,10.410000526030403,2.7714285850524902,True,,20737.562212886434,13825041.475257622,True,True
2026-01-28,SZ002267,sell,4383880.249944345,4383880.249944345,1.5715081691741943,0.19993741810321808,7.860000314512916,1.5712499618530273,True,,10333.95543820342,6889303.625468947,True,True
2026-01-28,SH600596,buy,1078676.6918019394,1078676.6918019394,9.420269012451172,0.7109637260437012,13.249999496981554,9.448333740234375,True,,5080.7123071175765,10161424.614235153,True,True
2026-01-28,SH600746,buy,5889233.89381108,5889233.89381108,1.7254209518432617,0.22466419637203217,7.679999660408972,1.7209115028381348,True,,5080.703775343556,10161407.550687112,True,True
2026-01-29,SH600888,sell,706659.345854416,706659.345854416,10.27160358428955,1.0524183511734009,9.76000045308708,10.271492958068848,True,,10887.787004624894,7258524.669749929,True,True
2026-01-29,SZ002170,sell,1689966.9619631376,1689966.9619631376,4.287927627563477,0.29715368151664734,14.430000011032188,4.258472919464111,True,,10869.68403880688,7246456.025871253,True,True
2026-01-29,SH600206,buy,1806438.2919177737,1806438.2919177737,4.086867332458496,0.1726602017879486,23.670002062651086,4.088809013366699,True,,3691.3368216704366,7382673.6433408735,True,True
2026-01-29,SH603299,buy,2804888.4712994574,2804888.4712994574,2.631922960281372,0.22728176414966583,11.58000057826127,2.581920862197876,True,,3691.12518432078,7382250.36864156,True,True
2026-01-30,SH603299,sell,2804888.4712994574,2804888.4712994574,2.561657190322876,0.2272987812757492,11.269999671556455,2.581920862197876,True,,10777.744080836994,7185162.720557995,True,True
2026-01-30,SZ301665,sell,9188404.76588392,9188404.76588392,0.787659764289856,0.025465883314609528,30.929999739611752,0.7842696905136108,True,,10856.005098143876,7237336.732095918,True,True
2026-01-30,SH600125,buy,1814725.195843852,1814725.195843852,3.9709715843200684,0.6007521152496338,6.6100001706527305,3.9648773670196533,True,,3603.1110930228033,7206222.186045607,True,True
2026-01-30,SH600502,buy,1084606.1242987139,1084606.1242987139,6.644093990325928,1.3987566232681274,4.750000021306295,6.657827377319336,True,,3603.1125161618907,7206225.032323781,True,True
2026-02-02,SH600206,sell,1806438.2919177737,1806438.2919177737,3.7798538208007812,0.17267490923404694,21.89000033396568,3.841895580291748,True,,10242.10901961935,6828072.679746234,True,True
2026-02-02,SZ000778,sell,1121850.5132446738,1121850.5132446738,6.265315532684326,1.2580955028533936,4.979999943147739,6.353233814239502,True,,10543.121168972608,7028747.445981738,True,True
2026-02-02,SH600017,buy,3885072.88640214,3885072.88640214,1.7835708856582642,0.5626406669616699,3.169999949150086,1.7829457521438599,True,,3464.651444423587,6929302.888847173,True,True
2026-02-02,SH600461,buy,1296916.0839058347,1296916.0839058347,5.342764854431152,0.5530812740325928,9.659999543062284,5.332372665405273,True,,3464.5588361192886,6929117.672238577,True,True
2026-02-03,SH600017,sell,3885072.88640214,3885072.88640214,1.7488372325897217,0.5623270869255066,3.1099999862204686,1.7441860437393188,True,,10191.54017259732,6794360.115064881,True,True
2026-02-03,SH600746,sell,5889233.89381108,5889233.89381108,1.6850024461746216,0.22466698288917542,7.50000033162775,1.6806970834732056,True,,14885.06027574924,9923373.51716616,True,True
2026-02-03,SZ003012,buy,16035415.934772369,16035415.934772369,0.5158388614654541,0.07018215209245682,7.350000621039611,0.5116279125213623,True,,4135.845349458989,8271690.698917979,True,True
2026-02-03,SH603516,buy,677636.3007560554,677636.3007560554,12.197693824768066,0.074376180768013,164.0000024041828,11.974540710449219,True,,4132.800060585407,8265600.121170813,True,True
2026-02-04,SH600596,sell,1078676.6918019394,1078676.6918019394,8.595577239990234,0.7109658718109131,12.089999788732891,8.5600004196167,True,,13907.773232041067,9271848.821360711,True,True
2026-02-04,SZ002488,sell,2181226.439961325,2181226.439961325,3.0481185913085938,0.24326564371585846,12.53000031056127,3.040944814682007,True,,9972.95529524996,6648636.863499973,True,True
2026-02-04,SZ301376,buy,10295859.96591245,10295859.96591245,0.7734953165054321,0.03966642916202545,19.499998685183787,0.7744874954223633,True,,3981.8997315145293,7963799.463029059,True,True
2026-02-04,SH600116,buy,2148213.1333229593,2148213.1333229593,3.7072019577026367,0.5600003004074097,6.61999994465286,3.7069690227508545,True,,3981.9299667086952,7963859.93341739,True,True
2026-02-05,SH603358,sell,1677157.6505550535,1677157.6505550535,3.663860559463501,0.0723225548863411,50.65999901720094,3.636302947998047,True,,9217.307651806694,6144871.767871129,True,True
2026-02-05,SH603516,sell,677636.3007560554,677636.3007560554,12.688460350036621,0.07437550276517868,170.5999943300839,12.871641159057617,True,,12897.24200083305,8598161.3338887,True,True
2026-02-05,SZ002096,buy,1702400.1966817915,1702400.1966817915,4.339149475097656,0.3142034411430359,13.809999850136366,4.339449405670166,True,,3693.4844599189714,7386968.919837942,True,True
2026-02-05,SH601083,buy,10264872.160085464,10264872.160085464,0.7196364402770996,0.060780104249715805,11.840000098066046,0.7214125394821167,True,,3693.4880305917027,7386976.061183405,True,True
2026-02-06,SH600872,sell,700765.9691065544,700765.9691065544,7.69247579574585,0.41026535630226135,18.750000889859315,7.72939920425415,True,,8085.937883751831,5390625.255834553,True,True
2026-02-06,SH603027,sell,637321.3879515379,637321.3879515379,6.997753143310547,0.6270387768745422,11.160000627378514,6.965986251831055,True,,6689.726618755372,4459817.7458369145,True,True
2026-02-06,SZ000089,buy,2252338.8878156594,2252338.8878156594,2.236659049987793,0.3080797493457794,7.260000226361631,2.249162435531616,True,,2518.857078536167,5037714.157072335,True,True
2026-02-06,SZ000589,buy,1741988.0154672628,1741988.0154672628,2.8918497562408447,0.5648144483566284,5.1199996116510595,2.89184832572937,True,,2518.783808951738,5037567.617903477,True,True
2026-02-09,SZ300415,sell,991376.3574316303,991376.3574316303,5.853397369384766,0.22513066232204437,26.00000066188946,5.786235809326172,True,,8704.379643990833,5802919.762660556,True,True
2026-02-09,SZ300779,sell,863733.9596908314,863733.9596908314,7.567274570465088,0.07305729389190674,103.58000094639952,7.448134899139404,True,,9804.168043223319,6536112.028815545,True,True
2026-02-09,SZ301508,buy,8844735.507226458,8844735.507226458,0.6898700594902039,0.020735498517751694,33.270001148012184,0.6826981902122498,True,,3050.8591052727174,6101718.210545435,True,True
2026-02-09,SH601107,buy,6688180.993271075,6688180.993271075,0.9123287796974182,0.13949981331825256,6.54000000427274,0.9183486104011536,True,,3050.9100019932334,6101820.003986467,True,True
2026-02-10,SZ000581,sell,435897.6363799855,435897.6363799855,15.177419662475586,0.7251514196395874,20.930000619758864,15.155800819396973,True,,9923.702035830338,6615801.357220225,True,True
2026-02-10,SZ300470,sell,1629900.7607223145,1629900.7607223145,3.0659239292144775,0.08239515870809555,37.21000089430306,3.065234899520874,True,,7495.7276168151375,4997151.744543425,True,True
2026-02-10,SH601595,buy,1869433.086012655,1869433.086012655,3.106339454650879,0.08681776374578476,35.7799984775777,2.8241307735443115,True,,2903.54687645543,5807093.75291086,True,True
2026-02-10,SH600586,buy,935085.0969693008,935085.0969693008,6.21347713470459,0.7796081900596619,7.969999820331653,5.808080673217773,True,,2905.0649345108873,5810129.869021774,True,True
2026-02-11,SH600586,sell,935085.0969693008,935085.0969693008,5.683320999145508,0.7796050310134888,7.290000414385697,5.808080673217773,True,,7971.583151390461,5314388.767593641,True,True
2026-02-11,SH601595,sell,1869433.086012655,1869433.086012655,3.1882474422454834,0.0868259146809578,36.71999833184266,3.106339454650879,True,,8940.322882393391,5960215.254928928,True,True
2026-02-11,SZ002807,buy,4827041.049780482,4827041.049780482,1.1676805019378662,0.24897240102291107,4.689999763589914,1.167664647102356,True,,2818.220857941179,5636441.715882358,True,True
2026-02-11,SZ002458,buy,2395717.5872793207,2395717.5872793207,2.352743148803711,0.2440604865550995,9.640000239336374,2.3599555492401123,True,,2818.254069969989,5636508.139939978,True,True
2026-02-12,SH601107,sell,6688180.993271075,6688180.993271075,0.9139146208763123,0.13952894508838654,6.550000218932211,0.9110091924667358,True,,9168.63959522624,6112426.396817492,True,True
2026-02-12,SZ000902,sell,2002197.5681775003,2002197.5681775003,6.560006618499756,0.38885635137557983,16.869999924891864,6.571712970733643,True,,19701.643948182777,13134429.298788518,True,True
2026-02-12,SZ002511,buy,6505870.187877564,6505870.187877564,1.4460117816925049,0.16912418603897095,8.549999947135316,1.4459569454193115,True,,4703.782470916494,9407564.941832988,True,True
2026-02-12,SH603227,buy,3411285.370496201,3411285.370496201,2.757702589035034,0.31697729229927063,8.700000460699814,2.7615063190460205,True,,4703.655249077355,9407310.49815471,True,True
2026-02-13,SZ000966,sell,4963399.439020395,4963399.439020395,1.3887295722961426,0.30189773440361023,4.599999980256677,1.3920836448669434,True,,10339.229370128562,6892819.580085708,True,True
2026-02-13,SZ002807,sell,4827041.049780482,4827041.049780482,1.1551679372787476,0.24895860254764557,4.64000008618972,1.152694582939148,True,,8364.06457895214,5576043.05263476,True,True
2026-02-13,SH603871,buy,1600907.9740871715,1600907.9740871715,3.984531879425049,0.28040337562561035,14.2099996854001,3.9845821857452393,True,,3189.434429388052,6378868.858776105,True,True
2026-02-13,SH688001,buy,10444449.809388895,10444449.809388895,0.61080002784729,0.01859360747039318,32.85000120712853,0.6163963675498962,True,,3189.7351172121803,6379470.23442436,True,True
2026-02-24,SH601083,sell,10264872.160085464,10264872.160085464,0.7100900411605835,0.0607953816652298,11.679999725484073,0.6978699564933777,True,,10933.475241994822,7288983.494663214,True,True
2026-02-24,SH688001,sell,10444449.809388895,10444449.809388895,0.6567521691322327,0.018594343215227127,35.31999821291943,0.6518918871879578,True,,10289.122601563337,6859415.067708891,True,True
2026-02-24,SZ001308,buy,10666383.221400129,10666383.221400129,0.6587031483650208,0.0297382902354002,22.15000066079476,0.6504247188568115,True,,3512.9901048020483,7025980.209604097,True,True
2026-02-24,SZ300470,buy,2205191.5570816235,2205191.5570816235,3.1854476928710938,0.08239647001028061,38.66000196942473,3.159173011779785,True,,3512.261178922236,7024522.357844472,True,True
2026-02-25,SH600116,sell,2148213.1333229593,2148213.1333229593,3.7912704944610596,0.5641771554946899,6.72000001690381,3.7749791145324707,True,,12216.685602271617,8144457.068181078,True,True
2026-02-25,SZ000899,sell,2662054.7167057027,2662054.7167057027,2.6960606575012207,0.24487382173538208,11.009999510746656,2.686173677444458,True,,10765.591484738705,7177060.989825803,True,True
2026-02-25,SZ002399,buy,28321459.56841397,28321459.56841397,0.268905907869339,0.022113973274827003,12.159999676559373,0.2684555947780609,True,,3807.903898714568,7615807.797429136,True,True
2026-02-25,SH688789,buy,6923192.849942534,6923192.849942534,1.0990374088287354,0.013461996801197529,81.6399992556059,1.0955287218093872,True,,3804.4239653112354,7608847.930622471,True,True
2026-02-26,SZ002511,sell,6505870.187877564,6505870.187877564,1.4832794666290283,0.1691310703754425,8.769999878416176,1.484965443611145,True,,14475.035493349093,9650023.662232729,True,True
2026-02-26,SZ003012,sell,16035415.934772369,16035415.934772369,0.5162031054496765,0.07023171335458755,7.350000175041408,0.5152998566627502,True,,12416.297254060086,8277531.502706724,True,True
2026-02-26,SH601882,buy,814956.3558943372,814956.3558943372,10.899356842041016,0.5129109025001526,21.25000031957358,10.921296119689941,True,,4441.250066790879,8882500.133581758,True,True
2026-02-26,SZ000885,buy,3577796.1880030953,3577796.1880030953,2.483008861541748,0.18097732961177826,13.719999443400729,2.473856210708618,True,,4441.849819800986,8883699.639601972,True,True
2026-02-27,SH601882,sell,814956.3558943373,814956.3558943373,11.22231674194336,0.5129029750823975,21.879999312034606,11.314814567565918,True,,13718.547535059259,9145698.356706172,True,True
2026-02-27,SH688789,sell,6923192.849942534,6923192.849942534,1.0878690481185913,0.013462060131132603,80.80999769142063,1.0984894037246704,True,,11297.290823412633,7531527.215608422,True,True
2026-02-27,SH601083,buy,11231039.878056932,11231039.878056932,0.7435325384140015,0.06079579517245293,12.22999939888774,0.7432735562324524,True,,4175.321794780274,8350643.589560548,True,True
2026-02-27,SH601326,buy,6583029.014602328,6583029.014602328,1.2685418128967285,0.36038121581077576,3.5199998147594846,1.2729970216751099,True,,4175.423780267701,8350847.560535401,True,True
2026-03-02,SH601083,sell,11231039.878056932,11231039.878056932,0.7894006967544556,0.06076987832784653,12.989999626060287,0.7617713212966919,True,,13298.686057522827,8865790.705015218,True,True
2026-03-02,SZ000885,sell,3577796.1880030953,3577796.1880030953,2.526362657546997,0.18097154796123505,13.959999160134032,2.557189464569092,True,,13558.216028527524,9038810.685685016,True,True
2026-03-02,SZ002531,buy,2743636.383006845,2743636.383006845,3.245710611343384,0.3278495669364929,9.899999690931738,3.318056106567383,True,,4452.524860996549,8905049.721993098,True,True
2026-03-02,SZ002061,buy,5732685.422136222,5732685.422136222,1.5535112619400024,0.37706586718559265,4.119999705980708,1.561052680015564,True,,4452.895682223949,8905791.364447897,True,True
2026-03-03,SH603227,sell,3411285.370496201,3411285.370496201,2.8778977394104004,0.31694909930229187,9.079999740480696,2.8535563945770264,True,,14725.99568435218,9817330.456234787,True,True
2026-03-03,SZ300470,sell,2205191.5570816235,2205191.5570816235,3.312290668487549,0.0823952928185463,40.199998752137304,3.3048975467681885,True,,10956.353125123484,7304235.416748989,True,True
2026-03-03,SZ000902,buy,1190219.8447141226,1190219.8447141226,7.193460941314697,0.38883572816848755,18.49999992335498,7.217131614685059,True,,4280.899982264343,8561799.964528685,True,True
2026-03-03,SH600248,buy,11254291.317975515,11254291.317975515,0.7607448101043701,0.20899583399295807,3.6399998773659896,0.7625240683555603,True,,4280.821855776273,8561643.711552545,True,True
2026-03-04,SH600125,sell,1814725.195843852,1814725.195843852,3.988802909851074,0.6007233262062073,6.640000039688584,4.043075084686279,True,,10857.871712643026,7238581.141762017,True,True
2026-03-04,SH603871,sell,1600907.9740871715,1600907.9740871715,4.304281711578369,0.2804092466831207,15.349999197574485,4.346319675445557,True,,10336.138372175086,6890758.91478339,True,True
2026-03-04,SZ300049,buy,1232230.88962718,1232230.88962718,5.780694007873535,0.10606778413057327,54.49999785757089,5.845390796661377,True,,3561.5748599922576,7123149.719984516,True,True
2026-03-04,SH600597,buy,4322465.200897301,4322465.200897301,1.6484711170196533,0.20893169939517975,7.8900000420792304,1.6520719528198242,True,,3562.7295190008767,7125459.038001753,True,True
2026-03-05,SZ000902,sell,1190219.8447141226,1190219.8447141226,7.42665958404541,0.3888303339481354,19.10000052885798,7.396414279937744,True,,13259.036425300768,8839357.616867179,True,True
2026-03-05,SZ301376,sell,10295859.96591245,10295859.96591245,0.6947700381278992,0.03965582326054573,17.520000368247,0.6845102310180664,True,,10729.882531614756,7153255.021076503,True,True
2026-03-05,SH688658,buy,12436680.519431133,12436680.519431133,0.6383262276649475,0.03526664525270462,18.099998542276825,0.6289507150650024,True,,3969.3296803213075,7938659.360642615,True,True
2026-03-05,SH688382,buy,6047194.908988671,6047194.908988671,1.3126226663589478,0.06540222465991974,20.070000266571338,1.2910399436950684,True,,3968.842552714482,7937685.105428964,True,True
2026-03-06,SZ001308,sell,10666383.221400129,10666383.221400129,0.6183417439460754,0.029742268845438957,20.789999147657475,0.6225356459617615,True,,9893.205004076572,6595470.002717714,True,True
2026-03-06,SZ002531,sell,2743636.383006845,2743636.383006845,3.409700870513916,0.3278558552265167,10.39999992727945,3.4195969104766846,True,,14032.469045268137,9354979.363512091,True,True
2026-03-06,SZ000065,buy,711115.1797596368,711115.1797596368,11.191385269165039,0.8253234028816223,13.559999910447518,11.19981575012207,True,,3979.181973720824,7958363.947441648,True,True
2026-03-06,SH603039,buy,1069240.4640597957,1069240.4640597957,7.441359996795654,0.17554517090320587,42.390001151890175,7.450139999389648,True,,3978.3016081048927,7956603.216209785,True,True
2026-03-09,SH600420,sell,942864.4417882013,942864.4417882013,7.775654315948486,0.7253409028053284,10.719999776484915,7.85525369644165,True,,10997.081949217183,7331387.966144788,True,True
2026-03-09,SH603039,sell,1069240.4640597957,1069240.4640597957,7.46418571472168,0.17554529011249542,42.519999881161006,7.578285217285156,True,,11971.51409615626,7981009.397437506,True,True
2026-03-09,SZ000928,buy,3079247.3005988128,3079247.3005988128,2.4868831634521484,0.3512546718120575,7.080000247748395,2.518218517303467,True,,3828.864133982332,7657728.267964664,True,True
2026-03-09,SH601860,buy,9982860.623827178,9982860.623827178,0.767132043838501,0.2779463827610016,2.760000098645416,0.769911527633667,True,,3829.086136855718,7658172.2737114355,True,True
2026-03-10,SH601326,sell,6583029.014602328,6583029.014602328,1.2647308111190796,0.36032217741012573,3.5099999123271792,1.2640949487686157,True,,12488.639437887656,8325759.625258437,True,True
2026-03-10,SZ002399,sell,28321459.56841397,28321459.56841397,0.2523125112056732,0.02211327850818634,11.410000154986836,0.25098487734794617,True,,10718.787877074707,7145858.584716471,True,True
2026-03-10,SZ000543,buy,1404107.0870854305,1404107.0870854305,5.496062278747559,0.6310060024261475,8.709999996221612,5.483312606811523,True,,3858.529998326174,7717059.996652348,True,True
2026-03-10,SH600872,buy,1008650.3093693578,1008650.3093693578,7.651185035705566,0.4102512001991272,18.650000370484825,7.626745700836182,True,,3858.6850766533103,7717370.15330662,True,True
2026-03-11,SH688382,sell,6047194.908988671,6047194.908988671,1.4722040891647339,0.06540222465991974,22.510000184549387,1.4669718742370605,True,,13354.057609483925,8902705.072989283,True,True
2026-03-11,SZ000065,sell,711115.1797596368,711115.1797596368,10.877586364746094,0.8253100514411926,13.179999862780267,10.886017799377441,True,,11602.825174676089,7735216.783117392,True,True
2026-03-11,SZ000600,buy,2735672.0021020714,2735672.0021020714,3.0244240760803223,0.3176915943622589,9.520000307693433,3.02109694480896,True,,4136.916133708181,8273832.267416363,True,True
2026-03-11,SH600420,buy,1038819.4893858929,1038819.4893858929,7.964261054992676,0.7253425717353821,10.979999472439873,7.935341835021973,True,,4136.714801241722,8273429.602483444,True,True
2026-03-12,SH600248,sell,11254291.317975515,11254291.317975515,0.7771372199058533,0.2089078575372696,3.7199999514963693,0.7731214165687561,True,,13119.193000293111,8746128.666862074,True,True
2026-03-12,SZ000543,sell,1404107.0870854305,1404107.0870854305,5.641413688659668,0.6310306191444397,8.9399999263243,5.558714389801025,True,,11881.7234121417,7921148.9414278,True,True
2026-03-12,SZ000403,buy,1569261.2163933185,1569261.2163933185,5.29815673828125,0.3699830174446106,14.319999806678766,5.320318222045898,True,,4157.095943878846,8314191.887757692,True,True
2026-03-12,SZ002100,buy,1778672.932015531,1778672.932015531,4.674518585205078,0.6055076122283936,7.719999700750054,4.66839599609375,True,,4157.219838853905,8314439.677707808,True,True
2026-03-13,SH601860,sell,9982860.623827178,9982860.623827178,0.7920354008674622,0.2779071629047394,2.8499999517427153,0.7920354008674622,True,,11860.168523995442,7906779.015996962,True,True
2026-03-13,SZ000600,sell,2735672.0021020714,2735672.0021020714,3.4912726879119873,0.31767719984054565,10.99000082368011,3.399156093597412,True,,14326.465416036699,9550976.944024466,True,True
2026-03-13,SZ002051,buy,5399716.335311078,5399716.335311078,1.6097733974456787,0.17689818143844604,9.099999696751093,1.6168283224105835,True,,4346.159855168321,8692319.710336642,True,True
2026-03-13,SH600248,buy,11215066.630564509,11215066.630564509,0.7750430107116699,0.20890647172927856,3.7100000028531737,0.7750481963157654,True,,4346.07950334235,8692159.0066847,True,True
2026-03-16,SH600502,sell,1084606.1242987139,1084606.1242987139,7.113855361938477,1.4284850358963013,4.979999918217482,7.142001628875732,True,,11573.596639400574,7715731.092933715,True,True
2026-03-16,SZ000498,sell,3636639.5617193235,3636639.5617193235,1.9696675539016724,0.31364133954048157,6.2799998137600355,1.9695481061935425,True,,10744.456424930624,7162970.94995375,True,True
2026-03-16,SH688382,buy,6024259.909333847,6024259.909333847,1.2426422834396362,0.06540222465991974,19.00000022783875,1.2367560863494873,True,,3743.0000448842343,7486000.089768468,True,True
2026-03-16,SH600395,buy,2282234.612437497,2282234.612437497,3.2806363105773926,0.5351772308349609,6.129999786162581,3.2808163166046143,True,,3743.590869409488,7487181.738818975,True,True
2026-03-17,SZ000589,sell,1741988.0154672628,1741988.0154672628,2.8070926666259766,0.5648073554039001,4.970000195232219,2.7958030700683594,True,,7334.882675352738,4889921.783568492,True,True
2026-03-17,SZ002100,sell,1778672.932015531,1778672.932015531,4.72911262512207,0.6055201888084412,7.809999918298587,4.7471699714660645,True,,12617.316928136304,8411544.618757537,True,True
2026-03-17,SZ000049,buy,585328.2515366236,585328.2515366236,11.408909797668457,0.41532251238822937,27.470000920643077,11.367490768432617,True,,3338.978611904166,6677957.223808331,True,True
2026-03-17,SZ001227,buy,12306921.215674708,12306921.215674708,0.542801558971405,0.23000065982341766,2.3600000077744965,0.5408560037612915,True,,3340.1080110032453,6680216.02200649,True,True
2026-03-18,SH688658,sell,12436680.519431133,12436680.519431133,0.6617554426193237,0.03527481108903885,18.75999961981242,0.6659291982650757,True,,12345.061532776906,8230041.02185127,True,True
2026-03-18,SZ002051,sell,5399716.335311078,5399716.335311078,1.574520230293274,0.17691239714622498,8.899999410396727,1.5708476305007935,True,,12752.943911688528,8501962.607792351,True,True
2026-03-18,SH601908,buy,21100832.60980004,21100832.60980004,0.391818642616272,0.09329015761613846,4.199999792352054,0.3954535722732544,True,,4133.84979562251,8267699.59124502,True,True
2026-03-18,SH600012,buy,765832.678687092,765832.678687092,10.79445743560791,0.6928406357765198,15.58000047660272,10.766743659973145,True,,4133.374126442702,8266748.252885404,True,True
2026-03-19,SZ002061,sell,5732685.422136222,5732685.422136222,1.5388585329055786,0.37717121839523315,4.07999989886033,1.5463157892227173,True,,13232.687817476615,8821791.878317744,True,True
2026-03-19,SZ002458,sell,2395717.5872793207,2395717.5872793207,2.3184683322906494,0.2440493106842041,9.499999511536053,2.3330559730529785,True,,8331.593038828298,5554395.359218865,True,True
2026-03-19,SZ002242,buy,5650779.396412495,5650779.396412495,1.2790672779083252,0.12170002609491348,10.510000029998222,1.286242127418518,True,,3613.8635103148895,7227727.0206297785,True,True
2026-03-19,SZ300685,buy,1275496.480647331,1275496.480647331,5.666366100311279,0.2540971338748932,22.300000058643562,5.722445011138916,True,,3613.71500950319,7227430.019006379,True,True
2026-03-20,SH600395,sell,2282234.612437497,2282234.612437497,3.1787755489349365,0.5351473689079285,5.940000331912015,3.1951019763946533,True,,10882.067374423974,7254711.582949316,True,True
2026-03-20,SH600872,sell,1008650.3093693578,1008650.3093693578,7.667595386505127,0.4102512300014496,18.68999975083081,7.663756847381592,True,,11600.883688076186,7733922.458717457,True,True
2026-03-20,SH603119,buy,2631273.258322206,2631273.258322206,2.83772611618042,0.03720632195472717,76.26999840600688,2.8165111541748047,True,,3733.416421974036,7466832.843948072,True,True
2026-03-20,SH603127,buy,602795.2315834067,602795.2315834067,12.386907577514648,0.4344758987426758,28.5099993195502,12.404219627380371,True,,3733.384410895099,7466768.821790198,True,True
2026-03-23,SZ000049,sell,585328.2515366236,585328.2515366236,11.371475219726562,0.415320485830307,27.380000764933992,11.525177001953125,True,,9984.068561631888,6656045.7077545915,True,True
2026-03-23,SZ002096,sell,1702400.1966817915,1702400.1966817915,4.009307861328125,0.31420907378196716,12.760000254194518,4.078287601470947,True,,10238.169737524278,6825446.491682853,True,True
2026-03-23,SH688068,buy,2744339.1331514856,2744339.1331514856,2.4616081714630127,0.02215469628572464,111.10999400380622,2.5131895542144775,True,,3377.743817715709,6755487.635431418,True,True
2026-03-23,SZ300101,buy,2756525.2638820126,2756525.2638820126,2.453538179397583,0.11739417165517807,20.899999930187004,2.482975721359253,True,,3381.6199887042576,6763239.977408515,True,True
2026-03-24,SH600420,sell,1038819.4893858929,1038819.4893858929,7.224194049835205,0.7253206968307495,9.959999875091032,7.130051612854004,True,,11256.950361111622,7504633.574074414,True,True
2026-03-24,SH601908,sell,21100832.60980004,21100832.60980004,0.4040383994579315,0.09331141412258148,4.329999746088444,0.40767747163772583,True,,12788.319952340005,8525546.634893337,True,True
2026-03-24,SH603516,buy,774436.9870154848,774436.9870154848,10.246122360229492,0.07437661290168762,137.7600022438909,9.951556205749512,True,,3967.488064624058,7934976.129248116,True,True
2026-03-24,SH688658,buy,13500129.969739314,13500129.969739314,0.588365912437439,0.03527373448014259,16.68000060409426,0.5749051570892334,True,,3971.5081438348434,7943016.287669687,True,True
2026-03-25,SH600597,sell,4322465.200897301,4322465.200897301,1.5603145360946655,0.20887744426727295,7.470000131264229,1.5582486391067505,True,,10116.60792708511,6744405.284723407,True,True
2026-03-25,SZ000403,sell,1569261.2163933185,1569261.2163933185,4.876440525054932,0.3699878752231598,13.180000890876993,4.857917785644531,True,,11478.613485026062,7652408.990017375,True,True
2026-03-25,SH603358,buy,3059940.7909198957,3059940.7909198957,2.360579013824463,0.07232166081666946,32.640000065932824,2.6231625080108643,True,,3611.6160072954676,7223232.014590935,True,True
2026-03-25,SZ002891,buy,1652263.450003101,1652263.450003101,4.371472358703613,0.11904881149530411,36.72000000500674,4.349955081939697,True,,3611.4120004924125,7222824.000984825,True,True
2026-03-26,SH603358,sell,3059940.7909198957,3059940.7909198957,2.205892562866211,0.07232434302568436,30.500001390719,2.360579013824463,True,,10124.850950251724,6749900.63350115,True,True
2026-03-26,SZ300685,sell,1275496.480647331,1275496.480647331,5.463436126708984,0.2541133165359497,21.499999296322063,5.483467102050781,True,,10452.890327788195,6968593.551858796,True,True
2026-03-26,SH603039,buy,987789.7595012784,987789.7595012784,6.9480085372924805,0.1755434274673462,39.57999816646464,6.9799628257751465,True,,3431.585841032484,6863171.682064968,True,True
2026-03-26,SZ301000,buy,4324703.429423146,4324703.429423146,1.587598443031311,0.05385340377688408,29.480001851113606,1.5832358598709106,True,,3432.9462155621786,6865892.4311243575,True,True
2026-03-27,SZ300049,sell,1232230.88962718,1232230.88962718,5.971695899963379,0.10606919974088669,56.2999995715199,6.036464214324951,True,,11037.762227092288,7358508.151394858,True,True
2026-03-27,SZ301508,sell,8844735.507226458,8844735.507226458,0.5970971584320068,0.020739741623401642,28.789999859895726,0.6017933487892151,True,,7921.749657671389,5281166.438447593,True,True
2026-03-27,SH688083,buy,19293125.79982062,19293125.79982062,0.32825371623039246,0.006815899163484573,48.16000183643788,0.33330073952674866,True,,3166.520120745791,6333040.241491581,True,True
2026-03-27,SZ301275,buy,11147977.559672166,11147977.559672166,0.5682026147842407,0.014980295673012733,37.929999993783014,0.5753138065338135,True,,3167.154999480882,6334309.998961763,True,True
2026-03-30,SH688068,sell,2744339.1331514856,2744339.1331514856,2.8199548721313477,0.022153781726956367,127.28999982427703,2.927211284637451,True,,11608.368763966877,7738912.509311251,True,True
2026-03-30,SZ002891,sell,1652263.450003101,1652263.450003101,4.559686660766602,0.11905186623334885,38.30000154579131,4.6082658767700195,True,,11300.705419577018,7533803.613051345,True,True
2026-03-30,SH688123,buy,4246894.344783334,4246894.344783334,1.7782227993011475,0.01690647192299366,105.18000487627901,1.8141582012176514,True,,3775.9621750584165,7551924.350116833,True,True
2026-03-30,SZ300492,buy,525506.1368435025,525506.1368435025,14.380650520324707,0.2496640682220459,57.600000763966015,14.530180931091309,True,,3778.5600501161707,7557120.100232341,True,True
2026-03-31,SH603127,sell,602795.2315834067,602795.2315834067,13.903127670288086,0.4344727396965027,32.0,13.946696281433105,True,,12571.108595617465,8380739.063744976,True,True
2026-03-31,SZ002242,sell,5650779.396412495,5650779.396412495,1.1620957851409912,0.12168541550636292,9.550000551053921,1.1645294427871704,True,,9850.120378998772,6566746.9193325145,True,True
2026-03-31,SH688631,buy,4602299.039349824,4602299.039349824,1.6220797300338745,0.03024575300514698,53.6299998799118,1.6010161638259888,True,,3732.6479916418616,7465295.983283723,True,True
2026-03-31,SH688522,buy,7149347.560690015,7149347.560690015,1.0446298122406006,0.03291209414601326,31.739998299899725,1.0442053079605103,True,,3734.210799983203,7468421.599966406,True,True
2026-04-01,SH603039,sell,987789.7595012784,987789.7595012784,7.767930030822754,0.17554643750190735,44.25000097617107,7.627679347991943,True,,11509.62260545375,7673081.736969166,True,True
2026-04-01,SZ000089,sell,2252338.8878156594,2252338.8878156594,2.094998836517334,0.3080880641937256,6.8,2.067420482635498,True,,7077.971024124829,4718647.349416552,True,True
2026-04-01,SZ300131,buy,1277077.6609647803,1277077.6609647803,4.893573760986328,0.41861197352409363,11.689999499511863,4.7637224197387695,True,,3124.7368662195217,6249473.732439043,True,True
2026-04-01,SH688408,buy,8706044.542711956,8706044.542711956,0.7178345918655396,0.019802333787083626,36.249999600236926,0.7065552473068237,True,,3124.7499655404226,6249499.931080845,True,True
2026-04-02,SH688382,sell,6024259.909333847,6024259.909333847,1.4440810680389404,0.06540222465991974,22.079999198007595,1.4440810680389404,True,,13049.27952602249,8699519.684014993,True,True
2026-04-02,SH688658,sell,13500129.969739314,13500129.969739314,0.6737400889396667,0.03527434915304184,19.100000570288838,0.6738305687904358,True,,13643.368149763839,9095578.766509226,True,True
2026-04-02,SZ000028,buy,1060222.1445686114,1060222.1445686114,8.251799583435059,0.3102180063724518,26.60000197902065,8.195854187011719,True,,4374.370325449946,8748740.650899893,True,True
2026-04-02,SH601311,buy,4897897.053208879,4897897.053208879,1.786340594291687,0.18685570359230042,9.560000363645818,1.7954416275024414,True,,4374.656166404326,8749312.332808651,True,True
2026-04-03,SZ000028,sell,1060222.1445686114,1060222.1445686114,8.282918930053711,0.31022170186042786,26.69999835724029,8.375886917114258,True,,13172.60110696424,8781734.071309494,True,True
2026-04-03,SZ000928,sell,3079247.3005988128,3079247.3005988128,2.4227638244628906,0.35112518072128296,6.900000220679241,2.4372470378875732,True,,11190.433449698718,7460288.966465812,True,True
2026-04-03,SH603358,buy,3124788.5250692703,3124788.5250692703,2.60369610786438,0.07232489436864853,35.99999876381476,2.5977728366851807,True,,4067.9998603110676,8135999.720622135,True,True
2026-04-03,SZ300663,buy,1937555.3935235776,1937555.3935235776,4.199467182159424,0.32303592562675476,13.000000461284953,4.115568161010742,True,,4068.350144359126,8136700.2887182515,True,True
2026-04-07,SH600248,sell,11215066.630564509,11215066.630564509,0.704231858253479,0.20897087454795837,3.3700000527674456,0.7042388916015625,True,,11847.010820518542,7898007.213679028,True,True
2026-04-07,SH601528,sell,9548001.602124302,9548001.602124302,0.6508384346961975,0.12468168884515762,5.22000015178231,0.6535500288009644,True,,9321.30962580505,6214206.417203367,True,True
2026-04-07,SZ300068,buy,10725094.909190277,10725094.909190277,0.6616619825363159,0.05793888121843338,11.41999929273413,0.6618625521659851,True,,3548.193780252494,7096387.560504988,True,True
2026-04-07,SH688165,buy,13844962.720008014,13844962.720008014,0.5125887393951416,0.032278887927532196,15.87999997230172,0.5125887393951416,True,,3548.3859938108194,7096771.987621639,True,True
2026-04-08,SH688083,sell,19293125.79982062,19293125.79982062,0.35102614760398865,0.006816042121499777,51.499996823193065,0.3409535586833954,True,,10158.587437125232,6772391.624750155,True,True
2026-04-08,SH688408,sell,8706044.542711956,8706044.542711956,0.693246603012085,0.019801387563347816,35.01000123321044,0.680334210395813,True,,9053.153707360447,6035435.804906964,True,True
2026-04-08,SZ000028,buy,776905.339312402,776905.339312402,8.270068168640137,0.3102051019668579,26.660000484207718,8.264047622680664,True,,3212.5300583470303,6425060.11669406,True,True
2026-04-08,SH600872,buy,811931.3573761403,811931.3573761403,7.913845062255859,0.41025635600090027,19.289999890308813,7.835893630981445,True,,3212.749481730933,6425498.963461866,True,True
2026-04-09,SH688165,sell,13844962.720008014,13844962.720008014,0.5455132126808167,0.032278887927532196,16.9000002077371,0.5516462326049805,True,,11328.915139256564,7552610.092837709,True,True
2026-04-09,SZ301275,sell,11147977.559672166,11147977.559672166,0.6187711954116821,0.014982352964580059,41.30000119971314,0.6264196038246155,True,,10347.071101531428,6898047.4010209525,True,True
2026-04-09,SZ000650,buy,921786.6125741649,921786.6125741649,7.782278060913086,1.3235167264938354,5.879999780228945,7.835224151611328,True,,3586.7998659396567,7173599.7318793135,True,True
2026-04-09,SH600572,buy,1385466.0917250887,1385466.0917250887,5.177506446838379,1.1793864965438843,4.389999768532815,5.235978126525879,True,,3586.6298108913097,7173259.6217826195,True,True
2026-04-10,SH688123,sell,4246894.344783334,4246894.344783334,1.9104335308074951,0.016906490549445152,113.00000583918896,1.8750157356262207,True,,12170.114037106214,8113409.358070808,True,True
2026-04-10,SZ300131,sell,1277077.6609647803,1277077.6609647803,5.441904067993164,0.41860800981521606,12.999999857612268,5.379263401031494,True,,10424.601177521148,6949734.118347432,True,True
2026-04-10,SH600850,buy,921493.3852523172,921493.3852523172,8.136590957641602,0.4038010537624359,20.149999317308662,8.047930717468262,True,,3748.9073729852767,7497814.745970553,True,True
2026-04-10,SZ002364,buy,1536708.1168455433,1536708.1168455433,4.87933874130249,0.13893334567546844,35.11999741732296,4.4361572265625,True,,3749.0597242992267,7498119.448598453,True,True
2026-04-13,SH601311,sell,4897897.053208879,4897897.053208879,1.8500556945800781,0.18687431514263153,9.899999864443789,1.862678050994873,True,,13592.073502134106,9061382.33475607,True,True
2026-04-13,SZ300068,sell,10725094.909190277,10725094.909190277,0.7040180563926697,0.05794387310743332,12.14999996785432,0.7219512462615967,True,,11325.990708892583,7550660.472595055,True,True
2026-04-13,SZ002807,buy,7297943.651581894,7297943.651581894,1.130716323852539,0.24905645847320557,4.540000009572873,1.1317365169525146,True,,4125.952008699827,8251904.017399654,True,True
2026-04-13,SZ002233,buy,4051637.1447448395,4051637.1447448395,2.0366907119750977,0.21689997613430023,9.389999705274374,2.0367422103881836,True,,4125.96587049756,8251931.740995119,True,True
2026-04-14,SH603516,sell,774436.9870154848,774436.9870154848,10.838624000549316,0.07437469065189362,145.73000446185196,10.744341850280762,True,,12590.7469715687,8393831.314379133,True,True
2026-04-14,SZ002364,sell,1536708.1168455433,1536708.1168455433,5.835227966308594,0.13893400132656097,41.99999935647886,5.3671488761901855,True,,13450.563269205792,8967042.179470528,True,True
2026-04-14,SZ002216,buy,3516271.476615854,3516271.476615854,2.4578158855438232,0.19261880218982697,12.759999842183793,2.4482250213623047,True,,4321.173946555541,8642347.893111082,True,True
2026-04-14,SZ301571,buy,4475381.077915797,4475381.077915797,1.92970609664917,0.028109338134527206,68.65000119938352,1.9183731079101562,True,,4318.085075441224,8636170.150882447,True,True
2026-04-15,SH688522,sell,7149347.560690015,7149347.560690015,1.1278104782104492,0.03290955722332001,34.26999854653993,1.118708610534668,True,,12094.66363697177,8063109.091314514,True,True
2026-04-15,SH688631,sell,4602299.039349824,4602299.039349824,1.6802270412445068,0.03024711087346077,55.55000106535005,1.6637775897979736,True,,11599.360946713787,7732907.297809191,True,True
2026-04-15,SZ000550,buy,575908.9672916386,575908.9672916386,13.757174491882324,0.7278928160667419,18.900000368489557,13.71270751953125,True,,3961.4400772354115,7922880.154470823,True,True
2026-04-15,SH600757,buy,2570707.591462554,2570707.591462554,3.081833600997925,0.3420459032058716,9.010000038337024,3.0784542560577393,True,,3961.2465168548724,7922493.033709745,True,True
2026-04-16,SH600572,sell,1385466.0917250887,1385466.0917250887,5.991382122039795,1.179405927658081,5.080000008086056,5.660738945007324,True,,12451.285158981063,8300856.772654043,True,True
2026-04-16,SH603119,sell,2631273.258322206,2631273.258322206,3.0509181022644043,0.037206318229436874,82.00000020025041,2.9044387340545654,True,,12041.698823729192,8027799.21581946,True,True
2026-04-16,SZ002468,buy,8371493.435502778,8371493.435502778,0.9718695878982544,0.053992755711078644,17.999999724015545,0.8848817944526672,True,,4067.9999376275136,8135999.875255027,True,True
2026-04-16,SZ002458,buy,3317229.7053575087,3317229.7053575087,2.452793598175049,0.24405907094478607,10.04999973440835,2.462562322616577,True,,4068.2398924885006,8136479.784977001,True,True
2026-04-17,SZ002468,sell,8371493.435502778,8371493.435502778,0.9724489450454712,0.05399494618177414,18.009999339044047,0.9734893441200256,True,,12211.274939714645,8140849.959809763,True,True
2026-04-17,SZ300101,sell,2756525.2638820126,2756525.2638820126,2.495875358581543,0.11739771068096161,21.260000251319205,2.5005722045898438,True,,10319.9152221459,6879943.4814306,True,True
2026-04-17,SH603033,buy,2445426.5940752593,2445426.5940752593,3.0783584117889404,0.26768335700035095,11.499999276327458,3.107637405395508,True,,3763.9497631419767,7527899.526283953,True,True
2026-04-17,SZ002839,buy,6549336.109303839,6549336.109303839,1.149443507194519,0.25486552715301514,4.509999920485209,1.152623176574707,True,,3764.045933636955,7528091.86727391,True,True
2026-04-20,SZ002233,sell,4051637.1447448395,4051637.1447448395,1.9716253280639648,0.21690046787261963,9.090000346250301,1.97183096408844,True,,11982.465622055535,7988310.41470369,True,True
2026-04-20,SZ301571,sell,4475381.077915797,4475381.077915797,2.1081504821777344,0.028108671307563782,75.00000477114159,2.0970547199249268,True,,14152.165166005943,9434776.777337296,True,True
2026-04-20,SZ002416,buy,7324557.262542422,7324557.262542422,1.179074764251709,0.08131549507379532,14.500001053694339,1.1223235130310059,True,,4318.100313790174,8636200.627580348,True,True
2026-04-20,SZ000498,buy,4583228.144823554,4583228.144823554,1.884342074394226,0.3135344684123993,6.00999974240697,1.8978389501571655,True,,4318.184814919408,8636369.629838817,True,True
2026-04-21,SH600872,sell,811931.3573761403,811931.3573761403,8.861471176147461,0.4102533161640167,21.599998895815627,8.808310508728027,True,,10792.359480598427,7194906.320398951,True,True
2026-04-21,SZ002416,sell,7324557.262542421,7324557.262542421,1.0969996452331543,0.08131947368383408,13.489999326584828,1.107517123222351,True,,12052.555077748439,8035036.718498959,True,True
2026-04-21,SZ002091,buy,1383146.6489748529,1383146.6489748529,5.531354904174805,0.5979843139648438,9.25,5.537588596343994,True,,3825.3374999999996,7650674.999999999,True,True
2026-04-21,SZ002557,buy,3048409.388055195,3048409.388055195,2.5098705291748047,0.09739505499601364,25.769999609092405,2.3063039779663086,True,,3825.5564419697675,7651112.883939535,True,True
2026-04-22,SZ002458,sell,3317229.7053575087,3317229.7053575087,2.6845245361328125,0.24404768645763397,10.9999999389416,2.7138102054595947,True,,13357.776804031279,8905184.536020853,True,True
2026-04-22,SZ002557,sell,3048409.388055195,3048409.388055195,2.3453071117401123,0.09739647805690765,24.079999179947514,2.3628041744232178,True,,10724.18432595176,7149456.217301173,True,True
2026-04-22,SZ300199,buy,1299668.721427753,1299668.721427753,6.149478435516357,0.284303218126297,21.629999393058412,6.200682640075684,True,,3996.142387867542,7992284.775735084,True,True
2026-04-22,SH600771,buy,2184352.501321103,2184352.501321103,3.6589066982269287,0.20683474838733673,17.68999999639781,3.630000114440918,True,,3996.170999186265,7992341.99837253,True,True
2026-04-23,SH603358,sell,3124788.5250692703,3124788.5250692703,2.6470894813537598,0.07232484966516495,36.5999997733659,2.6543428897857666,True,,12407.39225424869,8271594.836165794,True,True
2026-04-23,SZ300199,sell,1299668.721427753,1299668.721427753,6.362762928009033,0.28430575132369995,22.380000750546294,6.416723728179932,True,,12404.22593909011,8269483.959393407,True,True
2026-04-23,SZ002458,buy,3045304.802435887,3045304.802435887,2.7064905166625977,0.24404782056808472,11.090000764450744,2.7138102054595947,True,,4121.044284069897,8242088.568139793,True,True
2026-04-23,SZ000719,buy,1528109.9813244117,1528109.9813244117,5.393459796905518,0.3719627559185028,14.499999559330147,5.393737316131592,True,,4120.899874761628,8241799.749523256,True,True
2026-04-24,SZ002091,sell,1383146.6489748529,1383146.6489748529,5.656711101531982,0.5979610085487366,9.45999993421132,5.692907810211182,True,,11736.091506454215,7824061.00430281,True,True
2026-04-24,SZ301000,sell,4324703.429423146,4324703.429423146,1.5751720666885376,0.053852032870054245,29.25000195423358,1.5751515626907349,True,,10218.228058109195,6812152.038739463,True,True
2026-04-24,SH603323,buy,7040133.687495827,7040133.687495827,1.0441259145736694,0.20799320936203003,5.020000017194209,1.0457316637039185,True,,3675.39301258874,7350786.02517748,True,True
2026-04-24,SZ000935,buy,627404.598103173,627404.598103173,11.712896347045898,0.4088270962238312,28.650000098411127,11.704402923583984,True,,3674.3625126212273,7348725.025242454,True,True
2026-04-27,SH603323,sell,7040133.687495827,7040133.687495827,1.0245270729064941,0.20781482756137848,4.929999870215701,1.0254064798355103,True,,10819.211339580754,7212807.559720502,True,True
2026-04-27,SZ002807,sell,7297943.651581894,7297943.651581894,1.1342005729675293,0.2487282007932663,4.559999908937688,1.145209550857544,True,,12415.99780666339,8277331.871108927,True,True
2026-04-27,SZ002832,buy,2769840.178938306,2769840.178938306,2.783900737762451,0.15423272550106049,18.05000027535213,2.7823779582977295,True,,3855.4800588152148,7710960.11763043,True,True
2026-04-27,SH603556,buy,5481795.3331371285,5481795.3331371285,1.406475305557251,0.0477580763399601,29.449999106861558,1.407875418663025,True,,3855.0048830881774,7710009.766176355,True,True
2026-04-28,SH600757,sell,2570707.591462554,2570707.591462554,2.954981803894043,0.34201177954673767,8.64000008365276,2.955113172531128,True,,11394.591233856192,7596394.155904128,True,True
2026-04-28,SZ000028,sell,776905.339312402,776905.339312402,7.609395503997803,0.310207724571228,24.53000006532906,7.615930080413818,True,,8867.669993993519,5911779.995995679,True,True
2026-04-28,SZ300779,buy,1268849.6769691238,1268849.6769691238,5.347136974334717,0.07305829972028732,73.19000024373531,5.381195545196533,True,,3392.3565112971314,6784713.022594263,True,True
2026-04-28,SH603169,buy,1217051.8517927304,1217051.8517927304,5.5785627365112305,0.6721159815788269,8.300000133023124,5.619834899902344,True,,3394.700054406457,6789400.108812914,True,True
2026-04-29,SZ000550,sell,575908.9672916386,575908.9672916386,13.793474197387695,0.7278878092765808,18.950000290699318,13.843461990356445,True,,11915.678220572117,7943785.4803814115,True,True
2026-04-29,SZ001227,sell,12306921.215674708,12306921.215674708,0.5152096748352051,0.23000432550907135,2.2399999378050186,0.5155642032623291,True,,9510.96731662538,6340644.877750253,True,True
2026-04-29,SH688326,buy,7710770.7167010745,7710770.7167010745,0.9215078353881836,0.00999900046736002,92.15999523115175,0.9219077825546265,True,,3552.7678161609,7105535.6323218,True,True
2026-04-29,SZ301050,buy,20087341.25255737,20087341.25255737,0.3541140854358673,0.009110215120017529,38.87000260375695,0.35559573769569397,True,,3556.6052382437615,7113210.476487523,True,True
2026-04-30,SH603033,sell,2445426.5940752593,2445426.5940752593,3.0408272743225098,0.26767846941947937,11.359999483399706,3.0542144775390625,True,,11154.179826926475,7436119.884617649,True,True
2026-04-30,SZ002832,sell,2769840.178938306,2769840.178938306,3.0937891006469727,0.15422677993774414,20.059999319805712,3.033704996109009,True,,12853.952034200089,8569301.356133392,True,True
2026-04-30,SZ300775,buy,2251396.3891246896,2251396.3891246896,3.5290632247924805,0.1208583265542984,29.200000739766715,3.5381903648376465,True,,3972.660100645262,7945320.201290524,True,True
2026-04-30,SZ002807,buy,6900826.16247838,6900826.16247838,1.1516584157943726,0.2487383335828781,4.629999723828844,1.152694582939148,True,,3973.6972629761053,7947394.525952211,True,True
2026-05-06,SZ000498,sell,4583228.144823554,4583228.144823554,1.7316370010375977,0.31370237469673157,5.519999657993151,1.7377209663391113,True,,11904.731159660058,7936487.439773371,True,True
2026-05-06,SZ002839,sell,6549336.109303839,6549336.109303839,1.1660085916519165,0.2551441192626953,4.569999869177463,1.162162184715271,True,,11454.873259596616,7636582.173064411,True,True
2026-05-06,SH603358,buy,3361375.384592245,3361375.384592245,2.314290761947632,0.0723215863108635,32.0,2.26525616645813,True,,3889.6,7779200.0,True,True
2026-05-06,SZ000089,buy,3542022.728212319,3542022.728212319,2.196758508682251,0.30810078978538513,7.129999602443262,2.196817398071289,True,,3890.484283073166,7780968.566146332,True,True
2026-05-07,SZ002458,sell,3045304.802435887,3045304.802435887,2.8773725032806396,0.2440519630908966,11.789999419955366,2.9018301963806152,True,,13143.714453956254,8762476.302637503,True,True
2026-05-07,SZ300663,sell,1937555.3935235776,1937555.3935235776,2.8975493907928467,0.3230266869068146,8.970000028600484,3.3142311573028564,True,,8421.243675197456,5614162.450131637,True,True
2026-05-07,SZ002563,buy,10073381.479589043,10073381.479589043,0.7152426242828369,0.11706098914146423,6.109999834517804,0.7163554430007935,True,,3602.4559024316973,7204911.804863394,True,True
2026-05-07,SH600552,buy,711736.6474912423,711736.6474912423,10.122424125671387,0.6322563290596008,16.010000470421826,10.065770149230957,True,,3602.250105844911,7204500.211689822,True,True
2026-05-08,SH600771,sell,2184352.501321103,2184352.501321103,3.412837505340576,0.20683863759040833,16.499999927957553,3.4127776622772217,True,,11182.26021208974,7454840.14139316,True,True
2026-05-08,SZ000089,sell,3542022.728212319,3542022.728212319,2.1441736221313477,0.30807092785835266,6.959999883913788,2.1503350734710693,True,,11392.067554233849,7594711.702822566,True,True
2026-05-08,SH600422,buy,2083394.3660607322,2083394.3660607322,3.5972142219543457,0.38514071702957153,9.339999805001526,3.5933449268341064,True,,3747.207921766612,7494415.8435332235,True,True
2026-05-08,SZ000848,buy,724723.3238931696,724723.3238931696,10.341212272644043,1.147748351097107,9.009999676984167,10.363996505737305,True,,3747.2588656577145,7494517.731315429,True,True
2026-05-11,SH603169,sell,1217051.8517927304,1217051.8517927304,6.171205520629883,0.6722446084022522,9.18000002305293,6.090909004211426,True,,11266.01566001418,7510677.106676119,True,True
2026-05-11,SZ002216,sell,3516271.476615854,3516271.476615854,2.7255072593688965,0.19261534512043,14.150000653711219,2.7274231910705566,True,,14375.435153142449,9583623.435428299,True,True
2026-05-11,SZ300663,buy,2601269.4623480127,2601269.4623480127,3.2594189643859863,0.3230345845222473,10.090000020296623,3.255969524383545,True,,4239.313508527625,8478627.01705525,True,True
2026-05-11,SH605599,buy,5569477.996800904,5569477.996800904,1.5221863985061646,0.0814438983798027,18.68999923613249,1.5201388597488403,True,,4238.891826754849,8477783.653509697,True,True
2026-05-12,SH603556,sell,5481795.3331371285,5481795.3331371285,1.441414475440979,0.04776058718562126,30.179999040609143,1.4410814046859741,True,,11852.308716882992,7901539.14458866,True,True
2026-05-12,SZ300492,sell,525506.1368435025,525506.1368435025,12.872136116027832,0.24965353310108185,51.559999797062964,12.867202758789062,True,,10146.57978488627,6764386.523257513,True,True
2026-05-12,SH603360,buy,737711.2343104631,737711.2343104631,9.998497009277344,0.503449022769928,19.859998842120255,9.96844482421875,True,,3688.0017849817314,7376003.569963463,True,True
2026-05-12,SH603730,buy,3507124.58444514,3507124.58444514,2.1032514572143555,0.18530850112438202,11.349999835153918,2.1070234775543213,True,,3688.182446433266,7376364.892866531,True,True
2026-05-13,SH600552,sell,711736.6474912423,711736.6474912423,11.064160346984863,0.6322377324104309,17.500000047137842,11.190583229064941,True,,11812.152589002819,7874768.392668546,True,True
2026-05-13,SZ000935,sell,627404.598103173,627404.598103173,12.472925186157227,0.40881434082984924,30.509999137600033,12.685534477233887,True,,11738.355920387878,7825570.613591919,True,True
2026-05-13,SH601033,buy,10091668.83055942,10091668.83055942,0.7740657329559326,0.05042773485183716,15.35000005909907,0.7730751633644104,True,,3905.8075150377585,7811615.030075517,True,True
2026-05-13,SH603638,buy,614990.4967400332,614990.4967400332,12.702101707458496,0.4977312684059143,25.519999473088284,12.717299461364746,True,,3905.835919356162,7811671.838712323,True,True
2026-05-14,SH603358,sell,3361375.384592245,3361375.384592245,2.596466064453125,0.0723249614238739,35.899999299495676,2.5877506732940674,True,,13091.545673972754,8727697.115981836,True,True
2026-05-14,SH603730,sell,3507124.58444514,3507124.58444514,2.0663466453552246,0.185322567820549,11.150000076386288,2.049609899520874,True,,10870.402679866576,7246935.119911051,True,True
2026-05-14,SZ300068,buy,25889815.41289645,25889815.41289645,0.3076089024543762,0.0579301156103611,5.309999802578657,0.31241685152053833,True,,3981.9688519537353,7963937.70390747,True,True
2026-05-14,SH600114,buy,480498.86918740335,480498.86918740335,16.568767547607422,0.4732581377029419,35.01000030982547,16.63961410522461,True,,3980.6370352271565,7961274.0704543125,True,True
2026-05-15,SH603360,sell,737711.2343104631,737711.2343104631,10.94509506225586,0.5034542083740234,21.740001136557368,11.050337791442871,True,,12111.479382033187,8074319.588022125,True,True
2026-05-15,SZ300068,sell,25889815.41289645,25889815.41289645,0.29042524099349976,0.0579691082239151,5.010000151661555,0.2931263744831085,True,,11278.583820851514,7519055.880567676,True,True
2026-05-15,SZ002079,buy,1450391.2160733,1450391.2160733,5.371438980102539,0.4203003942966461,12.779999859603752,5.379831790924072,True,,3895.343957207224,7790687.914414448,True,True
2026-05-15,SZ002099,buy,3343372.7545157233,3343372.7545157233,2.330369710922241,0.4081208109855652,5.709999706446394,2.3382022380828857,True,,3895.647299723052,7791294.599446104,True,True
2026-05-18,SH600114,sell,480498.86918740335,480498.86918740335,15.570582389831543,0.4732699692249298,32.90000085010962,15.792984962463379,True,,11222.470846355029,7481647.230903353,True,True
2026-05-18,SH603638,sell,614990.4967400332,614990.4967400332,12.890830039978027,0.49771544337272644,25.900000113768648,13.005273818969727,True,,11891.606954516143,7927737.969677429,True,True
2026-05-18,SH601718,buy,18651762.36936194,18651762.36936194,0.4125533998012543,0.18417562544345856,2.2399999935274124,0.41653159260749817,True,,3847.4239888826833,7694847.977765366,True,True
2026-05-18,SZ000813,buy,10904560.302903133,10904560.302903133,0.705651581287384,0.17909938097000122,3.940000113152704,0.7092069387435913,True,,3847.4101104936153,7694820.220987231,True,True
2026-05-19,SH600850,sell,921493.3852523172,921493.3852523172,8.52034854888916,0.40380796790122986,21.100001055385835,8.261777877807617,True,,11777.167241768311,7851444.827845541,True,True
2026-05-19,SZ000813,sell,10904560.302903133,10904560.302903133,0.7378183603286743,0.17908212542533875,4.120000019970048,0.7360984683036804,True,,12068.377204189712,8045584.802793141,True,True
2026-05-19,SZ300068,buy,28526254.78776392,28526254.78776392,0.27766504883766174,0.0579676516354084,4.789999956942459,0.28159645199775696,True,,3960.3719644000257,7920743.928800051,True,True
2026-05-19,SH688068,buy,3832320.855581522,3832320.855581522,2.06538724899292,0.02215367741882801,93.22999563212854,2.0600931644439697,True,,3957.6133145838567,7915226.629167713,True,True
2026-05-20,SZ000650,sell,921786.6125741649,921786.6125741649,7.345481872558594,1.3235102891921997,5.549999824362442,7.3722310066223145,True,,10156.45027954608,6770966.85303072,True,True
2026-05-20,SZ002563,sell,10073381.479589043,10073381.479589043,0.6949167251586914,0.12002015858888626,5.790000057732302,0.6960721015930176,True,,10500.241903605347,7000161.269070231,True,True
2026-05-20,SZ300363,buy,4139217.338350113,4139217.338350113,1.6732690334320068,0.1139829009771347,14.680000413111694,1.6710926294326782,True,,3463.012097453049,6926024.194906098,True,True
2026-05-20,SZ002891,buy,1913579.6353478634,1913579.6353478634,3.6189348697662354,0.11904390901327133,30.40000030041677,3.634321689605713,True,,3462.5600342174703,6925120.068434941,True,True
2026-05-21,SZ300068,sell,28526254.78776392,28526254.78776392,0.28519153594970703,0.05796575918793678,4.920000012853417,0.28736141324043274,True,,12203.169626722614,8135446.417815076,True,True
2026-05-21,SZ300363,sell,4139217.338350113,4139217.338350113,1.817047119140625,0.11399291455745697,15.940000535952267,1.7975103855133057,True,,11281.729410218997,7521152.940145998,True,True
2026-05-21,SH600759,buy,6697064.205864111,6697064.205864111,1.1601489782333374,0.4158239960670471,2.7900000702371104,1.2225326299667358,True,,3884.796097798153,7769592.195596306,True,True
2026-05-21,SH688209,buy,6134704.243337062,6134704.243337062,1.2664427757263184,0.046766720712184906,27.079999547549015,1.2582266330718994,True,,3884.6259350959062,7769251.8701918125,True,True
2026-05-22,SH688326,sell,7710770.7167010745,7710770.7167010745,0.9352064728736877,0.00999900046736002,93.52999591574228,0.9279072284698486,True,,10816.744027655594,7211162.685103729,True,True
2026-05-22,SZ300663,sell,2601269.4623480127,2601269.4623480127,2.735483407974243,0.3229614496231079,8.469999782223294,2.6647565364837646,True,,10673.594180884604,7115729.453923069,True,True
2026-05-22,SH600113,buy,440756.9800364061,440756.9800364061,16.286117553710938,0.43084967136383057,37.79999994466316,16.234294891357422,True,,3589.1099947457674,7178219.989491534,True,True
2026-05-22,SZ000923,buy,2100714.9807191687,2100714.9807191687,3.4175636768341064,0.2194966971874237,15.57000046299521,3.3600945472717285,True,,3589.6636067435456,7179327.2134870915,True,True
2026-05-25,SH600759,sell,6697064.205864111,6697064.205864111,1.0474860668182373,0.4156690537929535,2.5200001233192464,1.101489782333374,True,,10522.6221663447,7015081.444229799,True,True
2026-05-25,SZ002891,sell,1913579.6353478634,1913579.6353478634,3.5619494915008545,0.11904911696910858,29.91999925900438,3.5736746788024902,True,,10224.111013610569,6816074.009073713,True,True
2026-05-25,SZ300663,buy,2528134.7778104707,2528134.7778104707,2.735851764678955,0.32300493121147156,8.469999991696074,2.709646701812744,True,,3458.3009966095074,6916601.993219014,True,True
2026-05-25,SZ300363,buy,3986493.8087722096,3986493.8087722096,1.7348498106002808,0.11398487538099289,15.220000064057349,1.7347164154052734,True,,3457.98401455383,6915968.02910766,True,True
2026-05-26,SH688209,sell,6134704.243337062,6134704.243337062,1.2165749073028564,0.04677335172891617,26.01000061645672,1.2253199815750122,True,,11194.99086925234,7463327.246168227,True,True
2026-05-26,SZ300779,sell,1268849.6769691238,1268849.6769691238,6.2814788818359375,0.07305744290351868,85.9799991922986,6.0224833488464355,True,,11955.378675158852,7970252.450105902,True,True
2026-05-26,SH600645,buy,1531785.8392261227,1531785.8392261227,5.002474784851074,0.24050359427928925,20.80000009913306,5.026650905609131,True,,3831.3600182603104,7662720.036520621,True,True
2026-05-26,SH603619,buy,8306426.385509503,8306426.385509503,0.9225393533706665,0.03413020074367523,27.03000079897347,0.9118550419807434,True,,3831.50261325449,7663005.22650898,True,True
2026-05-27,SZ000923,sell,2100714.9807191687,2100714.9807191687,3.6485214233398438,0.21952594816684723,16.620000750739692,3.665879487991333,True,,11496.755417227252,7664503.611484834,True,True
2026-05-27,SZ301050,sell,20087341.25255737,20087341.25255737,0.36742252111434937,0.009110402315855026,40.32999952975909,0.37307241559028625,True,,11070.812348248353,7380541.5654989015,True,True
2026-05-27,SH600759,buy,7661632.842933502,7661632.842933502,0.9809162020683289,0.41564247012138367,2.359999934034324,1.0102421045303345,True,,3757.709894966152,7515419.789932304,True,True
2026-05-27,SZ300850,buy,2162956.546362303,2162956.546362303,3.4742372035980225,0.10439414530992508,33.28000045676619,3.474390745162964,True,,3757.3120515689025,7514624.103137805,True,True
2026-05-28,SZ002079,sell,1450391.2160733,1450391.2160733,5.631945610046387,0.4202944338321686,13.40000046799413,5.690756320953369,True,,12252.786663320794,8168524.442213862,True,True
2026-05-28,SZ002807,sell,6900826.16247838,6900826.16247838,1.092814326286316,0.24893265962600708,4.389999801264104,1.097305417060852,True,,11311.982540351692,7541321.693567794,True,True
2026-05-28,SH600325,buy,3428400.78870992,3428400.78870992,2.2819740772247314,0.8328372836112976,2.739999904098645,2.2900214195251465,True,,3911.7608630864306,7823521.726172861,True,True
2026-05-28,SZ000676,buy,3027964.7200258393,3027964.7200258393,2.5836751461029053,0.443168967962265,5.830000141893735,2.5836751461029053,True,,3911.638595203601,7823277.190407203,True,True
2026-05-29,SH601033,sell,10091668.83055942,10091668.83055942,0.7158780694007874,0.05041394755244255,14.200000280797354,0.7145429849624634,True,,10836.606599179468,7224404.399452979,True,True
2026-05-29,SZ000719,sell,1528109.9813244117,1528109.9813244117,4.798685550689697,0.3719911277294159,12.900000008011569,4.8021321296691895,True,,10999.378930869236,7332919.287246157,True,True
2026-05-29,SZ002221,buy,4525964.153225867,4525964.153225867,1.6110799312591553,0.2490077167749405,6.470000014960542,1.6160815954208374,True,,3645.8450084302654,7291690.016860531,True,True
2026-05-29,SH600075,buy,3302765.8263203083,3302765.8263203083,2.207724094390869,0.427853524684906,5.15999978267505,2.203526258468628,True,,3645.7978464490566,7291595.692898113,True,True
2026-06-01,SH600759,sell,7661632.842933502,7661632.842933502,1.2057727575302124,0.41578373312950134,2.8999998351418395,1.147113561630249,True,,13857.282240311955,9238188.16020797,True,True
2026-06-01,SH601718,sell,18651762.36936194,18651762.36936194,0.38301336765289307,0.18414103984832764,2.0800000258952136,0.38411667943000793,True,,10715.811476626232,7143874.317750821,True,True
2026-06-01,SH688326,buy,9900989.636230951,9900989.636230951,0.8209179043769836,0.00999900046736002,82.0999966003328,0.8129187226295471,True,,4063.9498317164735,8127899.663432946,True,True
2026-06-01,SH688776,buy,12028839.704858167,12028839.704858167,0.675961434841156,0.010316872037947178,65.51999795624653,0.670093297958374,True,,4065.5158731850975,8131031.7463701945,True,True
2026-06-02,SH600422,sell,2083394.366060732,2083394.366060732,3.6395273208618164,0.3851351737976074,9.449999814284494,3.6472854614257812,True,,11373.856073111428,7582570.715407618,True,True
2026-06-02,SZ002099,sell,3343372.7545157233,3343372.7545157233,2.509979724884033,0.4081267714500427,6.150000197159991,2.476966381072998,True,,12587.696739846222,8391797.826564148,True,True
2026-06-02,SH688660,buy,9166753.645059759,9166753.645059759,0.8706281781196594,0.08611554652452469,10.110000032011813,0.8748936057090759,True,,3990.4170126350627,7980834.025270125,True,True
2026-06-02,SH688348,buy,27498291.3140721,27498291.3140721,0.29008936882019043,0.0069749788381159306,41.589999848450994,0.2899000346660614,True,,3988.48098546645,7976961.9709329,True,True
2026-06-03,SH600325,sell,3428400.78870992,3428400.78870992,2.3654141426086426,0.8328922986984253,2.8400000171752273,2.3732950687408447,True,,12164.381568217605,8109587.71214507,True,True
2026-06-03,SZ000848,sell,724723.3238931696,724723.3238931696,9.956710815429688,1.2186917066574097,8.16999964883543,9.956780433654785,True,,10823.790835801912,7215860.557201275,True,True
2026-06-03,SZ301511,buy,1974741.153426971,1974741.153426971,3.8770320415496826,0.0320548340678215,120.94999566513657,4.071624279022217,True,,3828.0673628015725,7656134.725603145,True,True
2026-06-03,SH600552,buy,644855.5310636603,644855.5310636603,11.886011123657227,0.6322346329689026,18.800000037710458,11.911808967590332,True,,3832.380007687277,7664760.015374554,True,True
2026-06-04,SH600552,sell,644855.5310636603,644855.5310636603,11.570131301879883,0.6322476267814636,18.299999575766062,11.727952003479004,True,,11191.594747725047,7461063.1651500305,True,True
2026-06-04,SZ002221,sell,4525964.153225867,4525964.153225867,1.6580917835235596,0.24896273016929626,6.660000002394119,1.6828992366790771,True,,11256.695962478963,7504463.974985975,True,True
2026-06-04,SH600629,buy,1514438.3192238493,1514438.3192238493,4.940409183502197,0.30935561656951904,15.969999957611819,4.958987236022949,True,,3740.972490070569,7481944.980141138,True,True
2026-06-04,SH600773,buy,1435945.443903301,1435945.443903301,5.210076332092285,0.33462274074554443,15.570000773062098,5.233155250549316,True,,3740.692685728169,7481385.371456338,True,True
2026-06-05,SH600461,sell,1296916.0839058347,1296916.0839058347,5.337904453277588,0.5531507134437561,9.650000123918021,5.359270095825195,True,,10384.221209712428,6922814.139808285,True,True
2026-06-05,SH688660,sell,9166753.645059759,9166753.645059759,0.8872642517089844,0.0861421599984169,10.300000043245843,0.8706383109092712,True,,12199.999220226828,8133332.813484551,True,True
2026-06-05,SH603360,buy,819759.4319330247,819759.4319330247,9.162614822387695,0.5034403800964355,18.19999981056857,9.253192901611328,True,,3755.5699609108246,7511139.921821649,True,True
2026-06-05,SH603496,buy,2376756.7177353725,2376756.7177353725,3.1603593826293945,0.14014896750450134,22.55000118019342,3.171414613723755,True,,3755.702696561214,7511405.393122428,True,True
2026-06-08,SH600012,sell,765832.678687092,765832.678687092,11.147806167602539,0.6928406357765198,16.09000048778654,11.002309799194336,True,,12806.031388229307,8537354.258819537,True,True
2026-06-08,SH603360,sell,819759.4319330247,819759.4319330247,10.023897171020508,0.5034604072570801,19.910000918705894,10.179564476013184,True,,12325.776376006237,8217184.250670824,True,True
2026-06-08,SH603888,buy,4596559.793674966,4596559.793674966,1.8098264932632446,0.0891101211309433,20.3099992491738,1.7153247594833374,True,,4159.487846230794,8318975.6924615875,True,True
2026-06-08,SZ300492,buy,843587.7051104554,843587.7051104554,9.86109733581543,0.24964801967144012,39.500002238325564,9.95171070098877,True,,4159.350235695682,8318700.471391364,True,True
2026-06-09,SH603619,sell,8306426.385509503,8306426.385509503,0.8537828922271729,0.034316033124923706,24.87999965261343,0.8909705281257629,True,,10637.827115238608,7091884.743492405,True,True
2026-06-09,SH603888,sell,4596559.793674966,4596559.793674966,1.7384194135665894,0.08910401910543442,19.51000000919783,1.737647294998169,True,,11986.123171416299,7990748.780944198,True,True
2026-06-09,SZ300151,buy,1732596.9285499267,1732596.9285499267,4.3667755126953125,0.19127357006072998,22.829999520105403,4.2539896965026855,True,,3782.930920481465,7565861.84096293,True,True
2026-06-09,SH600416,buy,2842107.4562062398,2842107.4562062398,2.662061929702759,0.2604757249355316,10.220000080090479,2.6360182762145996,True,,3782.933029645491,7565866.059290982,True,True
2026-06-10,SZ300775,sell,2251396.3891246896,2251396.3891246896,2.699352741241455,0.12088458240032196,22.330000134361764,2.7132785320281982,True,,9115.969521907266,6077313.014604844,True,True
2026-06-10,SZ300850,sell,2162956.546362303,2162956.546362303,2.9835524559020996,0.10439301282167435,28.580001431692054,3.014835834503174,True,,9679.94147386316,6453294.315908773,True,True
2026-06-10,SH600158,buy,1481234.9112534001,1481234.9112534001,4.265359878540039,0.4557008445262909,9.35999994244899,4.155880451202393,True,,3158.999980576534,6317999.961153069,True,True
2026-06-10,SH688062,buy,5906950.121028072,5906950.121028072,1.0693877935409546,0.040816325694322586,26.20000147856775,1.0787755250930786,True,,3158.4101782413422,6316820.356482685,True,True
2026-06-11,SH600158,sell,1481234.9112534001,1481234.9112534001,4.187965393066406,0.45570898056030273,9.18999969655464,4.329157829284668,True,,9305.040820996544,6203360.54733103,True,True
2026-06-11,SZ300151,sell,1732596.9285499267,1732596.9285499267,4.097074031829834,0.1912733018398285,21.41999951075612,4.135311126708984,True,,10647.866825385054,7098577.883590035,True,True
2026-06-11,SH600331,buy,886368.9111956084,886368.9111956084,7.470902919769287,0.6020066738128662,12.410000162376303,7.470902919769287,True,,3310.9880433219973,6621976.086643995,True,True
2026-06-11,SH601020,buy,2291168.57896098,2291168.57896098,2.890519857406616,0.13984130322933197,20.67000085565796,2.9052224159240723,True,,3311.3341370764056,6622668.274152811,True,True
2026-06-12,SZ300363,sell,3986493.80877221,3986493.80877221,1.5878243446350098,0.11398595571517944,13.929999837897224,1.5739972591400146,True,,9494.777878957888,6329851.919305258,True,True
2026-06-12,SZ300663,sell,2528134.7778104707,2528134.7778104707,2.3093535900115967,0.32298651337623596,7.150000059976218,2.2712512016296387,True,,8757.535687754671,5838357.125169781,True,True
2026-06-12,SH600158,buy,1576536.444980388,1576536.444980388,3.868744134902954,0.4556824564933777,8.490000173968026,3.8963117599487305,True,,3049.608062489315,6099216.12497863,True,True
2026-06-12,SH601595,buy,3946660.012036615,3946660.012036615,1.5451748371124268,0.08680757880210876,17.799999244707546,1.5419223308563232,True,,3049.1398706184027,6098279.741236805,True,True
2026-06-15,SH605599,sell,5569477.996800905,5569477.996800905,1.3288812637329102,0.08578962832689285,15.489999078552248,1.3111110925674438,True,,11101.762438082136,7401174.9587214235,True,True
2026-06-15,SH688062,sell,5906950.121028072,5906950.121028072,1.1530612707138062,0.040816325694322586,28.250001711305266,1.16448974609375,True,,10216.613118893549,6811075.4125957,True,True
2026-06-15,SZ300663,buy,2950300.211497938,2950300.211497938,2.3873531818389893,0.3230518698692322,7.389999577483837,2.3610315322875977,True,,3521.7042986499227,7043408.597299845,True,True
2026-06-15,SH601778,buy,8902655.414143402,8902655.414143402,0.7911248207092285,0.16278289258480072,4.8599997711497664,0.7790142893791199,True,,3521.5558341751207,7043111.668350241,True,True
2026-06-16,SH603496,sell,2376756.7177353725,2376756.7177353725,3.223085880279541,0.14013417065143585,22.999999680995124,3.2038309574127197,True,,11490.736526688639,7660491.017792426,True,True
2026-06-16,SZ300663,sell,2950300.211497938,2950300.211497938,2.461883544921875,0.3230818212032318,7.62000020847118,2.4164278507232666,True,,10894.943314899452,7263295.543266301,True,True
2026-06-16,SH601975,buy,5184610.790311462,5184610.790311462,1.4324932098388672,0.30349433422088623,4.719999842884329,1.3927491903305054,True,,3713.4598763892463,7426919.752778493,True,True
2026-06-16,SH603613,buy,1791991.203353342,1791991.203353342,4.143993377685547,0.20719967782497406,19.999999136997044,4.145938396453857,True,,3712.9998397835016,7425999.679567003,True,True
2026-06-17,SH600416,sell,2842107.4562062398,2842107.4562062398,2.805382013320923,0.2604811489582062,10.77000014988049,2.805471181869507,True,,11959.795706349401,7973197.1375662675,True,True
2026-06-17,SZ301511,sell,1974741.153426971,1974741.153426971,5.321097373962402,0.032054804265499115,165.9999958162137,5.4375,True,,15761.684948633614,10507789.965755742,True,True
2026-06-17,SH603103,buy,8351141.199353211,8351141.199353211,1.0935348272323608,0.06595505774021149,16.57999954362339,1.0952808856964111,True,,4566.131874313882,9132263.748627763,True,True
2026-06-17,SH603108,buy,3812043.264910742,3812043.264910742,2.3959267139434814,0.231267049908638,10.36000033247275,2.3958332538604736,True,,4566.688146553987,9133376.293107975,True,True
2026-06-18,SH601778,sell,8902655.414143402,8902655.414143402,0.8128707408905029,0.1628999412059784,4.990000210390934,0.8171700835227966,True,,10855.062153581392,7236708.102387594,True,True
2026-06-18,SH601975,sell,5184610.790311462,5184610.790311462,1.4141786098480225,0.3041244447231293,4.6499998089120105,1.416918396949768,True,,10997.948520068581,7331965.680045721,True,True
2026-06-18,SH688630,buy,667461.7925708363,667461.7925708363,10.984149932861328,0.0232223030179739,473.00002606802923,11.0485258102417,True,,3665.7502020272264,7331500.404054453,True,True
2026-06-18,SH603567,buy,21797767.913968626,21797767.913968626,0.33777788281440735,0.06546083092689514,5.159999927156874,0.3325485587120056,True,,3681.4019480300717,7362803.896060144,True,True
2026-06-22,SH603567,sell,21797767.913968626,21797767.913968626,0.31020501255989075,0.06544409692287445,4.739999895261231,0.30635666847229004,True,,10142.665304295333,6761776.869530221,True,True
2026-06-22,SH688776,sell,12028839.704858167,12028839.704858167,0.6396434307098389,0.010316829197108746,62.00000198598777,0.6412948369979858,True,,11541.252444411306,7694168.296274204,True,True
2026-06-22,SZ002484,buy,320765.8854406843,320765.8854406843,22.548994064331055,0.20793981850147247,108.44000070227713,22.470195770263672,True,,3616.4740234209426,7232948.046841885,True,True
2026-06-22,SZ001203,buy,2726793.3806146574,2726793.3806146574,2.6531736850738525,0.0839080810546875,31.620001932169487,2.723897933959961,True,,3617.3282210401894,7234656.4420803785,True,True
2026-06-23,SH688630,sell,667461.7925708363,667461.7925708363,11.275653839111328,0.023222435265779495,485.5500170443836,11.332426071166992,True,,11289.102185792219,7526068.123861479,True,True
2026-06-23,SZ002484,sell,320765.8854406843,320765.8854406843,21.417755126953125,0.20793937146663666,102.99999935505022,21.833681106567383,True,,10305.12778117331,6870085.187448874,True,True
2026-06-23,SZ301511,buy,1382022.1002377926,1382022.1002377926,5.192825794219971,0.03205448016524315,162.00000023243493,5.26094913482666,True,,3588.3000051484337,7176600.010296867,True,True
2026-06-23,SZ300663,buy,2983423.921812695,2983423.921812695,2.4094653129577637,0.32298460602760315,7.460000470585413,2.4326648712158203,True,,3594.228226728052,7188456.453456104,True,True
2026-06-24,SH603108,sell,3812043.264910742,3812043.264910742,2.4281249046325684,0.23125000298023224,10.49999945228165,2.412173271179199,True,,13884.17578359993,9256117.18906662,True,True
2026-06-24,SZ000676,sell,3027964.7200258393,3027964.7200258393,2.4950435161590576,0.44316938519477844,5.629999723610093,2.4905660152435303,True,,11332.35561278827,7554903.7418588465,True,True
2026-06-24,SZ000403,buy,2319983.0918276007,2319983.0918276007,3.5923078060150146,0.36995959281921387,9.710000431778095,3.610990524291992,True,,4167.04668529757,8334093.3705951385,True,True
2026-06-24,SH600072,buy,2757742.3088607662,2757742.3088607662,3.0222511291503906,0.323235422372818,9.34999978332988,3.006046772003174,True,,4167.294903430128,8334589.806860256,True,True
2026-06-25,SH601020,sell,2291168.57896098,2291168.57896098,3.4263525009155273,0.13985112309455872,24.49999989344983,3.5241780281066895,True,,11775.526785813043,7850351.190542028,True,True
2026-06-25,SZ301511,sell,1382022.1002377926,1382022.1002377926,4.583925247192383,0.03205542266368866,142.9999939568697,4.615875720977783,True,,9502.62899618679,6335085.997457859,True,True
2026-06-25,SH603256,buy,163118.6635477493,163118.6635477493,43.70152282714844,0.16307146847248077,267.9899999460869,43.700626373291016,True,,3564.266999282956,7128533.998565912,True,True
2026-06-25,SH688630,buy,589949.6273357638,589949.6273357638,12.075607299804688,0.023222321644425392,520.0000019250222,11.933333396911621,True,,3562.000013186402,7124000.026372804,True,True
2026-06-26,SH688348,sell,27498291.3140721,27498291.3140721,0.23951947689056396,0.006974941119551659,34.339999834430145,0.24084798991680145,True,,9879.564526396332,6586376.350930888,True,True
2026-06-26,SZ300492,sell,843587.7051104554,843587.7051104554,8.638400077819824,0.24966475367546082,34.599998400450545,8.72535228729248,True,,10930.872146211008,7287248.097474005,True,True
2026-06-26,SZ002484,buy,295274.44071596785,295274.44071596785,23.499542236328125,0.2079421430826187,113.01000310933308,23.085453033447266,True,,3469.407095456526,6938814.190913051,True,True
2026-06-26,SH688639,buy,7298459.325310372,7298459.325310372,0.9519565105438232,0.06230081990361214,15.279999717766632,1.0663830041885376,True,,3473.9079358342437,6947815.871668488,True,True
2026-06-29,SH603613,sell,1791991.203353342,1791991.203353342,3.8516790866851807,0.20719090104103088,18.590001140650557,3.870123863220215,True,,10353.262562219817,6902175.041479878,True,True
2026-06-29,SH688326,sell,9900989.636230951,9900989.636230951,0.6742925643920898,0.010038597509264946,67.16999698112843,0.674732506275177,True,,10014.24553775051,6676163.691833673,True,True
2026-06-29,SH603887,buy,5092045.3828933025,5092045.3828933025,1.333126425743103,0.13786208629608154,9.670000371820825,1.345163106918335,True,,3394.170130509109,6788340.2610182185,True,True
2026-06-29,SH605599,buy,5602822.480393562,5602822.480393562,1.211440086364746,0.0857960432767868,14.11999947895635,1.1902778148651123,True,,3393.7418747671586,6787483.749534317,True,True
2026-06-30,SH603256,sell,163118.6635477493,163118.6635477493,41.749820709228516,0.16307249665260315,256.0200007127447,43.58934020996094,True,,10215.262436171255,6810174.957447503,True,True
2026-06-30,SZ002484,sell,295274.44071596785,295274.44071596785,21.748424530029297,0.20793981850147247,104.589994772335,22.041683197021484,True,,9632.630834336755,6421753.889557837,True,True
2026-06-30,SZ000829,buy,1168258.0981438155,1168258.0981438155,5.659822940826416,0.7982825040817261,7.089999983573457,5.659831523895264,True,,3306.066992340303,6612133.984680606,True,True
2026-06-30,SH600163,buy,4919010.325683356,4919010.325683356,1.344229817390442,0.2536282539367676,5.300000282009487,1.2835052013397217,True,,3306.140175917518,6612280.351835036,True,True
2026-07-01,SZ001203,sell,2726793.3806146574,2726793.3806146574,2.584975242614746,0.08447631448507309,30.60000022931291,2.529775619506836,True,,10573.040070921987,7048693.380614658,True,True
2026-07-01,SZ300663,sell,2983423.921812695,2983423.921812695,2.151552438735962,0.3230559229850769,6.659999974169642,2.150907278060913,True,,9628.489522138967,6418993.014759311,True,True
2026-07-01,SZ000603,buy,1097286.2826906077,1097286.2826906077,6.119483470916748,0.2523498237133026,24.25000097431873,5.829651355743408,True,,3357.412634894428,6714825.269788856,True,True
2026-07-01,SH603402,buy,11291902.33282714,11291902.33282714,0.5946647524833679,0.010060306638479233,59.11000269205119,0.595075786113739,True,,3357.448152908508,6714896.3058170155,True,True
2026-07-02,SH600113,sell,440756.9800364061,440756.9800364061,15.72635269165039,0.4308589696884155,36.50000069169553,15.726655006408691,True,,10397.249579038848,6931499.719359232,True,True
2026-07-02,SH688068,sell,3832320.855581522,3832320.855581522,2.097299098968506,0.022153787314891815,94.67000243153448,2.060375213623047,True,,12056.28461605401,8037523.07736934,True,True
2026-07-02,SH600509,buy,1606748.1619884688,1606748.1619884688,4.625481605529785,0.4525911509990692,10.220000093504474,4.208965301513672,True,,3715.9920339982273,7431984.067996454,True,True
2026-07-02,SH600338,buy,4441682.92490246,4441682.92490246,1.6731919050216675,0.1081572026014328,15.469999822272605,1.6772726774215698,True,,3715.8939573098796,7431787.914619759,True,True
2026-07-03,SH600509,sell,1606748.1619884688,1606748.1619884688,3.991532802581787,0.45255473256111145,8.820000135658253,3.9420690536499023,True,,9620.081991097451,6413387.994064968,True,True
2026-07-03,SZ000603,sell,1097286.2826906077,1097286.2826906077,6.422728061676025,0.2523665428161621,25.449998205010477,6.238372325897217,True,,10571.357099293708,7047571.399529138,True,True
2026-07-03,SZ002020,buy,434866.0542227229,434866.0542227229,15.528753280639648,1.0044472217559814,15.459999235691226,14.725075721740723,True,,3376.4638330749635,6752927.666149927,True,True
2026-07-03,SH600776,buy,3607935.4307672693,3607935.4307672693,1.8717809915542603,0.14703699946403503,12.72999992095251,1.8703815937042236,True,,3376.6324790326535,6753264.958065307,True,True
2026-07-06,SH605599,sell,5602822.480393562,5602822.480393562,1.2579262256622314,0.0858066976070404,14.660000451515094,1.2715277671813965,True,,10571.906003725462,7047937.335816975,True,True
2026-07-06,SZ002020,sell,434866.0542227229,434866.0542227229,14.43373966217041,1.004435658454895,14.369999253484854,15.257553100585938,True,,9415.115121849096,6276743.414566063,True,True
2026-07-06,SH600996,buy,12183673.767291168,12183673.767291168,0.5461364388465881,0.08175694942474365,6.680000204133112,0.5506230592727661,True,,3326.9741016684966,6653948.203336993,True,True
2026-07-06,SH605196,buy,1741792.8371083539,1741792.8371083539,3.8196964263916016,0.1404300183057785,27.19999949066749,3.7207703590393066,True,,3326.559937708634,6653119.875417268,True,True
2026-07-07,SH600645,sell,1531785.8392261227,1531785.8392261227,4.675429344177246,0.2405056357383728,19.439999107810007,4.675417423248291,True,,10742.634692569476,7161756.461712983,True,True
2026-07-07,SZ000829,sell,1168258.0981438155,1168258.0981438155,6.051459312438965,0.7983455061912537,7.5800004703593356,6.067297458648682,True,,10604.49952101694,7069666.347344627,True,True
2026-07-07,SH603220,buy,2912430.623039051,2912430.623039051,2.4308407306671143,0.12123893946409225,20.04999995390973,2.4150443077087402,True,,3539.8274918627626,7079654.983725525,True,True
2026-07-07,SH603826,buy,1521182.4663563725,1521182.4663563725,4.653919696807861,0.18926066160202026,24.590000148019048,4.628834247589111,True,,3539.730521307342,7079461.0426146835,True,True
2026-07-08,SH688630,sell,589949.6273357638,589949.6273357638,10.914544105529785,0.023222435265779495,469.9999797873663,10.734013557434082,True,,9658.54684139558,6439031.227597054,True,True
2026-07-08,SZ000403,sell,2319983.0918276007,2319983.0918276007,3.3779234886169434,0.36998069286346436,9.129999358813876,3.3741865158081055,True,,11755.088068617917,7836725.379078612,True,True
2026-07-08,SH600120,buy,1085195.853434864,1085195.853434864,6.562557697296143,1.3392974138259888,4.900000275927359,6.535793304443359,True,,3560.8302005164114,7121660.401032823,True,True
2026-07-08,SZ002497,buy,1723736.234543102,1723736.234543102,4.130826950073242,0.17154596745967865,24.080000312710236,4.228671550750732,True,,3560.2280462342087,7120456.092468417,True,True
2026-07-09,SH600120,sell,1085195.853434864,1085195.853434864,6.522301197052002,1.3392815589904785,4.870000003560395,6.7768449783325195,True,,10616.961320841123,7077974.213894082,True,True
2026-07-09,SZ002497,sell,1723736.234543102,1723736.234543102,3.7398321628570557,0.1715519279241562,21.800000781748434,3.8066048622131348,True,,9669.726315339609,6446484.210226406,True,True
2026-07-09,SH603026,buy,787006.3847689957,787006.3847689957,8.59253978729248,0.11511977761983871,74.63999640155419,8.3297758102417,True,,3381.1918369904056,6762383.673980811,True,True
2026-07-09,SH688006,buy,9391163.67267093,9391163.67267093,0.7204161286354065,0.027195777744054794,26.489999124694826,0.7156718969345093,True,,3382.7728882235288,6765545.776447058,True,True
2026-07-10,SH603402,sell,11291902.33282714,11291902.33282714,0.5835437774658203,0.010061100125312805,57.999997037866436,0.59257572889328,True,,9883.979013109587,6589319.342073058,True,True
2026-07-10,SH603826,sell,1521182.4663563725,1521182.4663563725,4.163203239440918,0.18923650681972504,22.00000047246152,4.163599014282227,True,,9499.487657573363,6332991.771715575,True,True
2026-07-10,SH688195,buy,582316.7868211266,582316.7868211266,11.094878196716309,0.06834767758846283,162.32999551968885,11.120189666748047,True,,3230.3669108418085,6460733.821683616,True,True
2026-07-10,SH688205,buy,1374940.7663741303,1374940.7663741303,4.695827960968018,0.02625567652285099,178.85000818322536,4.6976399421691895,True,,3228.242647707218,6456485.295414436,True,True
2026-07-13,SH601595,sell,3946660.012036615,3946660.012036615,1.497007966041565,0.0868334099650383,17.239999749454785,1.4914791584014893,True,,8862.272215914767,5908181.4772765115,True,True
2026-07-13,SH603220,sell,2912430.623039051,2912430.623039051,2.4821228981018066,0.12125661224126816,20.47000037542734,2.499114990234375,True,,10843.51610786721,7229010.73857814,True,True
2026-07-13,SH600744,buy,6124145.568819911,6124145.568819911,1.0711557865142822,0.1933494210243225,5.539999969172577,1.0767420530319214,True,,3279.9569817486245,6559913.9634972485,True,True
2026-07-13,SH688190,buy,10695947.306206545,10695947.306206545,0.6129571795463562,0.00797498319298029,76.85999640549602,0.6012157797813416,True,,3278.0788466944055,6556157.69338881,True,True
2026-07-14,SH600629,sell,1514438.3192238493,1514438.3192238493,5.369202136993408,0.3718284070491791,14.439999836492488,5.216833114624023,True,,12196.988189882097,8131325.459921397,True,True
2026-07-14,SH600996,sell,12183673.767291168,12183673.767291168,0.5282317996025085,0.08176962286233902,6.460000439182636,0.5288162231445312,True,,9653.705879799134,6435803.919866089,True,True
2026-07-14,SH600301,buy,1132388.0365028365,1132388.0365028365,6.3889031410217285,0.14032292366027832,45.53000304133669,6.425750255584717,True,,3617.3587416341998,7234717.4832684,True,True
2026-07-14,SH600330,buy,1836274.9432166356,1836274.9432166356,3.9396796226501465,0.1828157603740692,21.549999926641746,3.9321298599243164,True,,3617.1674876868174,7234334.975373634,True,True
2026-07-15,SH688205,sell,1374940.7663741303,1374940.7663741303,4.489712715148926,0.02625562995672226,170.9999997162292,4.442477703094482,True,,9259.633562049812,6173089.041366541,True,True
2026-07-15,SH688639,sell,7298459.325310372,7298459.325310372,0.9948970079421997,0.06229787319898605,15.969999565866278,0.9880850911140442,True,,10891.823018008701,7261215.345339134,True,True
2026-07-15,SZ002243,buy,6027762.950218845,6027762.950218845,1.1166666746139526,0.15929624438285828,7.01000000935437,1.0912281274795532,True,,3365.501004491033,6731002.008982066,True,True
2026-07-15,SH600391,buy,1897500.2149321,1897500.2149321,3.546347141265869,0.1264294981956482,28.04999776063287,3.5844993591308594,True,,3364.5972313879124,6729194.462775825,True,True
2026-07-16,SH600330,sell,1836274.9432166356,1836274.9432166356,4.094809055328369,0.18280398845672607,22.399998434923127,4.283393383026123,True,,11278.792898334099,7519195.265556066,True,True
2026-07-16,SZ002243,sell,6027762.950218845,6027762.950218845,1.097482681274414,0.15928632020950317,6.889999592124028,1.1166666746139526,True,,9923.048167039125,6615365.44469275,True,True
2026-07-16,SH600577,buy,729545.82632704,729545.82632704,9.64729118347168,1.225831151008606,7.870000020422022,9.684210777282715,True,,3519.070509131707,7038141.018263414,True,True
2026-07-16,SH603306,buy,682201.5098837148,682201.5098837148,10.312004089355469,0.1297270655632019,79.48999728458014,10.410919189453125,True,,3517.4323798426713,7034864.759685342,True,True
2026-07-17,SH600075,sell,3302765.8263203083,3302765.8263203083,1.8353097438812256,0.4278111457824707,4.289999832810401,1.8397853374481201,True,,9092.397454205384,6061598.302803589,True,True
2026-07-17,SH600163,sell,4919010.325683356,4919010.325683356,1.2326509952545166,0.25520724058151245,4.830000091086019,1.240206241607666,True,,9095.134460431249,6063422.973620833,True,True
2026-07-17,SH600058,buy,2685609.045836176,2685609.045836176,2.2716097831726074,0.2663083076477051,8.529999695607255,2.2955939769744873,True,,3050.3278911491543,6100655.782298309,True,True
2026-07-17,SH600330,buy,1549100.8301873505,1549100.8301873505,3.9378509521484375,0.18281573057174683,21.540000632511276,3.904693126678467,True,,3050.0640895635966,6100128.179127193,True,True
2026-07-20,SH603103,sell,8351141.19935321,8351141.19935321,0.8921974301338196,0.06594216078519821,13.529999919779513,0.9074157476425171,True,,11176.300075121397,7450866.716747598,True,True
2026-07-20,SH603887,sell,5092045.3828933025,5092045.3828933025,1.1553007364273071,0.13786403834819794,8.38000068958816,1.1305094957351685,True,,8824.265671166851,5882843.780777901,True,True
2026-07-20,SH600114,buy,495955.8227175866,495955.8227175866,13.357641220092773,0.47705861926078796,27.999999750116057,12.999312400817871,True,,3312.3999704387297,6624799.940877459,True,True
2026-07-20,SH600259,buy,1299590.4158078437,1299590.4158078437,5.0970258712768555,0.06725195795297623,75.78999967318107,4.980204105377197,True,,3312.022985718013,6624045.971436026,True,True
2026-07-21,SH600744,sell,6124145.568819911,6124145.568819911,1.3534151315689087,0.19334502518177032,6.999999768789068,1.2683615684509277,True,,12432.766921157323,8288511.280771549,True,True
2026-07-21,SH605196,sell,1741792.8371083539,1741792.8371083539,3.584689140319824,0.14041085541248322,25.530000011673796,3.5955984592437744,True,,9365.678801803759,6243785.867869172,True,True
2026-07-21,SH600184,buy,1456819.2048703532,1456819.2048703532,4.957650184631348,0.30985313653945923,16.0,4.914098739624023,True,,3611.2000000000003,7222400.0,True,True
2026-07-21,SH600186,buy,2152333.6853641644,2152333.6853641644,3.355734348297119,0.4043053388595581,8.300000088454896,3.2910170555114746,True,,3611.3300384867257,7222660.076973451,True,True
2026-07-22,SH600331,sell,886368.9111956084,886368.9111956084,6.92307710647583,0.6020066738128662,11.50000059405964,6.92307710647583,True,,9204.600475485337,6136400.316990225,True,True
2026-07-22,SH600391,sell,1897500.2149321,1897500.2149321,3.2997446060180664,0.12642699480056763,26.10000033001853,3.3439180850982666,True,,9391.899148710478,6261266.099140318,True,True
2026-07-22,SH600366,buy,1266206.0465826471,1266206.0465826471,4.926607131958008,0.4604305922985077,10.699999553383229,5.027695655822754,True,,3119.0498698112115,6238099.7396224225,True,True
2026-07-22,SH600458,buy,1041715.9301154448,1041715.9301154448,5.988100528717041,0.5735728740692139,10.43999951781968,6.062459468841553,True,,3118.9498559486296,6237899.71189726,True,True
2026-07-23,SH600776,sell,3607935.4307672693,3607935.4307672693,1.7072086334228516,0.14704640209674835,11.609999354486778,1.708661437034607,True,,9239.247774357116,6159498.516238078,True,True
2026-07-23,SH688190,sell,10695947.306206545,10695947.306206545,0.5201770067214966,0.007974506355822086,65.22999462427187,0.5222644209861755,True,,8345.678780690063,5563785.853793375,True,True
2026-07-23,SH600226,buy,744120.5030510274,744120.5030510274,7.887556076049805,1.3789433240890503,5.720000190189424,7.804819107055664,True,,2934.6460975766845,5869292.195153369,True,True
2026-07-23,SH600345,buy,3055136.455150339,3055136.455150339,1.920464038848877,0.04271494969725609,44.959997669674024,1.9264674186706543,True,,2933.6398479462305,5867279.695892461,True,True
2026-07-24,SH600072,sell,2757742.3088607662,2757742.3088607662,2.714780569076538,0.3231881558895111,8.40000018442707,2.7475435733795166,True,,11229.997851923215,7486665.234615477,True,True
2026-07-24,SH600458,sell,1041715.9301154448,1041715.9301154448,6.05102014541626,0.5735564231872559,10.549999792157694,6.11971378326416,True,,9455.166118394389,6303444.078929593,True,True
2026-07-24,SH600552,buy,677702.2313282603,677702.2313282603,10.079116821289062,0.6339067220687866,15.89999990597253,10.288490295410156,True,,3415.3199798029,6830639.9596058,True,True
2026-07-24,SH600869,buy,798841.9133601327,798841.9133601327,8.552124977111816,0.556054949760437,15.379999729876149,8.679572105407715,True,,3415.8979400054923,6831795.880010985,True,True
2026-07-27,SH600773,sell,1435945.443903301,1435945.443903301,3.33943247795105,0.33461248874664307,9.97999952261062,3.3491978645324707,True,,7192.8642779047805,4795242.85193652,True,True
2026-07-27,SH603026,sell,787006.3847689957,787006.3847689957,7.222522735595703,0.11511830985546112,62.73999978512604,7.140875339508057,True,,8526.257260579578,5684171.507053051,True,True
2026-07-27,SH600783,buy,1124262.5867680127,1124262.5867680127,4.722395896911621,0.3318619728088379,14.230000071842694,4.735696315765381,True,,2654.606513402254,5309213.026804509,True,True
2026-07-27,SH600877,buy,1234732.2430489967,1234732.2430489967,4.29984712600708,0.3668811619281769,11.71999974980685,4.36205530166626,True,,2654.579943331252,5309159.886662504,True,True
2026-07-28,SH600366,sell,1266206.0465826471,1266206.0465826471,5.106151103973389,0.4604284167289734,11.089999918443509,5.184268951416016,True,,9698.159103923645,6465439.402615763,True,True
2026-07-28,SH600783,sell,1124262.5867680127,1124262.5867680127,4.828476905822754,0.33185410499572754,14.549999030100647,4.891645431518555,True,,8142.713904434849,5428475.936289899,True,True
2026-07-28,SH601126,buy,1315114.9853255507,1315114.9853255507,4.486478805541992,0.10318489372730255,43.47999637814113,4.550626754760742,True,,2950.1177542568757,5900235.508513751,True,True
2026-07-28,SH601208,buy,1030263.5016454088,1030263.5016454088,5.7276611328125,0.1363728791475296,42.000001529748864,5.900790214538574,True,,2950.5001074648576,5901000.214929715,True,True
2026-07-29,SH600552,sell,677702.2313282603,677702.2313282603,10.015892028808594,0.6339172124862671,15.800000112831096,10.1614351272583,True,,10181.68856499978,6787792.37666652,True,True
2026-07-29,SH600877,sell,1234732.2430489967,1234732.2430489967,4.3913493156433105,0.366862952709198,11.969999377735506,4.3913044929504395,True,,8133.210885773912,5422140.590515941,True,True
2026-07-29,SH600619,buy,1572794.0669601173,1572794.0669601173,3.869415760040283,0.28598785400390625,13.53000033346672,3.906618356704712,True,,3042.897074996665,6085794.14999333,True,True
2026-07-29,SZ002338,buy,2254961.6537821353,2254961.6537821353,2.6983776092529297,0.0630609393119812,42.790000255201626,2.725576877593994,True,,3042.3690181448355,6084738.0362896705,True,True
2026-07-30,SH600158,sell,1576536.444980388,1576536.444980388,3.1897315979003906,0.4556759297847748,7.000000196207351,3.217118978500366,True,,7543.092170693242,5028728.113795495,True,True
2026-07-30,SH600619,sell,1572794.0669601173,1572794.0669601173,3.6606526374816895,0.2859884798526764,12.80000033346599,3.8379569053649902,True,,8636.17912414966,5757452.749433107,True,True
2026-07-30,SH688205,buy,1694900.8002885426,1694900.8002885426,3.1957857608795166,0.026255223900079727,121.71999648686341,3.1984596252441406,True,,2708.269921832711,5416539.843665422,True,True
2026-07-30,SH688798,buy,18567715.659635793,18567715.659635793,0.29159215092658997,0.005450320430099964,53.50000145243605,0.293826699256897,True,,2707.100073493264,5414200.146986528,True,True
2026-07-31,SH600058,sell,2685609.045836176,2685609.045836176,2.543168306350708,0.26630035042762756,9.549999848918205,2.561628580093384,True,,10244.933712928992,6829955.808619328,True,True
2026-07-31,SH601208,sell,1030263.5016454087,1030263.5016454087,4.895846366882324,0.1363745480775833,35.90000066652527,4.535557270050049,True,,7566.017732193204,5044011.821462136,True,True
2026-07-31,SH688141,buy,2643554.0183172915,2643554.0183172915,2.2311785221099854,0.019708316773176193,113.20999899629726,1.9406780004501343,True,,2949.120473853544,5898240.947707088,True,True
2026-07-31,SH688147,buy,1733636.672321832,1733636.672321832,3.4020276069641113,0.036628205329179764,92.87999716038216,2.970491886138916,True,,2948.9399098421336,5897879.819684267,True,True
2026-08-03,SH600869,sell,798841.9133601327,798841.9133601327,7.384018898010254,0.5560255646705627,13.27999891944749,7.38970947265625,True,,8847.995677160836,5898663.78477389,True,True
2026-08-03,SH688141,sell,2643554.0183172915,2643554.0183172915,2.211273193359375,0.019708316773176193,112.200002608493,2.2489161491394043,True,,8768.430203853728,5845620.135902485,True,True
2026-08-03,SH600726,buy,4503720.561530002,4503720.561530002,1.3028115034103394,0.23223021626472473,5.609999957650789,1.3027759790420532,True,,2933.74947785348,5867498.9557069605,True,True
2026-08-03,SH688167,buy,4462691.893425294,4462691.893425294,1.3145267963409424,0.007573904003947973,173.56000229943925,1.3287713527679443,True,,2933.1640388605233,5866328.077721046,True,True
2026-08-04,SH600259,sell,1299590.4158078437,1299590.4158078437,5.242425441741943,0.06725369393825531,77.94999998892168,5.1417622566223145,True,,10219.508789512547,6813005.859675031,True,True
2026-08-04,SH600338,sell,4441682.92490246,4441682.92490246,1.4223341941833496,0.10832705348730087,13.129999832868057,1.423295497894287,True,,9476.336255713624,6317557.503809083,True,True
2026-08-04,SH688150,buy,3765881.5584146692,3765881.5584146692,1.730224370956421,0.05440957099199295,31.800000246483197,1.721052646636963,True,,3257.9100252522035,6515820.050504407,True,True
2026-08-04,SH688503,buy,7295989.303024053,7295989.303024053,0.8927644491195679,0.015131601132452488,58.9999988305845,0.8835538029670715,True,,3256.7999354482645,6513599.8708965285,True,True
2026-08-05,SH600345,sell,3055136.455150339,3055136.455150339,1.8068134784698486,0.04271426796913147,42.29999867434431,1.8461538553237915,True,,8280.09258859534,5520061.725730226,True,True
2026-08-05,SZ002338,sell,2254961.6537821353,2254961.6537821353,2.516711711883545,0.06305967271327972,39.91000275765071,2.516730785369873,True,,8512.632605882682,5675088.403921788,True,True
2026-08-05,SH688800,buy,4242649.368360447,4242649.368360447,1.3285095691680908,0.027223555371165276,48.80000246313255,1.355706810951233,True,,2818.200142245905,5636400.28449181,True,True
2026-08-05,SZ002222,buy,746519.6610659041,746519.6610659041,7.543807029724121,0.14507320523262024,52.00000246515453,7.677403926849365,True,,2815.800133488118,5631600.266976235,True,True
2026-08-06,SH688006,sell,9391163.67267093,9391163.67267093,0.6030753254890442,0.027202313765883446,22.1700010770925,0.6083852052688599,True,,8495.368632925365,5663579.088616909,True,True
2026-08-06,SH688195,sell,582316.7868211266,582316.7868211266,8.204564094543457,0.06834857910871506,120.0400096319969,8.54346752166748,True,,7166.4831012037985,4777655.400802532,True,True
2026-08-06,SZ300672,buy,278127.44432835863,278127.44432835863,18.775564193725586,0.1341111809015274,139.99999155560153,19.380834579467773,True,,2610.9998425119684,5221999.685023936,True,True
2026-08-06,SZ300870,buy,1534214.497130697,1534214.497130697,3.401371955871582,0.017011962831020355,199.9400063154013,3.466352939605713,True,,2609.2170824159875,5218434.164831975,True,True
2026-08-07,SH600301,sell,1132388.0365028365,1132388.0365028365,6.864898681640625,0.14032907783985138,48.920001380434464,6.864928722381592,True,,11660.593708340908,7773729.138893939,True,True
2026-08-07,SH600330,sell,1549100.8301873505,1549100.8301873505,3.957874298095703,0.18281173706054688,21.65000104334036,3.957761764526367,True,,9196.719541435847,6131146.36095723,True,True
2026-08-07,SZ301489,buy,2460949.2009141557,2460949.2009141557,2.7878267765045166,0.028159866109490395,99.00000112447152,2.7610833644866943,True,,3430.3500389629385,6860700.077925877,True,True
2026-08-07,SZ301217,buy,1447288.6266322604,1447288.6266322604,4.737894058227539,0.04726078733801842,100.25000269972635,4.678802013397217,True,,3428.550092330641,6857100.184661281,True,True
2026-08-10,SH688147,sell,1733636.6723218318,1733636.6723218318,3.793532609939575,0.036627717316150665,103.56999802078441,3.832786798477173,True,,9864.91087536,6576607.250239999,True,True
2026-08-10,SZ301217,sell,1447288.6266322604,1447288.6266322604,5.615398406982422,0.04726368561387062,118.80999829040952,5.47327184677124,True,,12190.65337265186,8127102.2484345725,True,True
2026-08-10,SH600428,buy,1028329.9245095674,1028329.9245095674,7.11961030960083,0.6023358702659607,11.820000536340588,7.198360443115234,True,,3660.65416610468,7321308.33220936,True,True
2026-08-10,SH600869,buy,801380.8678430157,801380.8678430157,9.135741233825684,0.5560402274131775,16.430000534902266,8.985735893249512,True,,3660.6041191762247,7321208.23835245,True,True
2026-08-11,SH600186,sell,2152333.6853641644,2152333.6853641644,4.39464807510376,0.40429145097732544,10.870000007371495,4.398663520812988,True,,14188.123631049912,9458749.087366607,True,True
2026-08-11,SH603306,sell,682201.5098837148,682201.5098837148,9.600201606750488,0.12973244488239288,74.00000528359283,10.118965148925781,True,,9823.908046969873,6549272.031313248,True,True
2026-08-11,SH688700,buy,2821648.355330646,2821648.355330646,2.818814754486084,0.0478089340031147,58.96000011843898,2.8231308460235596,True,,3976.852007988709,7953704.015977418,True,True
2026-08-11,SZ300322,buy,1382215.4543270057,1382215.4543270057,5.754587650299072,0.31688258051872253,18.15999996238061,5.842744827270508,True,,3977.0399917613545,7954079.9835227085,True,True
2026-08-12,SH600184,sell,1456819.2048703532,1456819.2048703532,5.539933681488037,0.3098396956920624,17.879999749915715,5.536881446838379,True,,12106.022671349836,8070681.780899891,True,True
2026-08-12,SZ300672,sell,278127.44432835863,278127.44432835863,22.368488311767578,0.134111687541008,166.78999960333698,22.229320526123047,True,,9331.935731461017,6221290.487640678,True,True
2026-08-12,SH603306,buy,780852.3539360914,780852.3539360914,9.18618392944336,0.12973003089427948,70.81000340568353,9.185057640075684,True,,3586.5266724978705,7173053.344995741,True,True
2026-08-12,SH688182,buy,5283815.686954933,5283815.686954933,1.3576173782348633,0.0522160530090332,26.0,1.3610256910324097,True,,3586.7,7173399.999999999,True,True
2026-08-13,SH688205,sell,1694900.8002885426,1694900.8002885426,3.939018964767456,0.02625487558543682,150.02999926430311,3.8595542907714844,True,,10014.369593604162,6676246.395736108,True,True
2026-08-13,SZ002222,sell,746519.6610659041,746519.6610659041,9.647066116333008,0.14506866037845612,66.50000138669286,9.50240421295166,True,,10802.586791167927,7201724.527445285,True,True
2026-08-13,SH600664,buy,1128731.1132438944,1128731.1132438944,6.146326541900635,0.6905984878540039,8.9,6.084196090698242,True,,3468.7749999999996,6937549.999999999,True,True
2026-08-13,SH603063,buy,3718684.5776774506,3718684.5776774506,1.865700125694275,0.05407826229929924,34.5000014121839,1.8648648262023926,True,,3468.975141995091,6937950.283990181,True,True
2026-08-14,SH600664,sell,1128731.1132438944,1128731.1132438944,6.028902053833008,0.6905958652496338,8.730000217498702,6.118702411651611,True,,10207.513990291998,6805009.326861332,True,True
2026-08-14,SZ300322,sell,1382215.4543270057,1382215.4543270057,5.833654880523682,0.31687426567077637,18.409998893960953,5.706933498382568,True,,12095.051896604991,8063367.931069994,True,True
2026-08-14,SZ002222,buy,791317.6367922707,791317.6367922707,9.339895248413086,0.1450744867324829,64.37999857022301,9.239422798156738,True,,3695.4119179308004,7390823.835861601,True,True
2026-08-14,SZ300576,buy,605459.7899659697,605459.7899659697,12.211962699890137,0.38780444860458374,31.490001581549148,12.11036205291748,True,,3696.92618567387,7393852.371347739,True,True
2026-08-17,SH688167,sell,4462691.893425294,4462691.893425294,2.119910955429077,0.007573815528303385,279.8999985551483,2.0521514415740967,True,,14190.76415336522,9460509.435576813,True,True
2026-08-17,SZ002222,sell,791317.6367922707,791317.6367922707,9.574578285217285,0.14506936073303223,66.00000328695981,9.424038887023926,True,,11364.7989929111,7576532.661940734,True,True
2026-08-17,SZ301389,buy,2994601.9315694,2994601.9315694,2.821223020553589,0.05142586678266525,54.85999939440152,2.8018147945404053,True,,4224.219953368917,8448439.906737834,True,True
2026-08-17,SH600123,buy,1117321.9215715267,1117321.9215715267,7.562649726867676,1.041687250137329,7.260000279230322,7.562649726867676,True,,4224.957162498087,8449914.324996173,True,True
2026-08-18,SH688503,sell,7295989.303024053,7295989.303024053,1.4590425491333008,0.015132156200706959,96.42000318930991,1.4478543996810913,True,,15967.738246700264,10645158.831133509,True,True
2026-08-18,SZ300870,sell,1534214.497130697,1534214.497130697,4.048805236816406,0.017011787742376328,237.99998554712982,4.065764904022217,True,,9317.603535573622,6211735.6903824145,True,True
2026-08-18,SH688006,buy,13448589.095479066,13448589.095479066,0.6255971789360046,0.0271998792886734,22.99999835648228,0.6212010383605957,True,,4206.699699400609,8413399.398801217,True,True
2026-08-18,SZ300672,buy,314660.5876009913,314660.5876009913,26.688440322875977,0.13411276042461395,199.00000744431622,26.285831451416016,True,,4198.9001570750725,8397800.314150145,True,True
2026-08-19,SZ300672,sell,314660.5876009913,314660.5876009913,23.872230529785156,0.13411365449428558,178.00000022221693,24.844388961791992,True,,11267.475128772783,7511650.085848521,True,True
2026-08-19,SZ301389,sell,2994601.9315694,2994601.9315694,3.034351348876953,0.051429685205221176,58.99999847887274,3.1881566047668457,True,,13630.011615610705,9086674.410407137,True,True
2026-08-19,SZ002832,buy,1996714.2493570715,1996714.2493570715,4.154998302459717,0.1595621407032013,26.04000099364645,4.2075371742248535,True,,4148.17215828788,8296344.31657576,True,True
2026-08-19,SH600017,buy,5444306.280478559,5444306.280478559,1.5240310430526733,0.5707981586456299,2.6699999289921355,1.5240310430526733,True,,4148.64588966798,8297291.779335959,True,True
2026-08-20,SH600577,sell,729545.82632704,729545.82632704,9.769999504089355,1.2258468866348267,7.969999851212892,9.708430290222168,True,,10691.49354213846,7127662.36142564,True,True
2026-08-20,SH688182,sell,5283815.686954933,5283815.686954933,1.498460292816162,0.05222935602068901,28.690001313104347,1.4656410217285156,True,,11876.38200219168,7917588.00146112,True,True
2026-08-20,SZ002181,buy,8714314.586088428,8714314.586088428,0.8660635352134705,0.10188982635736465,8.500000109685837,0.8488927483558655,True,,3773.5750486950274,7547150.097390055,True,True
2026-08-20,SZ300672,buy,339274.1735016986,339274.1735016986,22.197856903076172,0.13410982489585876,165.51999020439874,21.78542137145996,True,,3765.579777150071,7531159.554300142,True,True
2026-08-21,SZ002181,sell,8714314.586088428,8714314.586088428,0.845871090888977,0.10191217809915543,8.30000012428335,0.8497611880302429,True,,11056.780177926516,7371186.785284343,True,True
2026-08-21,SZ300672,sell,339274.1735016986,339274.1735016986,21.813501358032227,0.1341131329536438,162.6500021110689,21.93366050720215,True,,11101.136466636844,7400757.644424563,True,True
2026-08-21,SZ301005,buy,1801307.065232845,1801307.065232845,4.098433017730713,0.05751379206776619,71.26000339017281,4.1365180015563965,True,,3691.268175610952,7382536.351221903,True,True
2026-08-21,SH603992,buy,6234614.005916454,6234614.005916454,1.1847865581512451,0.05698829144239426,20.789999632623985,1.1774358749389648,True,,3693.343434735651,7386686.869471302,True,True
2026-08-24,SH688006,sell,13448589.095479064,13448589.095479064,0.616927444934845,0.02720138616859913,22.680000243774955,0.6168070435523987,True,,12445.205562978776,8296803.708652517,True,True
2026-08-24,SH688700,sell,2821648.355330646,2821648.355330646,2.7556638717651367,0.04780818521976471,57.64000158336692,2.746673107147217,True,,11663.271647415268,7775514.431610178,True,True
2026-08-24,SH688717,buy,11443510.07858928,11443510.07858928,0.6982865929603577,0.01173590961843729,59.49999750026525,0.7018082737922668,True,,3995.4248321428113,7990849.664285623,True,True
2026-08-24,SZ002531,buy,3976146.2947208495,3976146.2947208495,2.009752035140991,0.3278551399707794,6.130000082719805,2.0161991119384766,True,,3995.5340539167696,7991068.107833539,True,True
2026-08-25,SH688800,sell,4242649.368360447,4242649.368360447,1.730278491973877,0.027222758159041405,63.55999938967262,1.7477487325668335,True,,11011.447426590952,7340964.951060635,True,True
2026-08-25,SZ300576,sell,605459.7899659697,605459.7899659697,11.416298866271973,0.38778188824653625,29.440000196744478,11.59140682220459,True,,10368.16487064265,6912109.913761767,True,True
2026-08-25,SZ002015,buy,1171073.0087761914,1171073.0087761914,6.110869884490967,0.3855438530445099,15.849999516878524,6.002486228942871,True,,3578.137390935327,7156274.781870654,True,True
2026-08-25,SZ002906,buy,4335035.763791228,4335035.763791228,1.65038001537323,0.055270593613386154,29.860001629754876,1.56062912940979,True,,3577.228195244634,7154456.390489268,True,True
2026-08-26,SH688150,sell,3765881.5584146692,3765881.5584146692,2.100318670272827,0.05441239848732948,38.600001629443135,2.059473752975464,True,,11864.32702076169,7909551.34717446,True,True
2026-08-26,SZ301489,sell,2460949.2009141557,2460949.2009141557,3.3821961879730225,0.02815915457904339,120.11000466932062,3.322594404220581,True,,12485.11950919067,8323413.0061271135,True,True
2026-08-26,SZ300342,buy,899904.4365534573,899904.4365534573,8.948445320129395,0.28025197982788086,31.929998587789314,8.940326690673828,True,,4026.3728219202326,8052745.643840465,True,True
2026-08-26,SZ300762,buy,1635474.0325189014,1635474.0325189014,4.923737049102783,0.17597344517707825,27.980000301455334,4.874573230743408,True,,4026.322043379422,8052644.086758845,True,True
2026-08-27,SH600869,sell,801380.8678430157,801380.8678430157,9.475143432617188,0.5560529828071594,17.04000108907462,9.630667686462402,True,,11389.79800045172,7593198.666967813,True,True
2026-08-27,SZ002015,sell,1171073.0087761914,1171073.0087761914,6.342144012451172,0.3855406641960144,16.450000224170218,6.607831001281738,True,,11140.67050612965,7427113.670753101,True,True
2026-08-27,SZ301511,buy,2860608.603883464,2860608.603883464,2.630204200744629,0.032056115567684174,82.04999745496745,2.575958013534546,True,,3761.9923833102575,7523984.766620515,True,True
2026-08-27,SH605376,buy,811320.1822653055,811320.1822653055,9.269070625305176,0.06212097406387329,149.2100013720751,9.104575157165527,True,,3760.092034576293,7520184.069152585,True,True
2026-08-28,SH600017,sell,5444306.280478559,5444306.280478559,1.6673095226287842,0.5709964036941528,2.92000004175483,1.6682170629501343,True,,13616.015558324398,9077343.705549598,True,True
2026-08-28,SH688798,sell,18567715.659635793,18567715.659635793,0.3324529528617859,0.005450048018246889,61.000004357525945,0.33753833174705505,True,,9259.337848415913,6172891.898943942,True,True
2026-08-28,SZ000552,buy,3805335.212218784,3805335.212218784,1.9992713928222656,0.7487908005714417,2.6699999402991015,1.9843462705612183,True,,3803.94891494413,7607897.82988826,True,True
2026-08-28,SH600022,buy,6018256.1004404845,6018256.1004404845,1.2641509771347046,0.9433962106704712,1.3400000581264506,1.2735849618911743,True,,3803.992165009368,7607984.3300187355,True,True
2026-08-31,SH603306,sell,780852.3539360914,780852.3539360914,9.84757137298584,0.12972693145275116,75.91000004939221,9.997126579284668,True,,11534.24893072449,7689499.28714966,True,True
2026-08-31,SZ301511,sell,2860608.603883464,2860608.603883464,2.8528456687927246,0.03205444663763046,88.99999744321319,2.90100359916687,True,,12241.312298550214,8160874.865700142,True,True
2026-08-31,SH600033,buy,2145515.6244091787,2145515.6244091787,3.67950701713562,1.0220853090286255,3.5999999066932764,3.6700565814971924,True,,3947.219897693842,7894439.795387684,True,True
2026-08-31,SH600056,buy,1000155.2751406188,1000155.2751406188,7.893106460571289,0.8514677882194519,9.270000074902388,7.901648998260498,True,,3947.166031893437,7894332.063786874,True,True
2026-09-01,SH600226,sell,744120.5030510274,744120.5030510274,8.562979698181152,1.378901720046997,6.210000012103329,8.604819297790527,True,,9557.833140939441,6371888.760626294,True,True
2026-09-01,SH600428,sell,1028329.9245095674,1028329.9245095674,6.945178031921387,0.6023571491241455,11.530000170198011,6.921311378479004,True,,10712.901601906839,7141934.401271226,True,True
2026-09-01,SH688390,buy,5030591.341122908,5030591.341122908,1.3515310287475586,0.020792784169316292,65.00000277702107,1.3428148031234741,True,,3399.500145238202,6799000.290476404,True,True
2026-09-01,SH600305,buy,1521651.165712,1521651.165712,4.46882963180542,0.6571808457374573,6.799999818605046,4.468593120574951,True,,3399.999909302523,6799999.818605046,True,True
2026-09-02,SH600726,sell,4503720.561530002,4503720.561530002,1.284289002418518,0.23224031925201416,5.530000159123445,1.2885732650756836,True,,8676.118180708701,5784078.7871391345,True,True
2026-09-02,SZ002906,sell,4335035.763791228,4335035.763791228,1.502480387687683,0.055278897285461426,27.179999266787863,1.5088787078857422,True,,9769.959322531522,6513306.215021015,True,True
2026-09-02,SH688503,buy,6020182.398271821,6020182.398271821,1.0244656801223755,0.015132431872189045,67.70000280028864,1.0554697513580322,True,,3083.735127553148,6167470.255106295,True,True
2026-09-02,SH600064,buy,966894.004062788,966894.004062788,6.381347179412842,0.8255299925804138,7.73000040793944,6.381491661071777,True,,3085.0431628086308,6170086.325617261,True,True
2026-09-03,SH600114,sell,495955.82271758665,495955.82271758665,14.349395751953125,0.477041095495224,30.079999160359105,14.354195594787598,True,,10674.999563490233,7116666.375660155,True,True
2026-09-03,SZ000552,sell,3805335.212218784,3805335.212218784,1.9694234132766724,0.7488301992416382,2.629999985672538,1.9539594650268555,True,,11241.474393464741,7494316.262309828,True,True
2026-09-03,SZ300772,buy,3892436.718999393,3892436.718999393,1.85916006565094,0.19969496130943298,9.309999879116223,1.850905179977417,True,,3618.3314530185203,7236662.90603704,True,True
2026-09-03,SH603927,buy,5373954.031551171,5373954.031551171,1.3465983867645264,0.0946974977850914,14.219999664833031,1.3403433561325073,True,,3618.278914716765,7236557.82943353,True,True
2026-09-04,SH603063,sell,3718684.5776774506,3718684.5776774506,1.8093456029891968,0.054074883460998535,33.46000004409045,1.7884615659713745,True,,10092.57838428665,6728385.589524433,True,True
2026-09-04,SH603992,sell,6234614.005916454,6234614.005916454,1.2094082832336426,0.056993793696165085,21.219999666648256,1.2015384435653687,True,,11310.290732279762,7540193.821519841,True,True
2026-09-04,SH688548,buy,3038185.4169081533,3038185.4169081533,2.345313787460327,0.07771085947751999,30.180000623191845,2.330798387527466,True,,3562.749073567797,7125498.147135594,True,True
2026-09-04,SH600273,buy,3324547.084174855,3324547.084174855,2.143364429473877,0.3170657455921173,6.759999966162109,2.1335227489471436,True,,3562.85798216574,7125715.96433148,True,True
2026-09-07,SH600056,sell,1000155.2751406188,1000155.2751406188,7.71405029296875,0.8514404296875,9.06,7.714369773864746,True,,11572.872139819097,7715248.093212731,True,True
2026-09-07,SZ002832,sell,1996714.2493570715,1996714.2493570715,4.252265930175781,0.1595596820116043,26.650002535518507,4.244426727294922,True,,12735.839962256377,8490559.974837584,True,True
2026-09-07,SZ002484,buy,653065.335185124,653065.335185124,12.310192108154297,0.2079424411058426,59.199998050847235,11.711129188537598,True,,4019.679867652527,8039359.735305053,True,True
2026-09-07,SH688652,buy,3459973.4119911194,3459973.4119911194,2.3220431804656982,0.018005918711423874,128.95999463734532,2.2880961894989014,True,,4017.1038329533067,8034207.665906613,True,True
2026-09-08,SZ002531,sell,3976146.2947208495,3976146.2947208495,2.0589535236358643,0.3278588354587555,6.280000112715827,2.065586805343628,True,,12280.050636010768,8186700.424007178,True,True
2026-09-08,SZ300762,sell,1635474.0325189014,1635474.0325189014,4.878199577331543,0.17598122358322144,27.72000033869889,4.892491340637207,True,,11967.253101255628,7978168.734170419,True,True
2026-09-08,SH600258,buy,5402531.306131843,5402531.306131843,1.493276834487915,0.1239233911037445,12.049999771534607,1.4932714700698853,True,,4033.7374235212096,8067474.847042419,True,True
2026-09-08,SH600328,buy,4551715.04669663,4551715.04669663,1.7723026275634766,0.2795429825782776,6.340000422179071,1.7720144987106323,True,,4033.5082685903253,8067016.53718065,True,True
2026-09-09,SZ300342,sell,899904.4365534573,899904.4365534573,9.11920166015625,0.28024590015411377,32.54000024671686,9.096734046936035,True,,12309.615047700394,8206410.031800263,True,True
2026-09-09,SZ301005,sell,1801307.065232845,1801307.065232845,3.737342357635498,0.05751527100801468,64.98000082647101,3.7373342514038086,True,,10098.1517910042,6732101.194002801,True,True
2026-09-09,SH688549,buy,4981972.586666412,4981972.586666412,1.5023585557937622,0.06850700080394745,21.930000411099513,1.5003422498703003,True,,3742.354570154132,7484709.140308264,True,True
2026-09-09,SH600037,buy,5225774.305863987,5225774.305863987,1.4322782754898071,0.19975987076759338,7.170000010443352,1.4404218196868896,True,,3742.3815054509078,7484763.010901815,True,True
2026-09-10,SH601126,sell,1315114.9853255507,1315114.9853255507,4.384210586547852,0.10318218171596527,42.48999695137758,4.4513020515441895,True,,8648.611561788002,5765741.041192002,True,True
2026-09-10,SH688503,sell,6020182.398271821,6020182.398271821,1.1273475885391235,0.015132183209061623,74.49999599952191,1.117923617362976,True,,10180.257163886123,6786838.109257415,True,True
2026-09-10,SH600158,buy,1898236.765525416,1898236.765525416,3.3314499855041504,0.45573872327804565,7.309999820821977,3.345163583755493,True,,3161.940422496546,6323880.844993092,True,True
2026-09-10,SH600167,buy,1740855.9866947464,1740855.9866947464,3.632889747619629,0.6188909411430359,5.869999875761646,3.6508796215057373,True,,3162.168933072799,6324337.866145598,True,True
2026-09-11,SH605376,sell,811320.1822653055,811320.1822653055,8.138075828552246,0.06212271749973297,130.99999736146808,8.29471206665039,True,,9903.877746764829,6602585.164509886,True,True
2026-09-11,SZ300772,sell,3892436.718999393,3892436.718999393,1.8268135786056519,0.19965176284313202,9.149999742506626,1.841320514678955,True,,10666.134378196984,7110756.252131323,True,True
2026-09-11,SZ300855,buy,1419878.0997472038,1419878.0997472038,4.7999725341796875,0.13437773287296295,35.71999937457979,4.834765434265137,True,,3407.6879403349126,6815375.880669825,True,True
2026-09-11,SH600323,buy,720415.3689924498,720415.3689924498,9.460354804992676,0.3144019544124603,30.089999989573045,9.407073020935059,True,,3407.692498819147,6815384.9976382945,True,True
2026-09-14,SH600123,sell,1117321.9215715267,1117321.9215715267,7.32335090637207,1.0417283773422241,7.030000397086461,7.3750996589660645,True,,12273.810760575334,8182540.507050223,True,True
2026-09-14,SH688549,sell,4981972.586666412,4981972.586666412,1.5057584047317505,0.06850583851337433,21.980001083232967,1.5126625299453735,True,,11252.470641774193,7501647.094516128,True,True
2026-09-14,SH688372,buy,4771471.528634737,4771471.528634737,1.6292860507965088,0.015466926619410515,105.3400000457625,1.667741298675537,True,,3887.046001688636,7774092.003377272,True,True
2026-09-14,SZ002965,buy,5833986.640726797,5833986.640726797,1.332964301109314,0.04857741668820381,27.439999736194316,1.3386871814727783,True,,3888.2479626187346,7776495.925237469,True,True
2026-09-15,SH600022,sell,6018256.1004404845,6018256.1004404845,1.2452830076217651,0.9433962106704712,1.320000010108948,1.2452830076217651,True,,11241.648086091844,7494432.057394562,True,True
2026-09-15,SH600328,sell,4551715.04669663,4551715.04669663,1.6659539937973022,0.27952247858047485,5.9600000767654615,1.6658624410629272,True,,11374.421791007288,7582947.860671525,True,True
2026-09-15,SH688141,buy,3607614.024997302,3607614.024997302,2.0890815258026123,0.019708316773176193,105.99999735370277,2.0750887393951416,True,,3768.299905924134,7536599.811848267,True,True
2026-09-15,SZ300438,buy,684297.6297082405,684297.6297082405,11.013687133789062,0.21511107683181763,51.2,11.028958320617676,True,,3768.3200000000006,7536640.000000001,True,True
2026-09-16,SH600273,sell,3324547.084174855,3324547.084174855,2.0757246017456055,0.3169045150279999,6.550000089339864,2.076704502105713,True,,10351.266258425048,6900844.172283365,True,True
2026-09-16,SH688390,sell,5030591.341122908,5030591.341122908,1.210520625114441,0.020792176946997643,58.220004004402156,1.210518479347229,True,,9134.451862427093,6089634.574951395,True,True
2026-09-16,SZ300357,buy,1785619.335053618,1785619.335053618,3.6599597930908203,0.19416232407093048,18.84999991941681,3.6737563610076904,True,,3267.647486030904,6535294.972061808,True,True
2026-09-16,SH600461,buy,1231272.2392055232,1231272.2392055232,5.308675289154053,0.5827305912971497,9.10999931775852,5.296830177307129,True,,3268.2122552458695,6536424.510491739,True,True
2026-09-17,SH688652,sell,3459973.4119911194,3459973.4119911194,2.4848132133483887,0.018005892634391785,138.00000165514274,2.4845821857452393,True,,12896.081477924463,8597387.651949642,True,True
2026-09-17,SZ002484,sell,653065.335185124,653065.335185124,12.507668495178223,0.20794129371643066,60.14999845213485,12.534806251525879,True,,12252.487077281972,8168324.718187981,True,True
2026-09-17,SZ300049,buy,1633259.3332446,1633259.3332446,5.066322326660156,0.10641298443078995,47.610001295990784,5.087806224822998,True,,4137.309112621599,8274618.225243198,True,True
2026-09-17,SH600116,buy,2318391.2493553683,2318391.2493553683,3.569866180419922,0.5702661275863647,6.2600003888172,3.575986623764038,True,,4138.17325702761,8276346.5140552195,True,True
2026-09-18,SH600258,sell,5402531.306131843,5402531.306131843,1.3928653001785278,0.12392039597034454,11.240000399222863,1.3930394649505615,True,,11287.497584158835,7524998.389439223,True,True
2026-09-18,SZ002965,sell,5833986.640726797,5833986.640726797,1.333388090133667,0.048575159162282944,27.449999405642714,1.373603343963623,True,,11668.45245711605,7778968.304744032,True,True
2026-09-18,SH600639,buy,3017381.0143800494,3017381.0143800494,2.5416576862335205,0.27010178565979004,9.409999567477485,2.5443127155303955,True,,3834.574823747075,7669149.647494149,True,True
2026-09-18,SH600662,buy,3056638.841902992,3056638.841902992,2.509030342102051,0.5973882079124451,4.19999978049413,2.503035545349121,True,,3834.5997995911403,7669199.599182281,True,True
2026-09-21,SH600639,sell,3017381.0143800494,3017381.0143800494,2.6388297080993652,0.27009516954421997,9.769999635877738,2.6605024337768555,True,,11943.531992101609,7962354.6614010725,True,True
2026-09-21,SH688548,sell,3038185.4169081533,3038185.4169081533,2.6097185611724854,0.07769332081079483,33.58999890772962,2.5566539764404297,True,,11893.21331218316,7928808.874788773,True,True
2026-09-21,SH600006,buy,1984142.2044653334,1984142.2044653334,3.9901983737945557,0.7571533918380737,5.269999998425559,3.9899799823760986,True,,3958.560498817359,7917120.997634718,True,True
2026-09-21,SH600529,buy,986277.191252736,986277.191252736,8.026436805725098,0.4352731704711914,18.439998948330146,8.022321701049805,True,,3958.145774259066,7916291.5485181315,True,True
2026-09-22,SH688372,sell,4771471.528634737,4771471.528634737,1.8405555486679077,0.015466853976249695,118.99999518287261,1.8125560283660889,True,,13173.237596009412,8782158.397339609,True,True
2026-09-22,SZ300049,sell,1633259.3332446,1633259.3332446,5.192104816436768,0.10641740262508392,48.78999757895729,5.245332717895508,True,,12720.080475944387,8480053.650629591,True,True
2026-09-22,SH600179,buy,5343847.350159777,5343847.350159777,1.6055313348770142,0.35055267810821533,4.580000197235372,1.6055313348770142,True,,4289.857184740511,8579714.369481022,True,True
2026-09-22,SH600335,buy,5130956.993246411,5130956.993246411,1.6721665859222412,0.3197259306907654,5.229999901195184,1.672140121459961,True,,4289.907418955349,8579814.837910699,True,True
2026-09-23,SH688141,sell,3607614.024997302,3607614.024997302,2.2952306270599365,0.019708316773176193,116.46000282397719,2.2952306270599365,True,,12420.459301177167,8280306.200784778,True,True
2026-09-23,SZ300357,sell,1785619.335053618,1785619.335053618,3.9028666019439697,0.1941724717617035,20.099999585593828,3.9200685024261475,True,,10453.551099849248,6969034.066566166,True,True
2026-09-23,SH600248,buy,12726488.431284914,12726488.431284914,0.6016871333122253,0.21038010716438293,2.860000127493471,0.6016377806663513,True,,3828.6821706755095,7657364.341351019,True,True
2026-09-23,SH600643,buy,5754080.765104065,5754080.765104065,1.330767035484314,0.3237875998020172,4.1100000009204285,1.3309077024459839,True,,3828.6705008574245,7657341.001714849,True,True
2026-09-24,SH600116,sell,2318391.2493553683,2318391.2493553683,3.455744504928589,0.5702548623085022,6.060000068985059,3.4676742553710938,True,,12017.65173035151,8011767.82023434,True,True
2026-09-24,SZ300438,sell,684297.6297082405,684297.6297082405,10.84803581237793,0.21511076390743256,50.42999994666053,10.848201751708984,True,,11134.927790100486,7423285.193400324,True,True
2026-09-24,SH688306,buy,5394797.146563251,5394797.146563251,1.427276849746704,0.14549203217029572,9.810000097298133,1.4418604373931885,True,,3849.9345381846524,7699869.076369304,True,True
2026-09-24,SZ002960,buy,5351915.7945544645,5351915.7945544645,1.4387086629867554,0.16201674938201904,8.879999558529757,1.4481377601623535,True,,3849.923808600576,7699847.617201152,True,True
2026-09-28,SH600006,sell,1984142.2044653334,1984142.2044653334,4.127070426940918,0.7572606801986694,5.449999630058924,4.156312465667725,True,,12283.041922341356,8188694.614894237,True,True
2026-09-28,SZ300855,sell,1419878.0997472038,1419878.0997472038,4.618387222290039,0.13437262177467346,34.3700015769173,4.618638515472412,True,,9836.32030962292,6557546.873081948,True,True
2026-09-28,SZ300685,buy,1342185.440117961,1342185.440117961,5.494773864746094,0.25980016589164734,21.150001370814184,5.406312465667725,True,,3687.502739001453,7375005.478002906,True,True
2026-09-28,SH601107,buy,8351600.175882944,8351600.175882944,0.8831207752227783,0.1469419002532959,6.009999691718088,0.884403645992279,True,,3687.7358108382186,7375471.621676438,True,True
2026-09-29,SH600033,sell,2145515.6244091787,2145515.6244091787,3.6494522094726562,1.022255539894104,3.56999993353003,3.6700565814971924,True,,11744.935103937276,7829956.735958183,True,True
2026-09-29,SZ002960,sell,5351915.7945544645,5351915.7945544645,1.368842601776123,0.16199320554733276,8.450000091986334,1.3672406673431396,True,,10988.89551105699,7325930.34070466,True,True
2026-09-29,SH603883,buy,4882323.559631247,4882323.559631247,1.5471597909927368,0.11947180330753326,12.949999482389842,1.5543800592422485,True,,3776.867349038998,7553734.698077995,True,True
2026-09-29,SH601333,buy,10554621.034012625,10554621.034012625,0.7156704068183899,0.2346460372209549,3.049999971422818,0.7172859311103821,True,,3776.8149646128754,7553629.92922575,True,True
2026-09-30,SH600037,sell,5225774.305863987,5225774.305863987,1.4202927350997925,0.19975987076759338,7.1100002700352345,1.4105448722839355,True,,11133.193922834673,7422129.281889781,True,True
2026-09-30,SH600179,sell,5343847.350159777,5343847.350159777,1.527521014213562,0.3503488302230835,4.360000326648494,1.5240174531936646,True,,12244.258686177778,8162839.124118519,True,True
2026-09-30,SH688146,buy,1908626.5536434057,1908626.5536434057,4.066174507141113,0.020747903734445572,195.98001606256105,4.0095744132995605,True,,3880.4043180387084,7760808.636077417,True,True
2026-09-30,SH688668,buy,1095255.899527073,1095255.899527073,7.078893184661865,0.03323424234986305,212.99998688524443,6.985743045806885,True,,3876.5997613114487,7753199.522622897,True,True
